Big Bear,$59 mw! ROMANTIC CABIN w OPENBEAM FIREPLACE GARAGE,Cabaña entera,"$1,087",John,227 evaluaciones,4.5,"['4 huéspedes', '1 recámara', '2 camas', '1 baño', '\U000f0004\n393 evaluaciones', '\U000f0019\nVerificado']",https://www.airbnb.mx/rooms/225376?location=Big%20Bear&previous_page_section_name=1000
Big Bear,Serenity in the Tree Tops,Cabaña entera,$858,Jim & Laura,,5,"['3 huéspedes', 'estudio', '2 camas', '1 baño', '\U000f0004\n238 evaluaciones', '\U000f0019\nVerificado']",https://www.airbnb.mx/rooms/11820466?location=Big%20Bear&previous_page_section_name=1000
Big Bear,Cozy Cabin in the Woods,Cabaña entera,$934,Branden,,5,"['4 huéspedes', '1 recámara', '2 camas', '1 baño', '\U000f0004\n120 evaluaciones', '\U000f0019\nVerificado']",https://www.airbnb.mx/rooms/20818624?location=Big%20Bear&previous_page_section_name=1000
Big Bear,Cozy Big Bear Cabin,Cabaña entera,"$1,239",Nanci,209 evaluaciones,5,"['4 huéspedes', '2 recámaras', '2 camas', '1 baño', '\U000f0004\n209 evaluaciones', '\U000f0019\nVerificado']",https://www.airbnb.mx/rooms/2719916?location=Big%20Bear&previous_page_section_name=1000
Big Bear,"Walk to farmers market, trails and lake!!",Cabaña entera,"$1,315",Meg,295 evaluaciones,5,"['8 huéspedes', '2 recámaras', '3 camas', '1 baño', '\U000f0004\n295 evaluaciones', '\U000f1101\n1 Recomendación', '\U000f0019\nVerificado']",https://www.airbnb.mx/rooms/8672977?location=Big%20Bear&previous_page_section_name=1000
Big Bear,"Stay 7-11!Hot tub,WiFi,grill,pets are welcome!",Cabaña entera,"$1,906",Richard And Alex,273 evaluaciones,5,"['6 huéspedes', '2 recámaras', '3 camas', '1 baño', '\U000f0004\n273 evaluaciones', '\U000f0019\nVerificado']",https://www.airbnb.mx/rooms/3344360?location=Big%20Bear&previous_page_section_name=1000
Big Bear,Super Fantastic Cabin In The Trees,Cabaña entera,$991,Samantha,78 evaluaciones,5,"['5 huéspedes', '2 recámaras', '3 camas', '1 baño', '\U000f0004\n78 evaluaciones', '\U000f0019\nVerificado']",https://www.airbnb.mx/rooms/26499839?location=Big%20Bear&previous_page_section_name=1000
Big Bear,"""88 Acres Lodge"" W/Hot Tub!",Cabaña entera,"$1,811",Matt,336 evaluaciones,5,"['4 huéspedes', '2 recámaras', '2 camas', '1 baño', '\U000f0004\n2237 evaluaciones', '\U000f1101\n1 Recomendación', '\U000f0019\nVerificado']",https://www.airbnb.mx/rooms/2302162?location=Big%20Bear&previous_page_section_name=1000
Big Bear,ONLY $69. mw! BIG BEAR TERRACE CABIN 2 bed 2 bath,Cabaña entera,"$1,277",John,96 evaluaciones,4.5,"['5 huéspedes', '2 recámaras', '3 camas', '2 baños', '\U000f0004\n393 evaluaciones', '\U000f0019\nVerificado']",https://www.airbnb.mx/rooms/17908371?location=Big%20Bear&previous_page_section_name=1000
Big Bear,Retro cabin with a view!,Cabaña entera,$934,Chelsea,146 evaluaciones,5,"['4 huéspedes', '1 recámara', '2 camas', '1 baño', '\U000f0004\n172 evaluaciones', '\U000f0019\nVerificado']",https://www.airbnb.mx/rooms/2571943?location=Big%20Bear&previous_page_section_name=1000
Big Bear,"Big Bear Treehouse - Forest Backyard, Mid-Century",Cabaña entera,"$2,860",Jake,236 evaluaciones,5,"['5 huéspedes', '2 recámaras', '4 camas', '1 baño', '\U000f0004\n239 evaluaciones', '\U000f1101\n3 Recomendaciones', '\U000f0019\nVerificado']",https://www.airbnb.mx/rooms/10382172?location=Big%20Bear&previous_page_section_name=1000
Big Bear,Big Bear Teepee,Cabaña entera,"$1,697",Rachael,157 evaluaciones,5,"['4 huéspedes', '2 recámaras', '4 camas', '1 baño', '\U000f0004\n214 evaluaciones', '\U000f0019\nVerificado']",https://www.airbnb.mx/rooms/19551192?location=Big%20Bear&previous_page_section_name=1000
Big Bear,The Lovenest: Romantic Hideaway,Cabaña entera,"$2,002",Rob,164 evaluaciones,4.5,"['4 huéspedes', '1 recámara', '3 camas', '1 baño', '\U000f0004\n164 evaluaciones', '\U000f0019\nVerificado']",https://www.airbnb.mx/rooms/3531430?location=Big%20Bear&previous_page_section_name=1000
Big Bear,Big Bear Cabin Nestled Among Tall Pine Trees,Casa de campo completa,"$1,010",Irene And Rich,200 evaluaciones,5,"['4 huéspedes', '2 recámaras', '2 camas', '1 baño', '\U000f0004\n200 evaluaciones', '\U000f0019\nVerificado']",https://www.airbnb.mx/rooms/5287062?location=Big%20Bear&previous_page_section_name=1000
Big Bear,"Cozy Big Bear Cabin, Minutes from the lake!",Cabaña entera,"$1,258",Justin & Forough,155 evaluaciones,5,"['6 huéspedes', '2 recámaras', '2 camas', '1 baño', '\U000f0004\n207 evaluaciones', '\U000f1101\n1 Recomendación', '\U000f0019\nVerificado']",https://www.airbnb.mx/rooms/22573442?location=Big%20Bear&previous_page_section_name=1000
Big Bear,Katie's Bear Haus,Cabaña entera,"$1,277",James,68 evaluaciones,5,"['7 huéspedes', '2 recámaras', '7 camas', '1 baño', '\U000f0004\n68 evaluaciones', '\U000f0019\nVerificado']",https://www.airbnb.mx/rooms/26261195?location=Big%20Bear&previous_page_section_name=1000
Big Bear,Mountain View,Cabaña entera,"$1,430",Ceasar David,172 evaluaciones,5,"['6 huéspedes', '2 recámaras', '4 camas', '1 baño', '\U000f0004\n172 evaluaciones', '\U000f0019\nVerificado']",https://www.airbnb.mx/rooms/22248114?location=Big%20Bear&previous_page_section_name=1000
Big Bear,Robinhood Retreat 2,Cabaña entera,"$1,106",Matt,94 evaluaciones,5,"['4 huéspedes', '1 recámara', '2 camas', '1 baño', '\U000f0004\n2237 evaluaciones', '\U000f1101\n1 Recomendación', '\U000f0019\nVerificado']",https://www.airbnb.mx/rooms/21282206?location=Big%20Bear&previous_page_section_name=1000
