Purgatory Resort,Ski Condominium...ski in ski out,Condominio completo,"$1,383",Norm,117 evaluaciones,5,"['4 huéspedes', '1 recámara', '2 camas', '1 baño', '\U000f0004\n117 evaluaciones', '\U000f0019\nVerificado']",https://www.airbnb.mx/rooms/4445292?location=Purgatory%20Resort&previous_page_section_name=1000
Purgatory Resort,Slopeside Condo Purgatory Durango Mountain Resort,Condominio completo,"$1,344",David,43 evaluaciones,5,"['4 huéspedes', 'estudio', '2 camas', '1 baño', '\U000f0004\n43 evaluaciones', '\U000f0019\nVerificado']",https://www.airbnb.mx/rooms/23188788?location=Purgatory%20Resort&previous_page_section_name=1000
Purgatory Resort,Epic Purg Retreat - Summer Adventure & Hiking,Condominio completo,"$1,690",Kaysha,23 evaluaciones,5,"['4 huéspedes', 'estudio', '3 camas', '1 baño', '\U000f0004\n96 evaluaciones', '\U000f0019\nVerificado']",https://www.airbnb.mx/rooms/31103549?location=Purgatory%20Resort&previous_page_section_name=1000
Purgatory Resort,Explore the San Juan's!,Condominio completo,"$1,018",Lisa,44 evaluaciones,5,"['4 huéspedes', '1 recámara', '1 cama', '1 baño', '\U000f0004\n44 evaluaciones', '\U000f0019\nVerificado']",https://www.airbnb.mx/rooms/27581339?location=Purgatory%20Resort&previous_page_section_name=1000
Purgatory Resort,Mountain Getaway,Condominio completo,"$2,400",Nikolas,3 evaluaciones,5,"['4 huéspedes', '1 recámara', '3 camas', '1 baño', '\U000f0004\n3 evaluaciones', '\U000f0019\nVerificado']",https://www.airbnb.mx/rooms/36355584?location=Purgatory%20Resort&previous_page_section_name=1000
Purgatory Resort,Angelhaus Purgatory Newly Renovated Condo,Condominio completo,"$2,400",Laurie,21 evaluaciones,5,"['5 huéspedes', '1 recámara', '3 camas', '1 baño', '\U000f0004\n21 evaluaciones', '\U000f0019\nVerificado']",https://www.airbnb.mx/rooms/9401244?location=Purgatory%20Resort&previous_page_section_name=1000
Purgatory Resort,Mountain Ski Condo,Casa entera,"$1,440",Carla,63 evaluaciones,5,"['4 huéspedes', '1 recámara', '1 cama', '1 baño', '\U000f0004\n63 evaluaciones', '\U000f0019\nVerificado']",https://www.airbnb.mx/rooms/18121840?location=Purgatory%20Resort&previous_page_section_name=1000
Purgatory Resort,"House 25miles north of Durango, Co",Casa entera,"$3,053",Paul,186 evaluaciones,5,"['6 huéspedes', '2 recámaras', '3 camas', '1 baño completo y uno de tocador', '\U000f0004\n246 evaluaciones', '\U000f0019\nVerificado']",https://www.airbnb.mx/rooms/3308815?location=Purgatory%20Resort&previous_page_section_name=1000
Purgatory Resort,PRIVATE SLOPE-SIDE WITH BEST VIEWS ON THE MOUNTAIN,Alojamiento entero,"$1,901",Regina,8 evaluaciones,4.5,"['4 huéspedes', '1 recámara', '3 camas', '1 baño', '\U000f0004\n190 evaluaciones', '\U000f0019\nVerificado']",https://www.airbnb.mx/rooms/23749824?location=Purgatory%20Resort&previous_page_section_name=1000
Purgatory Resort,Magnificient Views from our Hot Tub & 4 Bed 4 Bath,Condominio completo,"$2,881",Rob Or Scott,16 evaluaciones,5,"['14 huéspedes', '4 recámaras', '10 camas', '4 baños', '\U000f0004\n344 evaluaciones', '\U000f0019\nVerificado']",https://www.airbnb.mx/rooms/28963889?location=Purgatory%20Resort&previous_page_section_name=1000
Purgatory Resort,Awesome Views - Heated Pool - Free Ski Shuttle - 4th Night Free,Departamento entero,"$2,592",Premier Vacation Rentals,3 evaluaciones,4.5,"['6 huéspedes', '3 recámaras', '3 camas', '2 baños', '\U000f0004\n457 evaluaciones']",https://www.airbnb.mx/rooms/16253077?location=Purgatory%20Resort&previous_page_section_name=1000
Purgatory Resort,Mountain Townhome - Great Views - Free Shuttle,Casa adosada completa,"$2,842",Premier Vacation Rentals,1 evaluación,,"['7 huéspedes', '3 recámaras', '5 camas', '3 baños', '\U000f0004\n457 evaluaciones']",https://www.airbnb.mx/rooms/16253014?location=Purgatory%20Resort&previous_page_section_name=1000
Purgatory Resort,Awesome Views - Heated Pool - Free Ski Shuttle - Big TV - Enclosed Loft,Departamento entero,"$2,996",Premier Vacation Rentals,3 evaluaciones,4.5,"['8 huéspedes', '3 recámaras', '5 camas', '3 baños', '\U000f0004\n457 evaluaciones']",https://www.airbnb.mx/rooms/15737342?location=Purgatory%20Resort&previous_page_section_name=1000
Purgatory Resort,Mountain Townhome - Great Views - Ping Pong Table - Professionally Decorated,Casa adosada completa,"$3,207",Premier Vacation Rentals,1 evaluación,,"['8 huéspedes', '3 recámaras', '5 camas', '3 baños', '\U000f0004\n457 evaluaciones']",https://www.airbnb.mx/rooms/16252865?location=Purgatory%20Resort&previous_page_section_name=1000
Purgatory Resort,Newly Furnished Condo - Heated Pool - Free Ski Shuttle - 4th Night Free,Departamento entero,"$2,400",Premier Vacation Rentals,4 evaluaciones,4,"['8 huéspedes', '2 recámaras', '4 camas', '2 baños', '\U000f0004\n457 evaluaciones']",https://www.airbnb.mx/rooms/21995252?location=Purgatory%20Resort&previous_page_section_name=1000
Purgatory Resort,"NEW LISTING! Ski-in/out condo w/shared pool & hot tub, mountain & resort views",Departamento entero,"$1,421",Vacasa Colorado,4 evaluaciones,3,"['4 huéspedes', 'estudio', '2 camas', '1 baño', '\U000f0004\n1238 evaluaciones']",https://www.airbnb.mx/rooms/28091644?location=Purgatory%20Resort&previous_page_section_name=1000
Purgatory Resort,Summertime Fun Condo for Families & Couples,Condominio completo,"$1,901",Rob Or Scott,21 evaluaciones,5,"['10 huéspedes', '3 recámaras', '7 camas', '3 baños', '\U000f0004\n344 evaluaciones', '\U000f0019\nVerificado']",https://www.airbnb.mx/rooms/28430937?location=Purgatory%20Resort&previous_page_section_name=1000
Purgatory Resort,Walk-to-lift condo w/ mountain view balcony & shared hot tub!,Condominio completo,"$2,036",Vacasa Colorado,4 evaluaciones,5,"['5 huéspedes', '1 recámara', '3 camas', '1 baño', '\U000f0004\n1238 evaluaciones']",https://www.airbnb.mx/rooms/34684365?location=Purgatory%20Resort&previous_page_section_name=1000
Purgatory Resort,The Hillside Hideaway,Condominio completo,"$1,344",Matt,106 evaluaciones,5,"['2 huéspedes', '1 recámara', '1 cama', '1 baño', '\U000f0004\n106 evaluaciones', '\U000f0019\nVerificado']",https://www.airbnb.mx/rooms/9150304?location=Purgatory%20Resort&previous_page_section_name=1000
Purgatory Resort,"Cozy 2 Bed/2 Bath Condo, Steps to the Slopes",Condominio completo,"$2,881",Barbara,14 evaluaciones,5,"['7 huéspedes', '2 recámaras', '4 camas', '2 baños', '\U000f0004\n14 evaluaciones', '\U000f0019\nVerificado']",https://www.airbnb.mx/rooms/27992770?location=Purgatory%20Resort&previous_page_section_name=1000
Purgatory Resort,Awesome Views - Newly Updated Carpet/Tile - Heated Pool - 4th Night Free,Departamento entero,"$2,919",Premier Vacation Rentals,5 evaluaciones,5,"['8 huéspedes', '3 recámaras', '5 camas', '3 baños', '\U000f0004\n457 evaluaciones']",https://www.airbnb.mx/rooms/16253097?location=Purgatory%20Resort&previous_page_section_name=1000
Purgatory Resort,Completely Remodeled Ski in/Ski Out condo - Amazing Views and Great Deck,Departamento entero,"$2,420",Premier Vacation Rentals,5 evaluaciones,4.5,"['4 huéspedes', '1 recámara', '2 camas', '2 baños', '\U000f0004\n457 evaluaciones']",https://www.airbnb.mx/rooms/21498574?location=Purgatory%20Resort&previous_page_section_name=1000
Purgatory Resort,New Luxury Condo Steps to Lifts - Amazing Views,Departamento entero,"$2,957",Premier Vacation Rentals,5 evaluaciones,4.5,"['7 huéspedes', '2 recámaras', '4 camas', '2 baños', '\U000f0004\n457 evaluaciones']",https://www.airbnb.mx/rooms/16253022?location=Purgatory%20Resort&previous_page_section_name=1000
Purgatory Resort,Ski/In-Ski/Out @ Purgatory Ski Area TVC H-2,Condominio completo,"$3,457",Chris,4 evaluaciones,5,"['4 huéspedes', '2 recámaras', '3 camas', '2 baños', '\U000f0004\n42 evaluaciones']",https://www.airbnb.mx/rooms/30017217?location=Purgatory%20Resort&previous_page_section_name=1000
Purgatory Resort,"Ski-in/out condo w/ shared pool, hot tubs, fitness room, private balcony, & view",Condominio completo,"$3,111",Vacasa Colorado,1 evaluación,,"['6 huéspedes', '1 recámara', '3 camas', '1 baño', '\U000f0004\n1238 evaluaciones']",https://www.airbnb.mx/rooms/36277594?location=Purgatory%20Resort&previous_page_section_name=1000
Purgatory Resort,"Updated, mountain condo w/ a balcony & shared hot tub - close to resort!",Condominio completo,"$3,226",Vacasa Colorado,1 evaluación,,"['6 huéspedes', '2 recámaras', '4 camas', '2 baños', '\U000f0004\n1238 evaluaciones']",https://www.airbnb.mx/rooms/35262364?location=Purgatory%20Resort&previous_page_section_name=1000
Purgatory Resort,Mountain Townhome - Great Views - Free on Demand Ski Shuttle,Casa adosada completa,"$3,533",Premier Vacation Rentals,1 evaluación,,"['8 huéspedes', '3 recámaras', '4 camas', '3 baños', '\U000f0004\n457 evaluaciones']",https://www.airbnb.mx/rooms/16252869?location=Purgatory%20Resort&previous_page_section_name=1000
Purgatory Resort,Luxury Home Across from Purgatory - Views -Hot Tub - Ping Pong - Free Shuttle,Casa entera,"$5,531",Premier Vacation Rentals,1 evaluación,,"['10 huéspedes', '3 recámaras', '5 camas', '4 baños', '\U000f0004\n457 evaluaciones']",https://www.airbnb.mx/rooms/16252949?location=Purgatory%20Resort&previous_page_section_name=1000
Purgatory Resort,Beautiful Spacious Home next to Purgatory Resort,Casa entera,"$6,702",Roxanne,10 evaluaciones,5,"['10 huéspedes', '5 recámaras', '5 camas', '3 baños completos y uno de tocador', '\U000f0004\n10 evaluaciones', '\U000f0019\nVerificado']",https://www.airbnb.mx/rooms/24939212?location=Purgatory%20Resort&previous_page_section_name=1000
Purgatory Resort,Ski/In-Ski/Out @ Purgatory Ski Area TVC A-3,Condominio completo,"$2,881",Chris,8 evaluaciones,5,"['6 huéspedes', '1 recámara', '1 cama', '2 baños', '\U000f0004\n42 evaluaciones']",https://www.airbnb.mx/rooms/29817708?location=Purgatory%20Resort&previous_page_section_name=1000
Purgatory Resort,Ski/In-Ski/Out @ Purgatory Ski Area TVC C-2,Condominio completo,"$3,457",Chris,5 evaluaciones,5,"['6 huéspedes', '2 recámaras', '4 camas', '2 baños', '\U000f0004\n42 evaluaciones']",https://www.airbnb.mx/rooms/29799739?location=Purgatory%20Resort&previous_page_section_name=1000
Purgatory Resort,Luxury Condo by Main Plaza - Walk to Slopes,Departamento entero,"$2,842",Premier Vacation Rentals,1 evaluación,,"['6 huéspedes', '3 recámaras', '4 camas', '2 baños', '\U000f0004\n457 evaluaciones']",https://www.airbnb.mx/rooms/22450198?location=Purgatory%20Resort&previous_page_section_name=1000
Purgatory Resort,Corner Cliff Cottage - 1 Mile from Purg Ski Resort,Condominio completo,"$3,073",Elizabeth,11 evaluaciones,5,"['4 huéspedes', '1 recámara', '1 cama', '1 baño', '\U000f0004\n11 evaluaciones', '\U000f0019\nVerificado']",https://www.airbnb.mx/rooms/31382516?location=Purgatory%20Resort&previous_page_section_name=1000
Purgatory Resort,New Luxury Condo Steps to Lifts - Amazing Views,Departamento entero,"$2,765",Premier Vacation Rentals,1 evaluación,,"['6 huéspedes', '2 recámaras', '4 camas', '2 baños', '\U000f0004\n457 evaluaciones']",https://www.airbnb.mx/rooms/16252911?location=Purgatory%20Resort&previous_page_section_name=1000
Purgatory Resort,YOUR OWN PRIVATE LODGE/SUMMER RETREAT -LARGE FAMILIES/GROUPS- BEST VIEWS ON THE MOUNTAIN,Alojamiento entero,"$5,665",Regina,13 evaluaciones,5,"['14 huéspedes', '3 recámaras', '10 camas', '3 baños', '\U000f0004\n190 evaluaciones', '\U000f0019\nVerificado']",https://www.airbnb.mx/rooms/23762983?location=Purgatory%20Resort&previous_page_section_name=1000
Purgatory Resort,Walk to lifts from this luxurious ski condo w/views - plus shared pool & hot tub,Condominio completo,"$2,708",Vacasa Colorado,1 evaluación,,"['4 huéspedes', '2 recámaras', '2 camas', '2 baños', '\U000f0004\n1444 evaluaciones']",https://www.airbnb.mx/rooms/16880718?location=Purgatory%20Resort&previous_page_section_name=1000
Purgatory Resort,Affordable Ski in/Ski Out Condo - Corner Unit,Departamento entero,"$2,688",Premier Vacation Rentals,1 evaluación,,"['8 huéspedes', '2 recámaras', '2 camas', '2 baños', '\U000f0004\n457 evaluaciones']",https://www.airbnb.mx/rooms/15737179?location=Purgatory%20Resort&previous_page_section_name=1000
Purgatory Resort,"3BR Purg TH, Slope Views, Smart TV, 2 fireplaces",Casa adosada completa,"$3,764",Hether,2 evaluaciones,,"['8 huéspedes', '3 recámaras', '5 camas', '2 baños completos y uno de tocador', '\U000f0004\n3 evaluaciones', '\U000f0019\nVerificado']",https://www.airbnb.mx/rooms/30883803?location=Purgatory%20Resort&previous_page_section_name=1000
Purgatory Resort,Awesome Views - Heated Pool - 4th Night Free - Free Ski Shuttle,Departamento entero,"$2,746",Premier Vacation Rentals,1 evaluación,,"['8 huéspedes', '3 recámaras', '3 camas', '2 baños', '\U000f0004\n457 evaluaciones']",https://www.airbnb.mx/rooms/16253016?location=Purgatory%20Resort&previous_page_section_name=1000
Purgatory Resort,Awesome Views - Heated Pool - Free Ski Shuttle - 4th Night Free,Departamento entero,"$3,188",Premier Vacation Rentals,1 evaluación,,"['8 huéspedes', '3 recámaras', '4 camas', '3 baños', '\U000f0004\n457 evaluaciones']",https://www.airbnb.mx/rooms/16253011?location=Purgatory%20Resort&previous_page_section_name=1000
Purgatory Resort,Affordable Remodeled Condo - Steps to the Lift,Condominio completo,"$2,669",Premier Vacation Rentals,,,"['6 huéspedes', '2 recámaras', '3 camas', '2 baños', '\U000f0004\n457 evaluaciones']",https://www.airbnb.mx/rooms/26987942?location=Purgatory%20Resort&previous_page_section_name=1000
Purgatory Resort,Largest Black Bear Townhome - Ping Pong Table - on Demand Ski Shuttle,Casa adosada completa,"$3,668",Premier Vacation Rentals,2 evaluaciones,,"['8 huéspedes', '3 recámaras', '4 camas', '3 baños', '\U000f0004\n457 evaluaciones']",https://www.airbnb.mx/rooms/16252857?location=Purgatory%20Resort&previous_page_section_name=1000
Purgatory Resort,Luxury Condo - Steps to Lifts - Awesome Views,Departamento entero,"$2,688",Premier Vacation Rentals,1 evaluación,,"['6 huéspedes', '2 recámaras', '3 camas', '2 baños', '\U000f0004\n457 evaluaciones']",https://www.airbnb.mx/rooms/16252920?location=Purgatory%20Resort&previous_page_section_name=1000
Purgatory Resort,Professionally Decorated Luxury Townhome - Views - Ski in/Out - Ping Pong,Casa adosada completa,"$5,262",Premier Vacation Rentals,3 evaluaciones,5,"['12 huéspedes', '4 recámaras', '7 camas', '5 baños', '\U000f0004\n457 evaluaciones']",https://www.airbnb.mx/rooms/16252833?location=Purgatory%20Resort&previous_page_section_name=1000
Purgatory Resort,Beautiful Views Upgraded Townhome-Durango Mountain,Condominio completo,"$3,553",Larry & Veronica,7 evaluaciones,5,"['6 huéspedes', '2 recámaras', '4 camas', '2 baños', '\U000f0004\n7 evaluaciones', '\U000f0019\nVerificado']",https://www.airbnb.mx/rooms/13899274?location=Purgatory%20Resort&previous_page_section_name=1000
Purgatory Resort,Blackbear 46 * End Unit * 2100 ft of Luxury!,Casa adosada completa,"$4,494",Durango Colorado,2 evaluaciones,,"['8 huéspedes', '3 recámaras', '4 camas', '3 baños', '\U000f0004\n64 evaluaciones']",https://www.airbnb.mx/rooms/22550645?location=Purgatory%20Resort&previous_page_section_name=1000
Purgatory Resort,Beautiful Mountain Townhome B110,Casa adosada completa,"$5,185",Vacation Accommodations,6 evaluaciones,4,"['6 huéspedes', '3 recámaras', '4 camas', '2 baños completos y uno de tocador', '\U000f0004\n234 evaluaciones', '\U000f0019\nVerificado']",https://www.airbnb.mx/rooms/16349609?location=Purgatory%20Resort&previous_page_section_name=1000
Purgatory Resort,Luxury Ski In/Out Townhome on Creek - Views - Ski in/Out - Game Room,Casa adosada completa,"$5,262",Premier Vacation Rentals,1 evaluación,,"['10 huéspedes', '4 recámaras', '4 camas', '4 baños', '\U000f0004\n457 evaluaciones']",https://www.airbnb.mx/rooms/20859020?location=Purgatory%20Resort&previous_page_section_name=1000
Purgatory Resort,Luxury Townhome - Great Views/Fire Pit/BBQ - 4th Night Free - Heated Pool,Casa adosada completa,"$3,860",Premier Vacation Rentals,2 evaluaciones,,"['10 huéspedes', '3 recámaras', '5 camas', '3 baños', '\U000f0004\n457 evaluaciones']",https://www.airbnb.mx/rooms/16252830?location=Purgatory%20Resort&previous_page_section_name=1000
Purgatory Resort,Slopeside Studio-Great Value!,Condominio completo,"$1,536",Rick,30 evaluaciones,5,"['4 huéspedes', 'estudio', '1 cama', '1 baño', '\U000f0004\n50 evaluaciones', '\U000f0019\nVerificado']",https://www.airbnb.mx/rooms/16992411?location=Purgatory%20Resort&previous_page_section_name=1000
Purgatory Resort,Ski in/Ski Out - Great Views - Deck - Affordable,Departamento entero,"$1,440",Premier Vacation Rentals,6 evaluaciones,5,"['4 huéspedes', 'estudio', '2 camas', '1 baño', '\U000f0004\n457 evaluaciones']",https://www.airbnb.mx/rooms/16253089?location=Purgatory%20Resort&previous_page_section_name=1000
Purgatory Resort,Purgatory Lodge - Ski In/Out,Condominio completo,"$4,206",Terry,4 evaluaciones,5,"['8 huéspedes', '3 recámaras', '4 camas', '3 baños', '\U000f0004\n55 evaluaciones', '\U000f0019\nVerificado']",https://www.airbnb.mx/rooms/30371319?location=Purgatory%20Resort&previous_page_section_name=1000
Purgatory Resort,SLOPESIDE 2 BEDROOM-2 BATH Great value,Condominio completo,"$2,400",Rick,20 evaluaciones,5,"['6 huéspedes', '2 recámaras', '4 camas', '2 baños', '\U000f0004\n50 evaluaciones', '\U000f0019\nVerificado']",https://www.airbnb.mx/rooms/10624630?location=Purgatory%20Resort&previous_page_section_name=1000
Purgatory Resort,Ski/In-Ski/Out @ Purgatory Ski Area TVC E-2,Condominio completo,"$2,977",Chris,4 evaluaciones,5,"['6 huéspedes', '2 recámaras', '5 camas', '2 baños', '\U000f0004\n42 evaluaciones']",https://www.airbnb.mx/rooms/29801863?location=Purgatory%20Resort&previous_page_section_name=1000
Purgatory Resort,Spectacular Mountain Condo With Views!,Condominio completo,"$1,901",Krista,15 evaluaciones,5,"['4 huéspedes', '1 recámara', '2 camas', '1 baño', '\U000f0004\n15 evaluaciones', '\U000f0019\nVerificado']",https://www.airbnb.mx/rooms/1696464?location=Purgatory%20Resort&previous_page_section_name=1000
Purgatory Resort,Ski/In-Ski/Out @ Purgatory Ski Area TVC A-4,Condominio completo,"$2,881",Chris,1 evaluación,,"['4 huéspedes', '1 recámara', '2 camas', '2 baños', '\U000f0004\n42 evaluaciones']",https://www.airbnb.mx/rooms/29820543?location=Purgatory%20Resort&previous_page_section_name=1000
Purgatory Resort,NEW LISTING! Serene retreat w/mountain view & shared hot tub - near Purgatory,Condominio completo,"$2,016",Vacasa Colorado,,,"['4 huéspedes', '2 recámaras', '3 camas', '2 baños', '\U000f0004\n564 evaluaciones']",https://www.airbnb.mx/rooms/28605448?location=Purgatory%20Resort&previous_page_section_name=1000
Purgatory Resort,New Luxury Condo Steps to Lifts,Departamento entero,"$2,669",Premier Vacation Rentals,5 evaluaciones,4.5,"['7 huéspedes', '2 recámaras', '3 camas', '2 baños', '\U000f0004\n457 evaluaciones']",https://www.airbnb.mx/rooms/16253065?location=Purgatory%20Resort&previous_page_section_name=1000
Purgatory Resort,Remodeled Condo - Heated Pool - Free Ski Shuttle - 4th Night Free,Departamento entero,"$3,322",Premier Vacation Rentals,1 evaluación,,"['8 huéspedes', '3 recámaras', '4 camas', '2 baños', '\U000f0004\n457 evaluaciones']",https://www.airbnb.mx/rooms/16252924?location=Purgatory%20Resort&previous_page_section_name=1000
Purgatory Resort,New Townhome Across from Purgatory - Awesome Views - Hot Tub - Shuttle,Casa entera,"$5,607",Premier Vacation Rentals,,,"['12 huéspedes', '4 recámaras', '6 camas', '4 baños', '\U000f0004\n457 evaluaciones']",https://www.airbnb.mx/rooms/16252994?location=Purgatory%20Resort&previous_page_section_name=1000
Purgatory Resort,Affordable Studio Condo - Steps to Lift,Departamento entero,"$1,095",Premier Vacation Rentals,1 evaluación,,"['4 huéspedes', 'estudio', '2 camas', '1 baño', '\U000f0004\n457 evaluaciones']",https://www.airbnb.mx/rooms/16253050?location=Purgatory%20Resort&previous_page_section_name=1000
Purgatory Resort,Luxury Family Mountain Townhome W/Mtn Club Access,Casa adosada completa,"$3,361",Sean,5 evaluaciones,5,"['6 huéspedes', '3 recámaras', '5 camas', '2 baños completos y uno de tocador', '\U000f0004\n5 evaluaciones', '\U000f0019\nVerificado']",https://www.airbnb.mx/rooms/16719146?location=Purgatory%20Resort&previous_page_section_name=1000
Purgatory Resort,Ski/In - Ski/Out @ Purgatory Ski Area TVC H-1,Condominio completo,"$2,977",Chris,,,"['6 huéspedes', '2 recámaras', '5 camas', '2 baños', '\U000f0004\n42 evaluaciones']",https://www.airbnb.mx/rooms/29488324?location=Purgatory%20Resort&previous_page_section_name=1000
Purgatory Resort,Luxury Ski in/Ski Out Condo - Corner Unit - Views of the Slopes,Departamento entero,"$2,688",Premier Vacation Rentals,3 evaluaciones,5,"['6 huéspedes', '2 recámaras', '3 camas', '2 baños', '\U000f0004\n457 evaluaciones']",https://www.airbnb.mx/rooms/16253072?location=Purgatory%20Resort&previous_page_section_name=1000
Purgatory Resort,One Bedroom Condo Purgatory Resort Walk to Ski Lift PTH 138,Condominio completo,"$2,496",Vacation Accommodations,5 evaluaciones,4.5,"['4 huéspedes', '1 recámara', '3 camas', '1 baño', '\U000f0004\n234 evaluaciones', '\U000f0019\nVerificado']",https://www.airbnb.mx/rooms/19844293?location=Purgatory%20Resort&previous_page_section_name=1000
Purgatory Resort,Affordable Luxury Condo - Great Views - Steps to Lifts,Departamento entero,"$2,688",Premier Vacation Rentals,2 evaluaciones,,"['6 huéspedes', '2 recámaras', '3 camas', '2 baños', '\U000f0004\n457 evaluaciones']",https://www.airbnb.mx/rooms/16253020?location=Purgatory%20Resort&previous_page_section_name=1000
Purgatory Resort,"Luxury Home Across from Purg - Great Views, Deck - Free Shuttle",Casa entera,"$7,470",Premier Vacation Rentals,,,"['12 huéspedes', '4 recámaras', '7 camas', '5 baños', '\U000f0004\n457 evaluaciones']",https://www.airbnb.mx/rooms/16252984?location=Purgatory%20Resort&previous_page_section_name=1000
Purgatory Resort,Luxury Home Across from Purg - Hot Tub and Great Views - Free Shuttle,Casa entera,"$7,393",Premier Vacation Rentals,,,"['10 huéspedes', '4 recámaras', '5 camas', '4 baños', '\U000f0004\n457 evaluaciones']",https://www.airbnb.mx/rooms/16252995?location=Purgatory%20Resort&previous_page_section_name=1000
Purgatory Resort,"Silverpick #213, Purgatory Ski Resort Area Durango",Departamento entero,"$1,901",Jayson,24 evaluaciones,5,"['4 huéspedes', '1 recámara', '2 camas', '1 baño', '\U000f0004\n24 evaluaciones', '\U000f0019\nVerificado']",https://www.airbnb.mx/rooms/14831669?location=Purgatory%20Resort&previous_page_section_name=1000
Purgatory Resort,Pet Friendly - Affordable Ski in/Ski Out Condo - New Furniture - Views & Deck,Departamento entero,"$2,228",Premier Vacation Rentals,,,"['8 huéspedes', '2 recámaras', '4 camas', '2 baños', '\U000f0004\n457 evaluaciones']",https://www.airbnb.mx/rooms/35192173?location=Purgatory%20Resort&previous_page_section_name=1000
Purgatory Resort,Studio Condo at Purgatory Resort 03,Condominio completo,"$2,324",Vacation Accommodations,7 evaluaciones,5,"['4 huéspedes', 'estudio', '3 camas', '1 baño', '\U000f0004\n234 evaluaciones', '\U000f0019\nVerificado']",https://www.airbnb.mx/rooms/15812726?location=Purgatory%20Resort&previous_page_section_name=1000
Purgatory Resort,Luxury Ski In/Out townhome on Creek - Views - End Unit - Closest to slopes,Casa adosada completa,"$3,553",Premier Vacation Rentals,2 evaluaciones,,"['10 huéspedes', '3 recámaras', '5 camas', '4 baños', '\U000f0004\n457 evaluaciones']",https://www.airbnb.mx/rooms/29678305?location=Purgatory%20Resort&previous_page_section_name=1000
Purgatory Resort,Ski/In-Ski/Out @ Purgatory Ski Area TVC B-1,Condominio completo,"$3,457",Chris,1 evaluación,,"['6 huéspedes', '2 recámaras', '5 camas', '2 baños', '\U000f0004\n42 evaluaciones']",https://www.airbnb.mx/rooms/29365619?location=Purgatory%20Resort&previous_page_section_name=1000
Purgatory Resort,Ski-in/Ski-Out Condo in Purgatory Resort Plaza,Condominio completo,"$3,476",Premier Vacation Rentals,2 evaluaciones,,"['10 huéspedes', '3 recámaras', '5 camas', '3 baños', '\U000f0004\n457 evaluaciones']",https://www.airbnb.mx/rooms/29158420?location=Purgatory%20Resort&previous_page_section_name=1000
Purgatory Resort,"Contemporary alpine condo w/easy slope access & shared pool, hot tub, & sauna!",Condominio completo,"$3,361",Vacasa Colorado,3 evaluaciones,5,"['8 huéspedes', '3 recámaras', '5 camas', '2 baños', '\U000f0004\n1444 evaluaciones']",https://www.airbnb.mx/rooms/16880736?location=Purgatory%20Resort&previous_page_section_name=1000
Purgatory Resort,Luxury Ski In/Out townhome on Creek - Great Views,Casa adosada completa,"$3,476",Premier Vacation Rentals,4 evaluaciones,5,"['9 huéspedes', '3 recámaras', '4 camas', '4 baños', '\U000f0004\n457 evaluaciones']",https://www.airbnb.mx/rooms/16841678?location=Purgatory%20Resort&previous_page_section_name=1000
Purgatory Resort,Ski/In-Ski/Out @ Purgatory Ski Area TVC A-2,Condominio completo,"$2,881",Chris,3 evaluaciones,5,"['4 huéspedes', '1 recámara', '2 camas', '2 baños', '\U000f0004\n42 evaluaciones']",https://www.airbnb.mx/rooms/29803775?location=Purgatory%20Resort&previous_page_section_name=1000
Purgatory Resort,Luxury Home Across from Purgatory with Great Views,Casa entera,"$7,393",Premier Vacation Rentals,2 evaluaciones,,"['11 huéspedes', '4 recámaras', '5 camas', '4 baños', '\U000f0004\n457 evaluaciones']",https://www.airbnb.mx/rooms/16252972?location=Purgatory%20Resort&previous_page_section_name=1000
Purgatory Resort,Great condo on the slopes at affordable prices,Condominio completo,"$2,592",Chris,21 evaluaciones,5,"['6 huéspedes', '2 recámaras', '4 camas', '2 baños', '\U000f0004\n24 evaluaciones', '\U000f0019\nVerificado']",https://www.airbnb.mx/rooms/16659153?location=Purgatory%20Resort&previous_page_section_name=1000
Purgatory Resort,"Brand New Luxury Custom Home - Amazing Views, Game Room, Ping Pong, Hot Tub",Casa entera,"$10,370",Premier Vacation Rentals,,,"['8 huéspedes', '3 recámaras', '4 camas', '4 baños', '\U000f0004\n457 evaluaciones']",https://www.airbnb.mx/rooms/22161021?location=Purgatory%20Resort&previous_page_section_name=1000
Purgatory Resort,Premier Building at Purgatory - Ski in/Ski Out,Departamento entero,"$3,149",Premier Vacation Rentals,2 evaluaciones,,"['6 huéspedes', '2 recámaras', '3 camas', '2 baños', '\U000f0004\n457 evaluaciones']",https://www.airbnb.mx/rooms/20724319?location=Purgatory%20Resort&previous_page_section_name=1000
Purgatory Resort,Affordable Luxury Ski in/Ski Out Condo - Awesome Views,Casa adosada completa,"$3,341",Premier Vacation Rentals,2 evaluaciones,,"['10 huéspedes', '4 recámaras', '5 camas', '3 baños', '\U000f0004\n457 evaluaciones']",https://www.airbnb.mx/rooms/16252855?location=Purgatory%20Resort&previous_page_section_name=1000
Purgatory Resort,Affordable AngelHaus Condo at Purgatory,Condominio completo,$480,Chris,3 evaluaciones,3,"['5 huéspedes', '2 recámaras', '4 camas', '2 baños', '\U000f0004\n24 evaluaciones', '\U000f0019\nVerificado']",https://www.airbnb.mx/rooms/20633064?location=Purgatory%20Resort&previous_page_section_name=1000
Purgatory Resort,Ski/In-Ski/Out @ Purgatory Ski Area TVC F-2,Condominio completo,"$3,457",Chris,,,"['6 huéspedes', '2 recámaras', '5 camas', '2 baños', '\U000f0004\n42 evaluaciones']",https://www.airbnb.mx/rooms/29801050?location=Purgatory%20Resort&previous_page_section_name=1000
Purgatory Resort,Affordable Ski in/Ski Out Condo - Awesome Views,Departamento entero,"$3,476",Premier Vacation Rentals,,,"['10 huéspedes', '4 recámaras', '5 camas', '4 baños', '\U000f0004\n457 evaluaciones']",https://www.airbnb.mx/rooms/16252852?location=Purgatory%20Resort&previous_page_section_name=1000
Purgatory Resort,Durango Resort Condo PTH127,Condominio completo,"$2,765",Vacation Accommodations,4 evaluaciones,4,"['4 huéspedes', '1 recámara', '1 cama', '1 baño', '\U000f0004\n234 evaluaciones', '\U000f0019\nVerificado']",https://www.airbnb.mx/rooms/17433111?location=Purgatory%20Resort&previous_page_section_name=1000
Purgatory Resort,"Luxury Home Across from Purg - Great Views, Deck - Free Ski Shuttle",Casa entera,"$6,088",Premier Vacation Rentals,1 evaluación,,"['10 huéspedes', '4 recámaras', '5 camas', '5 baños', '\U000f0004\n457 evaluaciones']",https://www.airbnb.mx/rooms/21407861?location=Purgatory%20Resort&previous_page_section_name=1000
Purgatory Resort,Luxury Durango Mountain Resort,Casa adosada completa,"$6,241",Marianne,6 evaluaciones,5,"['8 huéspedes', '3 recámaras', '4 camas', '3 baños', '\U000f0004\n6 evaluaciones', '\U000f0019\nVerificado']",https://www.airbnb.mx/rooms/8149402?location=Purgatory%20Resort&previous_page_section_name=1000
Purgatory Resort,4th Floor Studio - Vews - Deck - Ski in/Ski Out - Affordable,Departamento entero,"$1,440",Premier Vacation Rentals,6 evaluaciones,4.5,"['4 huéspedes', 'estudio', '2 camas', '1 baño', '\U000f0004\n457 evaluaciones']",https://www.airbnb.mx/rooms/16253088?location=Purgatory%20Resort&previous_page_section_name=1000
Purgatory Resort,Ski/In-Ski/Out @ Purgatory Ski Area TVC C-1,Condominio completo,"$2,977",Chris,4 evaluaciones,5,"['7 huéspedes', '2 recámaras', '6 camas', '2 baños', '\U000f0004\n42 evaluaciones']",https://www.airbnb.mx/rooms/29778611?location=Purgatory%20Resort&previous_page_section_name=1000
Purgatory Resort,Top Floor Penthouse - Ski In/Out - Private Hot Tub and Sauna,Departamento entero,"$4,014",Premier Vacation Rentals,1 evaluación,,"['8 huéspedes', '3 recámaras', '4 camas', '3 baños', '\U000f0004\n457 evaluaciones']",https://www.airbnb.mx/rooms/23141216?location=Purgatory%20Resort&previous_page_section_name=1000
Purgatory Resort,"Modern townhouse w/ shared pool, ski & mountain views - walk to slopes!",Condominio completo,"$3,437",Vacasa Colorado,6 evaluaciones,5,"['6 huéspedes', '2 recámaras', '5 camas', '2 baños', '\U000f0004\n1425 evaluaciones']",https://www.airbnb.mx/rooms/19324422?location=Purgatory%20Resort&previous_page_section_name=1000
Purgatory Resort,New Luxury Condo Steps to Lifts - Professionally Decorated,Departamento entero,"$3,111",Premier Vacation Rentals,4 evaluaciones,4,"['8 huéspedes', '3 recámaras', '4 camas', '2 baños', '\U000f0004\n457 evaluaciones']",https://www.airbnb.mx/rooms/16253041?location=Purgatory%20Resort&previous_page_section_name=1000
Purgatory Resort,Luxury Condo by Main Plaza - Walk to Slopes - Gas Grill,Departamento entero,"$3,111",Premier Vacation Rentals,2 evaluaciones,,"['8 huéspedes', '3 recámaras', '4 camas', '3 baños', '\U000f0004\n457 evaluaciones']",https://www.airbnb.mx/rooms/16252842?location=Purgatory%20Resort&previous_page_section_name=1000
Purgatory Resort,Ski/In-Ski/Out @ Purgatory Ski Area TVC D-2,Condominio completo,"$2,977",Chris,1 evaluación,,"['6 huéspedes', '2 recámaras', '4 camas', '2 baños', '\U000f0004\n42 evaluaciones']",https://www.airbnb.mx/rooms/29800546?location=Purgatory%20Resort&previous_page_section_name=1000
Purgatory Resort,"Skier's dream w/ski-in/out access, hot tub, pool, & more!",Condominio completo,"$2,573",Vacasa Colorado,4 evaluaciones,4,"['6 huéspedes', '2 recámaras', '3 camas', '2 baños', '\U000f0004\n1425 evaluaciones']",https://www.airbnb.mx/rooms/16887651?location=Purgatory%20Resort&previous_page_section_name=1000
Purgatory Resort,Blackbear Cabin in Purgatory Ski resort,Casa adosada completa,"$3,841",Siri,3 evaluaciones,,"['8 huéspedes', '3 recámaras', '5 camas', '2 baños completos y uno de tocador', '\U000f0004\n9 evaluaciones', '\U000f0019\nVerificado']",https://www.airbnb.mx/rooms/16270886?location=Purgatory%20Resort&previous_page_section_name=1000
Purgatory Resort,Studio Condo Walk to Ski Lift P104,Condominio completo,"$2,592",Vacation Accommodations,2 evaluaciones,,"['3 huéspedes', 'estudio', '1 cama', '1 baño', '\U000f0004\n234 evaluaciones', '\U000f0019\nVerificado']",https://www.airbnb.mx/rooms/17400071?location=Purgatory%20Resort&previous_page_section_name=1000
Purgatory Resort,True Ski in/Ski Out - Just Remodeled - Amazing Views,Departamento entero,"$3,303",Premier Vacation Rentals,2 evaluaciones,,"['8 huéspedes', '3 recámaras', '4 camas', '2 baños', '\U000f0004\n457 evaluaciones']",https://www.airbnb.mx/rooms/16252859?location=Purgatory%20Resort&previous_page_section_name=1000
Purgatory Resort,Super Affordable Ski in/Ski Out Condo,Departamento entero,"$2,496",Premier Vacation Rentals,3 evaluaciones,4.5,"['6 huéspedes', '2 recámaras', '3 camas', '2 baños', '\U000f0004\n457 evaluaciones']",https://www.airbnb.mx/rooms/16253034?location=Purgatory%20Resort&previous_page_section_name=1000
Purgatory Resort,2 BR Condo Purgatory Durango PTH101,Condominio completo,"$3,188",Vacation Accommodations,2 evaluaciones,,"['6 huéspedes', '2 recámaras', '3 camas', '2 baños', '\U000f0004\n234 evaluaciones', '\U000f0019\nVerificado']",https://www.airbnb.mx/rooms/16203513?location=Purgatory%20Resort&previous_page_section_name=1000
Purgatory Resort,Cozy mountain condo w/ views & shared hot tub - walk to the slopes!,Condominio completo,"$1,978",Vacasa Colorado,4 evaluaciones,3.5,"['5 huéspedes', '2 recámaras', '4 camas', '2 baños', '\U000f0004\n1425 evaluaciones']",https://www.airbnb.mx/rooms/19324425?location=Purgatory%20Resort&previous_page_section_name=1000
Purgatory Resort,Ski/In - Ski/Out at Purgatory Ski Area TVC F-1,Condominio completo,"$2,977",Chris,2 evaluaciones,,"['6 huéspedes', '2 recámaras', '4 camas', '2 baños', '\U000f0004\n42 evaluaciones']",https://www.airbnb.mx/rooms/29485632?location=Purgatory%20Resort&previous_page_section_name=1000
Purgatory Resort,Ski/In-Ski/Out @ Purgatory Ski Area TVC E-1,Condominio completo,"$3,457",Chris,2 evaluaciones,,"['6 huéspedes', '2 recámaras', '6 camas', '2 baños', '\U000f0004\n42 evaluaciones']",https://www.airbnb.mx/rooms/29543148?location=Purgatory%20Resort&previous_page_section_name=1000
Purgatory Resort,Ski/In-ski/Out @ Purgatory Ski Area TVC G-2,Condominio completo,"$3,457",Chris,,,"['6 huéspedes', '2 recámaras', '4 camas', '2 baños', '\U000f0004\n42 evaluaciones']",https://www.airbnb.mx/rooms/29803152?location=Purgatory%20Resort&previous_page_section_name=1000
Purgatory Resort,Luxury Condo Steps to Lifts - Corner Unit - Great Views - Large Deck,Departamento entero,"$3,111",Premier Vacation Rentals,1 evaluación,,"['6 huéspedes', '2 recámaras', '3 camas', '2 baños', '\U000f0004\n457 evaluaciones']",https://www.airbnb.mx/rooms/16253007?location=Purgatory%20Resort&previous_page_section_name=1000
Purgatory Resort,Purgatory Lodge Ski In Ski Out 3 Bed/3 Bath Condo,Condominio completo,"$3,937",Theresa,1 evaluación,,"['8 huéspedes', '3 recámaras', '4 camas', '3 baños', '\U000f0004\n1 evaluación', '\U000f0019\nVerificado']",https://www.airbnb.mx/rooms/28032397?location=Purgatory%20Resort&previous_page_section_name=1000
Purgatory Resort,Ski/In-Ski/Out @ Purgatory Ski Area TVC B-2,Condominio completo,"$3,073",Chris,1 evaluación,,"['6 huéspedes', '2 recámaras', '4 camas', '2 baños', '\U000f0004\n42 evaluaciones']",https://www.airbnb.mx/rooms/29803714?location=Purgatory%20Resort&previous_page_section_name=1000
Purgatory Resort,"Cozy, affordable condo with shared hot tub at Purgatory Ski Resort",Condominio completo,"$2,074",Vacasa Colorado,1 evaluación,,"['2 huéspedes', '1 recámara', '1 cama', '1 baño', '\U000f0004\n1444 evaluaciones']",https://www.airbnb.mx/rooms/16880726?location=Purgatory%20Resort&previous_page_section_name=1000
Purgatory Resort,Luxury Condo by Main Plaza - Walk to Slopes - Amazing Views,Departamento entero,"$4,551",Premier Vacation Rentals,1 evaluación,,"['10 huéspedes', '4 recámaras', '6 camas', '4 baños', '\U000f0004\n457 evaluaciones']",https://www.airbnb.mx/rooms/35193968?location=Purgatory%20Resort&previous_page_section_name=1000
Purgatory Resort,"Ski-in/Ski-out alpine condo, with mountain views & prime location",Condominio completo,"$3,841",Vacasa Colorado,1 evaluación,,"['8 huéspedes', '4 recámaras', '5 camas', '2 baños completos y uno de tocador', '\U000f0004\n1425 evaluaciones']",https://www.airbnb.mx/rooms/16887660?location=Purgatory%20Resort&previous_page_section_name=1000
Purgatory Resort,The Cantilever Lodge - Purgatory’s Finest Luxury Home,Casa entera,"$9,448",Premier Vacation Rentals,4 evaluaciones,5,"['12 huéspedes', '6 recámaras', '7 camas', '4 baños', '\U000f0004\n457 evaluaciones']",https://www.airbnb.mx/rooms/17749663?location=Purgatory%20Resort&previous_page_section_name=1000
Purgatory Resort,Ski/In-Ski/Out @ Purgatory Ski Area TVC G-1,Condominio completo,"$3,457",Chris,2 evaluaciones,,"['6 huéspedes', '2 recámaras', '4 camas', '2 baños', '\U000f0004\n42 evaluaciones']",https://www.airbnb.mx/rooms/29780808?location=Purgatory%20Resort&previous_page_section_name=1000
Purgatory Resort,Ski/In-Ski/Out @ Purgatory Ski Area TVC D-1,Condominio completo,"$3,457",Chris,4 evaluaciones,5,"['6 huéspedes', '2 recámaras', '4 camas', '2 baños', '\U000f0004\n42 evaluaciones']",https://www.airbnb.mx/rooms/29776052?location=Purgatory%20Resort&previous_page_section_name=1000
Purgatory Resort,Luxury Townhome - Ski in/Ski Out - Best Location,Casa adosada completa,"$4,628",Premier Vacation Rentals,,,"['10 huéspedes', '4 recámaras', '5 camas', '5 baños', '\U000f0004\n457 evaluaciones']",https://www.airbnb.mx/rooms/29054356?location=Purgatory%20Resort&previous_page_section_name=1000
Purgatory Resort,"Great location, skiing just steps away. Enjoy the ultimate luxury accomodations!",Casa adosada completa,"$4,302",Durango Colorado,3 evaluaciones,4.5,"['7 huéspedes', '3 recámaras', '4 camas', '3 baños', '\U000f0004\n64 evaluaciones']",https://www.airbnb.mx/rooms/15999842?location=Purgatory%20Resort&previous_page_section_name=1000
Purgatory Resort,Ski In Ski Out Two Bedroom Condo at Purgatory B8,Condominio completo,"$3,745",Vacation Accommodations,1 evaluación,,"['6 huéspedes', '2 recámaras', '3 camas', '3 baños', '\U000f0004\n234 evaluaciones', '\U000f0019\nVerificado']",https://www.airbnb.mx/rooms/19505270?location=Purgatory%20Resort&previous_page_section_name=1000
Purgatory Resort,Purgatory Resort Two-Bedroom Condo Sleeps Seven,Condominio completo,"$3,591",Vacation Accommodations,4 evaluaciones,4,"['7 huéspedes', '2 recámaras', '4 camas', '2 baños', '\U000f0004\n234 evaluaciones', '\U000f0019\nVerificado']",https://www.airbnb.mx/rooms/19387305?location=Purgatory%20Resort&previous_page_section_name=1000
Purgatory Resort,Two Bedroom Condo Walk to Ski Lift PTH 112,Condominio completo,"$3,361",Vacation Accommodations,1 evaluación,,"['6 huéspedes', '2 recámaras', '3 camas', '2 baños', '\U000f0004\n234 evaluaciones', '\U000f0019\nVerificado']",https://www.airbnb.mx/rooms/19843688?location=Purgatory%20Resort&previous_page_section_name=1000
Purgatory Resort,Premier Building at Purgatory - Views - Ski in/Ski Out - Corner Unit,Departamento entero,"$5,089",Premier Vacation Rentals,,,"['10 huéspedes', '4 recámaras', '5 camas', '4 baños', '\U000f0004\n457 evaluaciones']",https://www.airbnb.mx/rooms/16253052?location=Purgatory%20Resort&previous_page_section_name=1000
Purgatory Resort,"This IS the location on the mountain! Stunning 4-bedroom, 3.5 bath condo",Condominio completo,"$5,281",Durango Colorado,1 evaluación,,"['11 huéspedes', '4 recámaras', '5 camas', '3 baños completos y uno de tocador', '\U000f0004\n64 evaluaciones']",https://www.airbnb.mx/rooms/23147973?location=Purgatory%20Resort&previous_page_section_name=1000
Purgatory Resort,"Ski-in/ski-out condo w/ mountain views shared pool, hot tubs, & more!",Condominio completo,"$3,783",Vacasa Colorado,,,"['4 huéspedes', '3 recámaras', '4 camas', '2 baños', '\U000f0004\n1425 evaluaciones']",https://www.airbnb.mx/rooms/20083779?location=Purgatory%20Resort&previous_page_section_name=1000
Purgatory Resort,Great Condo Walk to Ski Lift PTH108,Condominio completo,"$1,959",Vacation Accommodations,9 evaluaciones,4.5,"['3 huéspedes', 'estudio', '1 cama', '1 baño', '\U000f0004\n234 evaluaciones', '\U000f0019\nVerificado']",https://www.airbnb.mx/rooms/17432154?location=Purgatory%20Resort&previous_page_section_name=1000
Purgatory Resort,Studio Condo at Purgatory Resort Walk to Ski Lift PTH 114,Condominio completo,"$1,959",Vacation Accommodations,16 evaluaciones,4,"['3 huéspedes', 'estudio', '1 cama', '1 baño', '\U000f0004\n234 evaluaciones', '\U000f0019\nVerificado']",https://www.airbnb.mx/rooms/19843971?location=Purgatory%20Resort&previous_page_section_name=1000
Purgatory Resort,"Slope-side Purgatory escape with wood stove, shared hot tub, pool, & more!",Condominio completo,"$1,498",Vacasa Colorado,5 evaluaciones,5,"['8 huéspedes', '2 recámaras', '4 camas', '2 baños', '\U000f0004\n1425 evaluaciones']",https://www.airbnb.mx/rooms/16887658?location=Purgatory%20Resort&previous_page_section_name=1000
Purgatory Resort,Completed Remodeled - Large Townhome - Amazing Views - Steps to Lifts,Casa adosada completa,"$4,455",Premier Vacation Rentals,2 evaluaciones,,"['10 huéspedes', '3 recámaras', '5 camas', '4 baños', '\U000f0004\n457 evaluaciones']",https://www.airbnb.mx/rooms/16252828?location=Purgatory%20Resort&previous_page_section_name=1000
Purgatory Resort,Luxury Townhome - Ski in/Ski Out - Foosball - Best Location,Casa adosada completa,"$6,222",Premier Vacation Rentals,1 evaluación,,"['14 huéspedes', '5 recámaras', '7 camas', '4 baños', '\U000f0004\n457 evaluaciones']",https://www.airbnb.mx/rooms/24081172?location=Purgatory%20Resort&previous_page_section_name=1000
Purgatory Resort,Completely Remodeled Townhome - Ski In/Out - Awesome Views,Casa adosada completa,"$4,724",Premier Vacation Rentals,3 evaluaciones,5,"['10 huéspedes', '4 recámaras', '7 camas', '4 baños', '\U000f0004\n457 evaluaciones']",https://www.airbnb.mx/rooms/17511598?location=Purgatory%20Resort&previous_page_section_name=1000
Purgatory Resort,Townhouse Located Right In Purgatory Resort,Condominio completo,"$4,321",Erica,4 evaluaciones,5,"['11 huéspedes', '2 recámaras', '6 camas', '1 baño', '\U000f0004\n4 evaluaciones', '\U000f0019\nVerificado']",https://www.airbnb.mx/rooms/8507445?location=Purgatory%20Resort&previous_page_section_name=1000
Purgatory Resort,Award Winning Home Across from Purgatory - Hot Tub - Free Shuttle,Casa entera,"$8,891",Premier Vacation Rentals,,,"['12 huéspedes', '4 recámaras', '7 camas', '4 baños', '\U000f0004\n457 evaluaciones']",https://www.airbnb.mx/rooms/16252963?location=Purgatory%20Resort&previous_page_section_name=1000
Purgatory Resort,Purgatory Resort Durango Three BR Ski In Ski Out Condo B20,Condominio completo,"$4,302",Vacation Accommodations,4 evaluaciones,5,"['6 huéspedes', '2 recámaras', '6 camas', '3 baños', '\U000f0004\n234 evaluaciones', '\U000f0019\nVerificado']",https://www.airbnb.mx/rooms/19295660?location=Purgatory%20Resort&previous_page_section_name=1000
Purgatory Resort,Mountain Vista Condo Purgatory A308,Condominio completo,"$4,532",Vacation Accommodations,4 evaluaciones,5,"['7 huéspedes', '3 recámaras', '3 camas', '2 baños', '\U000f0004\n234 evaluaciones', '\U000f0019\nVerificado']",https://www.airbnb.mx/rooms/16349137?location=Purgatory%20Resort&previous_page_section_name=1000
Purgatory Resort,Affordable Condo - Steps to Lifts - Great Views,Departamento entero,"$2,151",Premier Vacation Rentals,,,"['4 huéspedes', '1 recámara', '2 camas', '1 baño', '\U000f0004\n457 evaluaciones']",https://www.airbnb.mx/rooms/16253074?location=Purgatory%20Resort&previous_page_section_name=1000
Purgatory Resort,Ski In Ski Out 2 Bedroom Condo at Purgatory Resort B22,Condominio completo,"$3,745",Vacation Accommodations,1 evaluación,,"['6 huéspedes', '2 recámaras', '3 camas', '2 baños', '\U000f0004\n234 evaluaciones', '\U000f0019\nVerificado']",https://www.airbnb.mx/rooms/19499171?location=Purgatory%20Resort&previous_page_section_name=1000
Purgatory Resort,Ski In Ski Out Two Bedroom Condo at Purgatory B7,Condominio completo,"$3,745",Vacation Accommodations,1 evaluación,,"['6 huéspedes', '2 recámaras', '3 camas', '3 baños', '\U000f0004\n234 evaluaciones', '\U000f0019\nVerificado']",https://www.airbnb.mx/rooms/19505140?location=Purgatory%20Resort&previous_page_section_name=1000
Purgatory Resort,"3,300 Sq Ft Elegant Mountain Retreat. Custom Home with private shuttle to resort",Departamento entero,"$8,488",Durango Colorado,,,"['9 huéspedes', '4 recámaras', '5 camas', '4,5 baños', '\U000f0004\n64 evaluaciones']",https://www.airbnb.mx/rooms/15999867?location=Purgatory%20Resort&previous_page_section_name=1000
Purgatory Resort,Ski In Ski Out Two Bedroom Condo at Purgatory B4,Condominio completo,"$3,745",Vacation Accommodations,2 evaluaciones,,"['6 huéspedes', '2 recámaras', '3 camas', '3 baños', '\U000f0004\n234 evaluaciones', '\U000f0019\nVerificado']",https://www.airbnb.mx/rooms/19505024?location=Purgatory%20Resort&previous_page_section_name=1000
Purgatory Resort,Beautiful Mountain Condo,Condominio completo,"$3,073",Alison,7 evaluaciones,5,"['5 huéspedes', '2 recámaras', '3 camas', '2 baños', '\U000f0004\n7 evaluaciones', '\U000f0019\nVerificado']",https://www.airbnb.mx/rooms/21095958?location=Purgatory%20Resort&previous_page_section_name=1000
Purgatory Resort,Luxury Ski In Ski Out Townhome,Departamento entero,"$7,893",Durango Colorado,1 evaluación,,"['14 huéspedes', '4 recámaras', '3 camas', '4 baños', '\U000f0004\n64 evaluaciones']",https://www.airbnb.mx/rooms/16004152?location=Purgatory%20Resort&previous_page_section_name=1000
Purgatory Resort,Luxury Home Across from Purgatory - Pool Table - Large Deck - Free Shuttle,Casa entera,"$8,200",Premier Vacation Rentals,,,"['11 huéspedes', '4 recámaras', '5 camas', '4 baños', '\U000f0004\n457 evaluaciones']",https://www.airbnb.mx/rooms/16252974?location=Purgatory%20Resort&previous_page_section_name=1000
Purgatory Resort,A Little Piece of Heaven at Lake Purgatory!,Casa entera,,Durango Colorado,,,"['8 huéspedes', '3 recámaras', '4 camas', '3 baños', '\U000f0004\n64 evaluaciones']",https://www.airbnb.mx/rooms/36946933?location=Purgatory%20Resort&previous_page_section_name=1000
Purgatory Resort,Purgatory Resort Home-2 min walk to ski/plaza,Casa entera,"$6,721",Debbi,6 evaluaciones,5,"['10 huéspedes', '3 recámaras', '3 camas', '3 baños', '\U000f0004\n6 evaluaciones', '\U000f0019\nVerificado']",https://www.airbnb.mx/rooms/8327530?location=Purgatory%20Resort&previous_page_section_name=1000
Purgatory Resort,Secluded Mountain Home - 1.5 Acres - 1 Mile to Ski - Ping Pong Table,Casa entera,"$6,299",Premier Vacation Rentals,9 evaluaciones,5,"['15 huéspedes', '4 recámaras', '10 camas', '4 baños', '\U000f0004\n457 evaluaciones']",https://www.airbnb.mx/rooms/16252980?location=Purgatory%20Resort&previous_page_section_name=1000
Purgatory Resort,Castle Rock Retreat,Casa entera,"$5,031",Vacation Accommodations,1 evaluación,,"['8 huéspedes', '3 recámaras', '3 camas', '3 baños', '\U000f0004\n234 evaluaciones', '\U000f0019\nVerificado']",https://www.airbnb.mx/rooms/29437334?location=Purgatory%20Resort&previous_page_section_name=1000
Purgatory Resort,Mountain Rendezvous Condo,Condominio completo,"$5,108",Vacation Accommodations,4 evaluaciones,4.5,"['8 huéspedes', '3 recámaras', '3 camas', '2 baños completos y uno de tocador', '\U000f0004\n234 evaluaciones', '\U000f0019\nVerificado']",https://www.airbnb.mx/rooms/15587503?location=Purgatory%20Resort&previous_page_section_name=1000
Purgatory Resort,New Luxury Condo Steps to Lifts - Views - Corner Unit,Departamento entero,"$4,455",Premier Vacation Rentals,1 evaluación,,"['10 huéspedes', '4 recámaras', '6 camas', '3 baños', '\U000f0004\n457 evaluaciones']",https://www.airbnb.mx/rooms/18718438?location=Purgatory%20Resort&previous_page_section_name=1000
Purgatory Resort,"Pet Friendly Mountain Cabin - Hot Tub, Pool Table & Foosball",Casa entera,"$5,396",Premier Vacation Rentals,,,"['12 huéspedes', '5 recámaras', '7 camas', '3 baños', '\U000f0004\n457 evaluaciones']",https://www.airbnb.mx/rooms/35194278?location=Purgatory%20Resort&previous_page_section_name=1000
Purgatory Resort,Brimstone 2 BR B5,Departamento entero,"$3,745",Vacation Accommodations,,,"['6 huéspedes', '3 recámaras', '3 camas', '3 baños', '\U000f0004\n234 evaluaciones', '\U000f0019\nVerificado']",https://www.airbnb.mx/rooms/36198363?location=Purgatory%20Resort&previous_page_section_name=1000
Purgatory Resort,"Luxury Mountain Home - Fire Pit, Large Deck - 1 Mile to Purgatory",Casa entera,"$5,396",Premier Vacation Rentals,2 evaluaciones,,"['11 huéspedes', '4 recámaras', '6 camas', '4 baños', '\U000f0004\n457 evaluaciones']",https://www.airbnb.mx/rooms/21527033?location=Purgatory%20Resort&previous_page_section_name=1000
Purgatory Resort,Mountain View Luxury Condo,Condominio completo,"$6,068",Vacation Accommodations,5 evaluaciones,4.5,"['6 huéspedes', '2 recámaras', '4 camas', '2 baños', '\U000f0004\n234 evaluaciones', '\U000f0019\nVerificado']",https://www.airbnb.mx/rooms/15797322?location=Purgatory%20Resort&previous_page_section_name=1000
Purgatory Resort,"Luxury ski-in/ski-out home w/ fireplace, jetted tub, & shared pools/hot tubs",Condominio completo,"$6,222",Vacasa Colorado,2 evaluaciones,,"['8 huéspedes', '4 recámaras', '5 camas', '4 baños', '\U000f0004\n1425 evaluaciones']",https://www.airbnb.mx/rooms/16887657?location=Purgatory%20Resort&previous_page_section_name=1000
Purgatory Resort,Lake View House near Purgatory Resort,Casa entera,"$6,164",Vacation Accommodations,12 evaluaciones,4.5,"['6 huéspedes', '2 recámaras', '3 camas', '3 baños', '\U000f0004\n234 evaluaciones', '\U000f0019\nVerificado']",https://www.airbnb.mx/rooms/19843363?location=Purgatory%20Resort&previous_page_section_name=1000
Purgatory Resort,Eagles Nest Mountain Home,Casa entera,"$8,987",Vacation Accommodations,9 evaluaciones,4.5,"['10 huéspedes', '3 recámaras', '4 camas', '2 baños completos y uno de tocador', '\U000f0004\n234 evaluaciones', '\U000f0019\nVerificado']",https://www.airbnb.mx/rooms/15980898?location=Purgatory%20Resort&previous_page_section_name=1000
Purgatory Resort,Cabin over looking Pond - Hot Tub - BBQ - 2 Miles from Purgatory,Casa entera,"$3,706",Premier Vacation Rentals,11 evaluaciones,4.5,"['8 huéspedes', '2 recámaras', '6 camas', '2 baños', '\U000f0004\n457 evaluaciones']",https://www.airbnb.mx/rooms/16841681?location=Purgatory%20Resort&previous_page_section_name=1000
Purgatory Resort,Alpine View Luxury Cabin,Casa entera,"$9,890",Vacation Accommodations,,,"['8 huéspedes', '4 recámaras', '4 camas', '2 baños', '\U000f0004\n234 evaluaciones', '\U000f0019\nVerificado']",https://www.airbnb.mx/rooms/33042694?location=Purgatory%20Resort&previous_page_section_name=1000
Purgatory Resort,Luxury Modern Townhome - Amazing Views - 4th Night Free - Foosball Table,Casa adosada completa,"$3,783",Premier Vacation Rentals,1 evaluación,,"['10 huéspedes', '3 recámaras', '5 camas', '3 baños', '\U000f0004\n457 evaluaciones']",https://www.airbnb.mx/rooms/16252916?location=Purgatory%20Resort&previous_page_section_name=1000
Purgatory Resort,"McLandski's four star studio, million dollar view.",Condominio completo,"$3,073",Terry,1 evaluación,,"['2 huéspedes', 'estudio', '1 cama', '1 baño', '\U000f0004\n1 evaluación', '\U000f0019\nVerificado']",https://www.airbnb.mx/rooms/17262855?location=Purgatory%20Resort&previous_page_section_name=1000
Purgatory Resort,Resort Area Condo at Silverpick,Condominio completo,"$3,188",Vacation Accommodations,3 evaluaciones,,"['4 huéspedes', '1 recámara', '1 cama', '1 baño', '\U000f0004\n234 evaluaciones', '\U000f0019\nVerificado']",https://www.airbnb.mx/rooms/18441281?location=Purgatory%20Resort&previous_page_section_name=1000
Purgatory Resort,"Pinnacle 5th Floor at Purgatory Lodge -- Avail. June 21 - July 1, 2019",Casa/depto. entero,"$5,127",Premier Vacation Rentals,,,"['10 huéspedes', '4 recámaras', '6 camas', '4 baños', '\U000f0004\n457 evaluaciones']",https://www.airbnb.mx/rooms/35194785?location=Purgatory%20Resort&previous_page_section_name=1000
Purgatory Resort,"Purgatory Durango Mountain Ski, Bike, Hike, Relax",Condominio completo,"$3,457",Owen & Taylor,7 evaluaciones,5,"['6 huéspedes', '2 recámaras', '3 camas', '2 baños', '\U000f0004\n7 evaluaciones', '\U000f0019\nVerificado']",https://www.airbnb.mx/rooms/19530753?location=Purgatory%20Resort&previous_page_section_name=1000
Purgatory Resort,Atmospheric mountain cabin w/ balcony & firepit - 3 miles to Purgatory!,Casa entera,"$5,819",Vacasa Colorado,,,"['8 huéspedes', '3 recámaras', '5 camas', '2 baños', '\U000f0004\n1238 evaluaciones']",https://www.airbnb.mx/rooms/35262176?location=Purgatory%20Resort&previous_page_section_name=1000
Purgatory Resort,Beautiful 2 Bed/2 Bath Condo Steps from Plaza,Casa adosada completa,"$5,281",Monette,10 evaluaciones,5,"['4 huéspedes', '2 recámaras', '3 camas', '2 baños', '\U000f0004\n10 evaluaciones', '\U000f0019\nVerificado']",https://www.airbnb.mx/rooms/23521349?location=Purgatory%20Resort&previous_page_section_name=1000
Purgatory Resort,"Pinecone Cabin, 5 Bd , Sleeps 10, near Purg Skiing",Casa entera,"$5,281",Kevin,13 evaluaciones,5,"['10 huéspedes', '5 recámaras', '6 camas', '2 baños completos y uno de tocador', '\U000f0004\n13 evaluaciones', '\U000f0019\nVerificado']",https://www.airbnb.mx/rooms/24040827?location=Purgatory%20Resort&previous_page_section_name=1000
Purgatory Resort,"Purgatory Developer's Private Penthouse,Ski in/out",Condominio completo,"$13,346",David Eric,,,"['8 huéspedes', '3 recámaras', '4 camas', '3 baños completos y uno de tocador', '\U000f0019\nVerificado']",https://www.airbnb.mx/rooms/17681938?location=Purgatory%20Resort&previous_page_section_name=1000
Purgatory Resort,Ski Condominium...ski in ski out,Condominio completo,"$1,383",Norm,117 evaluaciones,5,"['4 huéspedes', '1 recámara', '2 camas', '1 baño', '\U000f0004\n117 evaluaciones', '\U000f0019\nVerificado']",https://www.airbnb.mx/rooms/4445292?location=Purgatory%20Resort&previous_page_section_name=1000
Purgatory Resort,Slopeside Condo Purgatory Durango Mountain Resort,Condominio completo,"$1,344",David,43 evaluaciones,5,"['4 huéspedes', 'estudio', '2 camas', '1 baño', '\U000f0004\n43 evaluaciones', '\U000f0019\nVerificado']",https://www.airbnb.mx/rooms/23188788?location=Purgatory%20Resort&previous_page_section_name=1000
Purgatory Resort,Epic Purg Retreat - Summer Adventure & Hiking,Condominio completo,"$1,690",Kaysha,23 evaluaciones,5,"['4 huéspedes', 'estudio', '3 camas', '1 baño', '\U000f0004\n96 evaluaciones', '\U000f0019\nVerificado']",https://www.airbnb.mx/rooms/31103549?location=Purgatory%20Resort&previous_page_section_name=1000
Purgatory Resort,Explore the San Juan's!,Condominio completo,"$1,018",Lisa,44 evaluaciones,5,"['4 huéspedes', '1 recámara', '1 cama', '1 baño', '\U000f0004\n44 evaluaciones', '\U000f0019\nVerificado']",https://www.airbnb.mx/rooms/27581339?location=Purgatory%20Resort&previous_page_section_name=1000
Purgatory Resort,Mountain Getaway,Condominio completo,"$2,400",Nikolas,3 evaluaciones,5,"['4 huéspedes', '1 recámara', '3 camas', '1 baño', '\U000f0004\n3 evaluaciones', '\U000f0019\nVerificado']",https://www.airbnb.mx/rooms/36355584?location=Purgatory%20Resort&previous_page_section_name=1000
Purgatory Resort,Angelhaus Purgatory Newly Renovated Condo,Condominio completo,"$2,400",Laurie,21 evaluaciones,5,"['5 huéspedes', '1 recámara', '3 camas', '1 baño', '\U000f0004\n21 evaluaciones', '\U000f0019\nVerificado']",https://www.airbnb.mx/rooms/9401244?location=Purgatory%20Resort&previous_page_section_name=1000
Purgatory Resort,"House 25miles north of Durango, Co",Casa entera,"$3,053",Paul,186 evaluaciones,5,"['6 huéspedes', '2 recámaras', '3 camas', '1 baño completo y uno de tocador', '\U000f0004\n246 evaluaciones', '\U000f0019\nVerificado']",https://www.airbnb.mx/rooms/3308815?location=Purgatory%20Resort&previous_page_section_name=1000
Purgatory Resort,Mountain Ski Condo,Casa entera,"$1,440",Carla,63 evaluaciones,5,"['4 huéspedes', '1 recámara', '1 cama', '1 baño', '\U000f0004\n63 evaluaciones', '\U000f0019\nVerificado']",https://www.airbnb.mx/rooms/18121840?location=Purgatory%20Resort&previous_page_section_name=1000
Purgatory Resort,Magnificient Views from our Hot Tub & 4 Bed 4 Bath,Condominio completo,"$2,881",Rob Or Scott,16 evaluaciones,5,"['14 huéspedes', '4 recámaras', '10 camas', '4 baños', '\U000f0004\n344 evaluaciones', '\U000f0019\nVerificado']",https://www.airbnb.mx/rooms/28963889?location=Purgatory%20Resort&previous_page_section_name=1000
Purgatory Resort,PRIVATE SLOPE-SIDE WITH BEST VIEWS ON THE MOUNTAIN,Alojamiento entero,"$1,901",Regina,8 evaluaciones,4.5,"['4 huéspedes', '1 recámara', '3 camas', '1 baño', '\U000f0004\n190 evaluaciones', '\U000f0019\nVerificado']",https://www.airbnb.mx/rooms/23749824?location=Purgatory%20Resort&previous_page_section_name=1000
Purgatory Resort,Awesome Views - Heated Pool - Free Ski Shuttle - 4th Night Free,Departamento entero,"$2,592",Premier Vacation Rentals,3 evaluaciones,4.5,"['6 huéspedes', '3 recámaras', '3 camas', '2 baños', '\U000f0004\n457 evaluaciones']",https://www.airbnb.mx/rooms/16253077?location=Purgatory%20Resort&previous_page_section_name=1000
Purgatory Resort,Mountain Townhome - Great Views - Free Shuttle,Casa adosada completa,"$2,842",Premier Vacation Rentals,1 evaluación,,"['7 huéspedes', '3 recámaras', '5 camas', '3 baños', '\U000f0004\n457 evaluaciones']",https://www.airbnb.mx/rooms/16253014?location=Purgatory%20Resort&previous_page_section_name=1000
Purgatory Resort,Awesome Views - Heated Pool - Free Ski Shuttle - Big TV - Enclosed Loft,Departamento entero,"$2,996",Premier Vacation Rentals,3 evaluaciones,4.5,"['8 huéspedes', '3 recámaras', '5 camas', '3 baños', '\U000f0004\n457 evaluaciones']",https://www.airbnb.mx/rooms/15737342?location=Purgatory%20Resort&previous_page_section_name=1000
Purgatory Resort,Newly Furnished Condo - Heated Pool - Free Ski Shuttle - 4th Night Free,Departamento entero,"$2,400",Premier Vacation Rentals,4 evaluaciones,4,"['8 huéspedes', '2 recámaras', '4 camas', '2 baños', '\U000f0004\n457 evaluaciones']",https://www.airbnb.mx/rooms/21995252?location=Purgatory%20Resort&previous_page_section_name=1000
Purgatory Resort,"NEW LISTING! Ski-in/out condo w/shared pool & hot tub, mountain & resort views",Departamento entero,"$1,421",Vacasa Colorado,4 evaluaciones,3,"['4 huéspedes', 'estudio', '2 camas', '1 baño', '\U000f0004\n1238 evaluaciones']",https://www.airbnb.mx/rooms/28091644?location=Purgatory%20Resort&previous_page_section_name=1000
Purgatory Resort,Summertime Fun Condo for Families & Couples,Condominio completo,"$1,901",Rob Or Scott,21 evaluaciones,5,"['10 huéspedes', '3 recámaras', '7 camas', '3 baños', '\U000f0004\n344 evaluaciones', '\U000f0019\nVerificado']",https://www.airbnb.mx/rooms/28430937?location=Purgatory%20Resort&previous_page_section_name=1000
Purgatory Resort,Walk-to-lift condo w/ mountain view balcony & shared hot tub!,Condominio completo,"$2,036",Vacasa Colorado,4 evaluaciones,5,"['5 huéspedes', '1 recámara', '3 camas', '1 baño', '\U000f0004\n1238 evaluaciones']",https://www.airbnb.mx/rooms/34684365?location=Purgatory%20Resort&previous_page_section_name=1000
Purgatory Resort,Corner Cliff Cottage - 1 Mile from Purg Ski Resort,Condominio completo,"$3,073",Elizabeth,11 evaluaciones,5,"['4 huéspedes', '1 recámara', '1 cama', '1 baño', '\U000f0004\n11 evaluaciones', '\U000f0019\nVerificado']",https://www.airbnb.mx/rooms/31382516?location=Purgatory%20Resort&previous_page_section_name=1000
Purgatory Resort,"Cozy 2 Bed/2 Bath Condo, Steps to the Slopes",Condominio completo,"$2,881",Barbara,14 evaluaciones,5,"['7 huéspedes', '2 recámaras', '4 camas', '2 baños', '\U000f0004\n14 evaluaciones', '\U000f0019\nVerificado']",https://www.airbnb.mx/rooms/27992770?location=Purgatory%20Resort&previous_page_section_name=1000
Purgatory Resort,The Hillside Hideaway,Condominio completo,"$1,344",Matt,106 evaluaciones,5,"['2 huéspedes', '1 recámara', '1 cama', '1 baño', '\U000f0004\n106 evaluaciones', '\U000f0019\nVerificado']",https://www.airbnb.mx/rooms/9150304?location=Purgatory%20Resort&previous_page_section_name=1000
Purgatory Resort,Completely Remodeled Ski in/Ski Out condo - Amazing Views and Great Deck,Departamento entero,"$2,420",Premier Vacation Rentals,5 evaluaciones,4.5,"['4 huéspedes', '1 recámara', '2 camas', '2 baños', '\U000f0004\n457 evaluaciones']",https://www.airbnb.mx/rooms/21498574?location=Purgatory%20Resort&previous_page_section_name=1000
Purgatory Resort,Awesome Views - Newly Updated Carpet/Tile - Heated Pool - 4th Night Free,Departamento entero,"$2,919",Premier Vacation Rentals,5 evaluaciones,5,"['8 huéspedes', '3 recámaras', '5 camas', '3 baños', '\U000f0004\n457 evaluaciones']",https://www.airbnb.mx/rooms/16253097?location=Purgatory%20Resort&previous_page_section_name=1000
Purgatory Resort,New Luxury Condo Steps to Lifts - Amazing Views,Departamento entero,"$2,957",Premier Vacation Rentals,5 evaluaciones,4.5,"['7 huéspedes', '2 recámaras', '4 camas', '2 baños', '\U000f0004\n457 evaluaciones']",https://www.airbnb.mx/rooms/16253022?location=Purgatory%20Resort&previous_page_section_name=1000
Purgatory Resort,Ski/In-Ski/Out @ Purgatory Ski Area TVC H-2,Condominio completo,"$3,457",Chris,4 evaluaciones,5,"['4 huéspedes', '2 recámaras', '3 camas', '2 baños', '\U000f0004\n42 evaluaciones']",https://www.airbnb.mx/rooms/30017217?location=Purgatory%20Resort&previous_page_section_name=1000
Purgatory Resort,"Ski-in/out condo w/ shared pool, hot tubs, fitness room, private balcony, & view",Condominio completo,"$3,111",Vacasa Colorado,1 evaluación,,"['6 huéspedes', '1 recámara', '3 camas', '1 baño', '\U000f0004\n1238 evaluaciones']",https://www.airbnb.mx/rooms/36277594?location=Purgatory%20Resort&previous_page_section_name=1000
Purgatory Resort,"Updated, mountain condo w/ a balcony & shared hot tub - close to resort!",Condominio completo,"$3,226",Vacasa Colorado,1 evaluación,,"['6 huéspedes', '2 recámaras', '4 camas', '2 baños', '\U000f0004\n1238 evaluaciones']",https://www.airbnb.mx/rooms/35262364?location=Purgatory%20Resort&previous_page_section_name=1000
Purgatory Resort,Mountain Townhome - Great Views - Free on Demand Ski Shuttle,Casa adosada completa,"$3,533",Premier Vacation Rentals,1 evaluación,,"['8 huéspedes', '3 recámaras', '4 camas', '3 baños', '\U000f0004\n457 evaluaciones']",https://www.airbnb.mx/rooms/16252869?location=Purgatory%20Resort&previous_page_section_name=1000
Purgatory Resort,Luxury Home Across from Purgatory - Views -Hot Tub - Ping Pong - Free Shuttle,Casa entera,"$5,531",Premier Vacation Rentals,1 evaluación,,"['10 huéspedes', '3 recámaras', '5 camas', '4 baños', '\U000f0004\n457 evaluaciones']",https://www.airbnb.mx/rooms/16252949?location=Purgatory%20Resort&previous_page_section_name=1000
Purgatory Resort,Beautiful Spacious Home next to Purgatory Resort,Casa entera,"$6,702",Roxanne,10 evaluaciones,5,"['10 huéspedes', '5 recámaras', '5 camas', '3 baños completos y uno de tocador', '\U000f0004\n10 evaluaciones', '\U000f0019\nVerificado']",https://www.airbnb.mx/rooms/24939212?location=Purgatory%20Resort&previous_page_section_name=1000
Purgatory Resort,Ski/In-Ski/Out @ Purgatory Ski Area TVC A-3,Condominio completo,"$2,881",Chris,8 evaluaciones,5,"['6 huéspedes', '1 recámara', '1 cama', '2 baños', '\U000f0004\n42 evaluaciones']",https://www.airbnb.mx/rooms/29817708?location=Purgatory%20Resort&previous_page_section_name=1000
Purgatory Resort,Ski/In-Ski/Out @ Purgatory Ski Area TVC C-2,Condominio completo,"$3,457",Chris,5 evaluaciones,5,"['6 huéspedes', '2 recámaras', '4 camas', '2 baños', '\U000f0004\n42 evaluaciones']",https://www.airbnb.mx/rooms/29799739?location=Purgatory%20Resort&previous_page_section_name=1000
Purgatory Resort,Spectacular Mountain Condo With Views!,Condominio completo,"$1,901",Krista,15 evaluaciones,5,"['4 huéspedes', '1 recámara', '2 camas', '1 baño', '\U000f0004\n15 evaluaciones', '\U000f0019\nVerificado']",https://www.airbnb.mx/rooms/1696464?location=Purgatory%20Resort&previous_page_section_name=1000
Purgatory Resort,New Luxury Condo Steps to Lifts - Amazing Views,Departamento entero,"$2,765",Premier Vacation Rentals,1 evaluación,,"['6 huéspedes', '2 recámaras', '4 camas', '2 baños', '\U000f0004\n457 evaluaciones']",https://www.airbnb.mx/rooms/16252911?location=Purgatory%20Resort&previous_page_section_name=1000
Purgatory Resort,YOUR OWN PRIVATE LODGE/SUMMER RETREAT -LARGE FAMILIES/GROUPS- BEST VIEWS ON THE MOUNTAIN,Alojamiento entero,"$5,665",Regina,13 evaluaciones,5,"['14 huéspedes', '3 recámaras', '10 camas', '3 baños', '\U000f0004\n190 evaluaciones', '\U000f0019\nVerificado']",https://www.airbnb.mx/rooms/23762983?location=Purgatory%20Resort&previous_page_section_name=1000
Purgatory Resort,Walk to lifts from this luxurious ski condo w/views - plus shared pool & hot tub,Condominio completo,"$2,708",Vacasa Colorado,1 evaluación,,"['4 huéspedes', '2 recámaras', '2 camas', '2 baños', '\U000f0004\n1444 evaluaciones']",https://www.airbnb.mx/rooms/16880718?location=Purgatory%20Resort&previous_page_section_name=1000
Purgatory Resort,Affordable Ski in/Ski Out Condo - Corner Unit,Departamento entero,"$2,688",Premier Vacation Rentals,1 evaluación,,"['8 huéspedes', '2 recámaras', '2 camas', '2 baños', '\U000f0004\n457 evaluaciones']",https://www.airbnb.mx/rooms/15737179?location=Purgatory%20Resort&previous_page_section_name=1000
Purgatory Resort,"3BR Purg TH, Slope Views, Smart TV, 2 fireplaces",Casa adosada completa,"$3,764",Hether,2 evaluaciones,,"['8 huéspedes', '3 recámaras', '5 camas', '2 baños completos y uno de tocador', '\U000f0004\n3 evaluaciones', '\U000f0019\nVerificado']",https://www.airbnb.mx/rooms/30883803?location=Purgatory%20Resort&previous_page_section_name=1000
Purgatory Resort,Luxury Condo - Steps to Lifts - Awesome Views,Departamento entero,"$2,688",Premier Vacation Rentals,1 evaluación,,"['6 huéspedes', '2 recámaras', '3 camas', '2 baños', '\U000f0004\n457 evaluaciones']",https://www.airbnb.mx/rooms/16252920?location=Purgatory%20Resort&previous_page_section_name=1000
Purgatory Resort,Awesome Views - Heated Pool - 4th Night Free - Free Ski Shuttle,Departamento entero,"$2,746",Premier Vacation Rentals,1 evaluación,,"['8 huéspedes', '3 recámaras', '3 camas', '2 baños', '\U000f0004\n457 evaluaciones']",https://www.airbnb.mx/rooms/16253016?location=Purgatory%20Resort&previous_page_section_name=1000
Purgatory Resort,Mountain Townhome - Great Views - Ping Pong Table - Professionally Decorated,Casa adosada completa,"$3,207",Premier Vacation Rentals,1 evaluación,,"['8 huéspedes', '3 recámaras', '5 camas', '3 baños', '\U000f0004\n457 evaluaciones']",https://www.airbnb.mx/rooms/16252865?location=Purgatory%20Resort&previous_page_section_name=1000
Purgatory Resort,Awesome Views - Heated Pool - Free Ski Shuttle - 4th Night Free,Departamento entero,"$3,188",Premier Vacation Rentals,1 evaluación,,"['8 huéspedes', '3 recámaras', '4 camas', '3 baños', '\U000f0004\n457 evaluaciones']",https://www.airbnb.mx/rooms/16253011?location=Purgatory%20Resort&previous_page_section_name=1000
Purgatory Resort,Affordable Remodeled Condo - Steps to the Lift,Condominio completo,"$2,669",Premier Vacation Rentals,,,"['6 huéspedes', '2 recámaras', '3 camas', '2 baños', '\U000f0004\n457 evaluaciones']",https://www.airbnb.mx/rooms/26987942?location=Purgatory%20Resort&previous_page_section_name=1000
Purgatory Resort,Professionally Decorated Luxury Townhome - Views - Ski in/Out - Ping Pong,Casa adosada completa,"$5,262",Premier Vacation Rentals,3 evaluaciones,5,"['12 huéspedes', '4 recámaras', '7 camas', '5 baños', '\U000f0004\n457 evaluaciones']",https://www.airbnb.mx/rooms/16252833?location=Purgatory%20Resort&previous_page_section_name=1000
Purgatory Resort,Beautiful Views Upgraded Townhome-Durango Mountain,Condominio completo,"$3,553",Larry & Veronica,7 evaluaciones,5,"['6 huéspedes', '2 recámaras', '4 camas', '2 baños', '\U000f0004\n7 evaluaciones', '\U000f0019\nVerificado']",https://www.airbnb.mx/rooms/13899274?location=Purgatory%20Resort&previous_page_section_name=1000
Purgatory Resort,Blackbear 46 * End Unit * 2100 ft of Luxury!,Casa adosada completa,"$4,494",Durango Colorado,2 evaluaciones,,"['8 huéspedes', '3 recámaras', '4 camas', '3 baños', '\U000f0004\n64 evaluaciones']",https://www.airbnb.mx/rooms/22550645?location=Purgatory%20Resort&previous_page_section_name=1000
Purgatory Resort,Beautiful Mountain Townhome B110,Casa adosada completa,"$5,185",Vacation Accommodations,6 evaluaciones,4,"['6 huéspedes', '3 recámaras', '4 camas', '2 baños completos y uno de tocador', '\U000f0004\n234 evaluaciones', '\U000f0019\nVerificado']",https://www.airbnb.mx/rooms/16349609?location=Purgatory%20Resort&previous_page_section_name=1000
Purgatory Resort,Luxury Ski In/Out Townhome on Creek - Views - Ski in/Out - Game Room,Casa adosada completa,"$5,262",Premier Vacation Rentals,1 evaluación,,"['10 huéspedes', '4 recámaras', '4 camas', '4 baños', '\U000f0004\n457 evaluaciones']",https://www.airbnb.mx/rooms/20859020?location=Purgatory%20Resort&previous_page_section_name=1000
Purgatory Resort,Luxury Townhome - Great Views/Fire Pit/BBQ - 4th Night Free - Heated Pool,Casa adosada completa,"$3,860",Premier Vacation Rentals,2 evaluaciones,,"['10 huéspedes', '3 recámaras', '5 camas', '3 baños', '\U000f0004\n457 evaluaciones']",https://www.airbnb.mx/rooms/16252830?location=Purgatory%20Resort&previous_page_section_name=1000
Purgatory Resort,Slopeside Studio-Great Value!,Condominio completo,"$1,536",Rick,30 evaluaciones,5,"['4 huéspedes', 'estudio', '1 cama', '1 baño', '\U000f0004\n50 evaluaciones', '\U000f0019\nVerificado']",https://www.airbnb.mx/rooms/16992411?location=Purgatory%20Resort&previous_page_section_name=1000
Purgatory Resort,Ski in/Ski Out - Great Views - Deck - Affordable,Departamento entero,"$1,440",Premier Vacation Rentals,6 evaluaciones,5,"['4 huéspedes', 'estudio', '2 camas', '1 baño', '\U000f0004\n457 evaluaciones']",https://www.airbnb.mx/rooms/16253089?location=Purgatory%20Resort&previous_page_section_name=1000
Purgatory Resort,Purgatory Lodge - Ski In/Out,Condominio completo,"$4,206",Terry,4 evaluaciones,5,"['8 huéspedes', '3 recámaras', '4 camas', '3 baños', '\U000f0004\n55 evaluaciones', '\U000f0019\nVerificado']",https://www.airbnb.mx/rooms/30371319?location=Purgatory%20Resort&previous_page_section_name=1000
Purgatory Resort,SLOPESIDE 2 BEDROOM-2 BATH Great value,Condominio completo,"$2,400",Rick,20 evaluaciones,5,"['6 huéspedes', '2 recámaras', '4 camas', '2 baños', '\U000f0004\n50 evaluaciones', '\U000f0019\nVerificado']",https://www.airbnb.mx/rooms/10624630?location=Purgatory%20Resort&previous_page_section_name=1000
Purgatory Resort,Ski/In-Ski/Out @ Purgatory Ski Area TVC E-2,Condominio completo,"$2,977",Chris,4 evaluaciones,5,"['6 huéspedes', '2 recámaras', '5 camas', '2 baños', '\U000f0004\n42 evaluaciones']",https://www.airbnb.mx/rooms/29801863?location=Purgatory%20Resort&previous_page_section_name=1000
Purgatory Resort,Ski/In-Ski/Out @ Purgatory Ski Area TVC A-4,Condominio completo,"$2,881",Chris,1 evaluación,,"['4 huéspedes', '1 recámara', '2 camas', '2 baños', '\U000f0004\n42 evaluaciones']",https://www.airbnb.mx/rooms/29820543?location=Purgatory%20Resort&previous_page_section_name=1000
Purgatory Resort,NEW LISTING! Serene retreat w/mountain view & shared hot tub - near Purgatory,Condominio completo,"$2,016",Vacasa Colorado,,,"['4 huéspedes', '2 recámaras', '3 camas', '2 baños', '\U000f0004\n564 evaluaciones']",https://www.airbnb.mx/rooms/28605448?location=Purgatory%20Resort&previous_page_section_name=1000
Purgatory Resort,Luxury Condo by Main Plaza - Walk to Slopes,Departamento entero,"$2,842",Premier Vacation Rentals,1 evaluación,,"['6 huéspedes', '3 recámaras', '4 camas', '2 baños', '\U000f0004\n457 evaluaciones']",https://www.airbnb.mx/rooms/22450198?location=Purgatory%20Resort&previous_page_section_name=1000
Purgatory Resort,New Luxury Condo Steps to Lifts,Departamento entero,"$2,669",Premier Vacation Rentals,5 evaluaciones,4.5,"['7 huéspedes', '2 recámaras', '3 camas', '2 baños', '\U000f0004\n457 evaluaciones']",https://www.airbnb.mx/rooms/16253065?location=Purgatory%20Resort&previous_page_section_name=1000
Purgatory Resort,Luxury Ski in/Ski Out Condo - Corner Unit - Views of the Slopes,Departamento entero,"$2,688",Premier Vacation Rentals,3 evaluaciones,5,"['6 huéspedes', '2 recámaras', '3 camas', '2 baños', '\U000f0004\n457 evaluaciones']",https://www.airbnb.mx/rooms/16253072?location=Purgatory%20Resort&previous_page_section_name=1000
Purgatory Resort,Remodeled Condo - Heated Pool - Free Ski Shuttle - 4th Night Free,Departamento entero,"$3,322",Premier Vacation Rentals,1 evaluación,,"['8 huéspedes', '3 recámaras', '4 camas', '2 baños', '\U000f0004\n457 evaluaciones']",https://www.airbnb.mx/rooms/16252924?location=Purgatory%20Resort&previous_page_section_name=1000
Purgatory Resort,Luxury Family Mountain Townhome W/Mtn Club Access,Casa adosada completa,"$3,361",Sean,5 evaluaciones,5,"['6 huéspedes', '3 recámaras', '5 camas', '2 baños completos y uno de tocador', '\U000f0004\n5 evaluaciones', '\U000f0019\nVerificado']",https://www.airbnb.mx/rooms/16719146?location=Purgatory%20Resort&previous_page_section_name=1000
Purgatory Resort,Largest Black Bear Townhome - Ping Pong Table - on Demand Ski Shuttle,Casa adosada completa,"$3,668",Premier Vacation Rentals,2 evaluaciones,,"['8 huéspedes', '3 recámaras', '4 camas', '3 baños', '\U000f0004\n457 evaluaciones']",https://www.airbnb.mx/rooms/16252857?location=Purgatory%20Resort&previous_page_section_name=1000
Purgatory Resort,New Townhome Across from Purgatory - Awesome Views - Hot Tub - Shuttle,Casa entera,"$5,607",Premier Vacation Rentals,,,"['12 huéspedes', '4 recámaras', '6 camas', '4 baños', '\U000f0004\n457 evaluaciones']",https://www.airbnb.mx/rooms/16252994?location=Purgatory%20Resort&previous_page_section_name=1000
Purgatory Resort,Affordable Studio Condo - Steps to Lift,Departamento entero,"$1,095",Premier Vacation Rentals,1 evaluación,,"['4 huéspedes', 'estudio', '2 camas', '1 baño', '\U000f0004\n457 evaluaciones']",https://www.airbnb.mx/rooms/16253050?location=Purgatory%20Resort&previous_page_section_name=1000
Purgatory Resort,Ski/In - Ski/Out @ Purgatory Ski Area TVC H-1,Condominio completo,"$2,977",Chris,,,"['6 huéspedes', '2 recámaras', '5 camas', '2 baños', '\U000f0004\n42 evaluaciones']",https://www.airbnb.mx/rooms/29488324?location=Purgatory%20Resort&previous_page_section_name=1000
Purgatory Resort,One Bedroom Condo Purgatory Resort Walk to Ski Lift PTH 138,Condominio completo,"$2,496",Vacation Accommodations,5 evaluaciones,4.5,"['4 huéspedes', '1 recámara', '3 camas', '1 baño', '\U000f0004\n234 evaluaciones', '\U000f0019\nVerificado']",https://www.airbnb.mx/rooms/19844293?location=Purgatory%20Resort&previous_page_section_name=1000
Purgatory Resort,Affordable Luxury Condo - Great Views - Steps to Lifts,Departamento entero,"$2,688",Premier Vacation Rentals,2 evaluaciones,,"['6 huéspedes', '2 recámaras', '3 camas', '2 baños', '\U000f0004\n457 evaluaciones']",https://www.airbnb.mx/rooms/16253020?location=Purgatory%20Resort&previous_page_section_name=1000
Purgatory Resort,"Luxury Home Across from Purg - Great Views, Deck - Free Shuttle",Casa entera,"$7,470",Premier Vacation Rentals,,,"['12 huéspedes', '4 recámaras', '7 camas', '5 baños', '\U000f0004\n457 evaluaciones']",https://www.airbnb.mx/rooms/16252984?location=Purgatory%20Resort&previous_page_section_name=1000
Purgatory Resort,Luxury Home Across from Purg - Hot Tub and Great Views - Free Shuttle,Casa entera,"$7,393",Premier Vacation Rentals,,,"['10 huéspedes', '4 recámaras', '5 camas', '4 baños', '\U000f0004\n457 evaluaciones']",https://www.airbnb.mx/rooms/16252995?location=Purgatory%20Resort&previous_page_section_name=1000
Purgatory Resort,"Silverpick #213, Purgatory Ski Resort Area Durango",Departamento entero,"$1,901",Jayson,24 evaluaciones,5,"['4 huéspedes', '1 recámara', '2 camas', '1 baño', '\U000f0004\n24 evaluaciones', '\U000f0019\nVerificado']",https://www.airbnb.mx/rooms/14831669?location=Purgatory%20Resort&previous_page_section_name=1000
Purgatory Resort,Pet Friendly - Affordable Ski in/Ski Out Condo - New Furniture - Views & Deck,Departamento entero,"$2,228",Premier Vacation Rentals,,,"['8 huéspedes', '2 recámaras', '4 camas', '2 baños', '\U000f0004\n457 evaluaciones']",https://www.airbnb.mx/rooms/35192173?location=Purgatory%20Resort&previous_page_section_name=1000
Purgatory Resort,Studio Condo at Purgatory Resort 03,Condominio completo,"$2,324",Vacation Accommodations,7 evaluaciones,5,"['4 huéspedes', 'estudio', '3 camas', '1 baño', '\U000f0004\n234 evaluaciones', '\U000f0019\nVerificado']",https://www.airbnb.mx/rooms/15812726?location=Purgatory%20Resort&previous_page_section_name=1000
Purgatory Resort,Luxury Ski In/Out townhome on Creek - Views - End Unit - Closest to slopes,Casa adosada completa,"$3,553",Premier Vacation Rentals,2 evaluaciones,,"['10 huéspedes', '3 recámaras', '5 camas', '4 baños', '\U000f0004\n457 evaluaciones']",https://www.airbnb.mx/rooms/29678305?location=Purgatory%20Resort&previous_page_section_name=1000
Purgatory Resort,Ski/In-Ski/Out @ Purgatory Ski Area TVC B-1,Condominio completo,"$3,457",Chris,1 evaluación,,"['6 huéspedes', '2 recámaras', '5 camas', '2 baños', '\U000f0004\n42 evaluaciones']",https://www.airbnb.mx/rooms/29365619?location=Purgatory%20Resort&previous_page_section_name=1000
Purgatory Resort,Ski-in/Ski-Out Condo in Purgatory Resort Plaza,Condominio completo,"$3,476",Premier Vacation Rentals,2 evaluaciones,,"['10 huéspedes', '3 recámaras', '5 camas', '3 baños', '\U000f0004\n457 evaluaciones']",https://www.airbnb.mx/rooms/29158420?location=Purgatory%20Resort&previous_page_section_name=1000
Purgatory Resort,"Contemporary alpine condo w/easy slope access & shared pool, hot tub, & sauna!",Condominio completo,"$3,361",Vacasa Colorado,3 evaluaciones,5,"['8 huéspedes', '3 recámaras', '5 camas', '2 baños', '\U000f0004\n1444 evaluaciones']",https://www.airbnb.mx/rooms/16880736?location=Purgatory%20Resort&previous_page_section_name=1000
Purgatory Resort,Luxury Ski In/Out townhome on Creek - Great Views,Casa adosada completa,"$3,476",Premier Vacation Rentals,4 evaluaciones,5,"['9 huéspedes', '3 recámaras', '4 camas', '4 baños', '\U000f0004\n457 evaluaciones']",https://www.airbnb.mx/rooms/16841678?location=Purgatory%20Resort&previous_page_section_name=1000
Purgatory Resort,Ski/In-Ski/Out @ Purgatory Ski Area TVC A-2,Condominio completo,"$2,881",Chris,3 evaluaciones,5,"['4 huéspedes', '1 recámara', '2 camas', '2 baños', '\U000f0004\n42 evaluaciones']",https://www.airbnb.mx/rooms/29803775?location=Purgatory%20Resort&previous_page_section_name=1000
Purgatory Resort,Great condo on the slopes at affordable prices,Condominio completo,"$2,592",Chris,21 evaluaciones,5,"['6 huéspedes', '2 recámaras', '4 camas', '2 baños', '\U000f0004\n24 evaluaciones', '\U000f0019\nVerificado']",https://www.airbnb.mx/rooms/16659153?location=Purgatory%20Resort&previous_page_section_name=1000
Purgatory Resort,Luxury Home Across from Purgatory with Great Views,Casa entera,"$7,393",Premier Vacation Rentals,2 evaluaciones,,"['11 huéspedes', '4 recámaras', '5 camas', '4 baños', '\U000f0004\n457 evaluaciones']",https://www.airbnb.mx/rooms/16252972?location=Purgatory%20Resort&previous_page_section_name=1000
Purgatory Resort,"Brand New Luxury Custom Home - Amazing Views, Game Room, Ping Pong, Hot Tub",Casa entera,"$10,370",Premier Vacation Rentals,,,"['8 huéspedes', '3 recámaras', '4 camas', '4 baños', '\U000f0004\n457 evaluaciones']",https://www.airbnb.mx/rooms/22161021?location=Purgatory%20Resort&previous_page_section_name=1000
Purgatory Resort,Affordable AngelHaus Condo at Purgatory,Condominio completo,$480,Chris,3 evaluaciones,3,"['5 huéspedes', '2 recámaras', '4 camas', '2 baños', '\U000f0004\n24 evaluaciones', '\U000f0019\nVerificado']",https://www.airbnb.mx/rooms/20633064?location=Purgatory%20Resort&previous_page_section_name=1000
Purgatory Resort,Premier Building at Purgatory - Ski in/Ski Out,Departamento entero,"$3,149",Premier Vacation Rentals,2 evaluaciones,,"['6 huéspedes', '2 recámaras', '3 camas', '2 baños', '\U000f0004\n457 evaluaciones']",https://www.airbnb.mx/rooms/20724319?location=Purgatory%20Resort&previous_page_section_name=1000
Purgatory Resort,Affordable Luxury Ski in/Ski Out Condo - Awesome Views,Casa adosada completa,"$3,341",Premier Vacation Rentals,2 evaluaciones,,"['10 huéspedes', '4 recámaras', '5 camas', '3 baños', '\U000f0004\n457 evaluaciones']",https://www.airbnb.mx/rooms/16252855?location=Purgatory%20Resort&previous_page_section_name=1000
Purgatory Resort,Ski/In-Ski/Out @ Purgatory Ski Area TVC F-2,Condominio completo,"$3,457",Chris,,,"['6 huéspedes', '2 recámaras', '5 camas', '2 baños', '\U000f0004\n42 evaluaciones']",https://www.airbnb.mx/rooms/29801050?location=Purgatory%20Resort&previous_page_section_name=1000
Purgatory Resort,Affordable Ski in/Ski Out Condo - Awesome Views,Departamento entero,"$3,476",Premier Vacation Rentals,,,"['10 huéspedes', '4 recámaras', '5 camas', '4 baños', '\U000f0004\n457 evaluaciones']",https://www.airbnb.mx/rooms/16252852?location=Purgatory%20Resort&previous_page_section_name=1000
Purgatory Resort,Luxury Durango Mountain Resort,Casa adosada completa,"$6,241",Marianne,6 evaluaciones,5,"['8 huéspedes', '3 recámaras', '4 camas', '3 baños', '\U000f0004\n6 evaluaciones', '\U000f0019\nVerificado']",https://www.airbnb.mx/rooms/8149402?location=Purgatory%20Resort&previous_page_section_name=1000
Purgatory Resort,Durango Resort Condo PTH127,Condominio completo,"$2,765",Vacation Accommodations,4 evaluaciones,4,"['4 huéspedes', '1 recámara', '1 cama', '1 baño', '\U000f0004\n234 evaluaciones', '\U000f0019\nVerificado']",https://www.airbnb.mx/rooms/17433111?location=Purgatory%20Resort&previous_page_section_name=1000
Purgatory Resort,"Luxury Home Across from Purg - Great Views, Deck - Free Ski Shuttle",Casa entera,"$6,088",Premier Vacation Rentals,1 evaluación,,"['10 huéspedes', '4 recámaras', '5 camas', '5 baños', '\U000f0004\n457 evaluaciones']",https://www.airbnb.mx/rooms/21407861?location=Purgatory%20Resort&previous_page_section_name=1000
Purgatory Resort,4th Floor Studio - Vews - Deck - Ski in/Ski Out - Affordable,Departamento entero,"$1,440",Premier Vacation Rentals,6 evaluaciones,4.5,"['4 huéspedes', 'estudio', '2 camas', '1 baño', '\U000f0004\n457 evaluaciones']",https://www.airbnb.mx/rooms/16253088?location=Purgatory%20Resort&previous_page_section_name=1000
Purgatory Resort,Ski/In-Ski/Out @ Purgatory Ski Area TVC C-1,Condominio completo,"$2,977",Chris,4 evaluaciones,5,"['7 huéspedes', '2 recámaras', '6 camas', '2 baños', '\U000f0004\n42 evaluaciones']",https://www.airbnb.mx/rooms/29778611?location=Purgatory%20Resort&previous_page_section_name=1000
Purgatory Resort,Top Floor Penthouse - Ski In/Out - Private Hot Tub and Sauna,Departamento entero,"$4,014",Premier Vacation Rentals,1 evaluación,,"['8 huéspedes', '3 recámaras', '4 camas', '3 baños', '\U000f0004\n457 evaluaciones']",https://www.airbnb.mx/rooms/23141216?location=Purgatory%20Resort&previous_page_section_name=1000
Purgatory Resort,"Modern townhouse w/ shared pool, ski & mountain views - walk to slopes!",Condominio completo,"$3,437",Vacasa Colorado,6 evaluaciones,5,"['6 huéspedes', '2 recámaras', '5 camas', '2 baños', '\U000f0004\n1425 evaluaciones']",https://www.airbnb.mx/rooms/19324422?location=Purgatory%20Resort&previous_page_section_name=1000
Purgatory Resort,New Luxury Condo Steps to Lifts - Professionally Decorated,Departamento entero,"$3,111",Premier Vacation Rentals,4 evaluaciones,4,"['8 huéspedes', '3 recámaras', '4 camas', '2 baños', '\U000f0004\n457 evaluaciones']",https://www.airbnb.mx/rooms/16253041?location=Purgatory%20Resort&previous_page_section_name=1000
Purgatory Resort,Luxury Condo by Main Plaza - Walk to Slopes - Gas Grill,Departamento entero,"$3,111",Premier Vacation Rentals,2 evaluaciones,,"['8 huéspedes', '3 recámaras', '4 camas', '3 baños', '\U000f0004\n457 evaluaciones']",https://www.airbnb.mx/rooms/16252842?location=Purgatory%20Resort&previous_page_section_name=1000
Purgatory Resort,Blackbear Cabin in Purgatory Ski resort,Casa adosada completa,"$3,841",Siri,3 evaluaciones,,"['8 huéspedes', '3 recámaras', '5 camas', '2 baños completos y uno de tocador', '\U000f0004\n9 evaluaciones', '\U000f0019\nVerificado']",https://www.airbnb.mx/rooms/16270886?location=Purgatory%20Resort&previous_page_section_name=1000
Purgatory Resort,Ski/In-Ski/Out @ Purgatory Ski Area TVC D-2,Condominio completo,"$2,977",Chris,1 evaluación,,"['6 huéspedes', '2 recámaras', '4 camas', '2 baños', '\U000f0004\n42 evaluaciones']",https://www.airbnb.mx/rooms/29800546?location=Purgatory%20Resort&previous_page_section_name=1000
Purgatory Resort,"Skier's dream w/ski-in/out access, hot tub, pool, & more!",Condominio completo,"$2,573",Vacasa Colorado,4 evaluaciones,4,"['6 huéspedes', '2 recámaras', '3 camas', '2 baños', '\U000f0004\n1425 evaluaciones']",https://www.airbnb.mx/rooms/16887651?location=Purgatory%20Resort&previous_page_section_name=1000
Purgatory Resort,Studio Condo Walk to Ski Lift P104,Condominio completo,"$2,592",Vacation Accommodations,2 evaluaciones,,"['3 huéspedes', 'estudio', '1 cama', '1 baño', '\U000f0004\n234 evaluaciones', '\U000f0019\nVerificado']",https://www.airbnb.mx/rooms/17400071?location=Purgatory%20Resort&previous_page_section_name=1000
Purgatory Resort,True Ski in/Ski Out - Just Remodeled - Amazing Views,Departamento entero,"$3,303",Premier Vacation Rentals,2 evaluaciones,,"['8 huéspedes', '3 recámaras', '4 camas', '2 baños', '\U000f0004\n457 evaluaciones']",https://www.airbnb.mx/rooms/16252859?location=Purgatory%20Resort&previous_page_section_name=1000
Purgatory Resort,Super Affordable Ski in/Ski Out Condo,Departamento entero,"$2,496",Premier Vacation Rentals,3 evaluaciones,4.5,"['6 huéspedes', '2 recámaras', '3 camas', '2 baños', '\U000f0004\n457 evaluaciones']",https://www.airbnb.mx/rooms/16253034?location=Purgatory%20Resort&previous_page_section_name=1000
Purgatory Resort,2 BR Condo Purgatory Durango PTH101,Condominio completo,"$3,188",Vacation Accommodations,2 evaluaciones,,"['6 huéspedes', '2 recámaras', '3 camas', '2 baños', '\U000f0004\n234 evaluaciones', '\U000f0019\nVerificado']",https://www.airbnb.mx/rooms/16203513?location=Purgatory%20Resort&previous_page_section_name=1000
Purgatory Resort,Cozy mountain condo w/ views & shared hot tub - walk to the slopes!,Condominio completo,"$1,978",Vacasa Colorado,4 evaluaciones,3.5,"['5 huéspedes', '2 recámaras', '4 camas', '2 baños', '\U000f0004\n1425 evaluaciones']",https://www.airbnb.mx/rooms/19324425?location=Purgatory%20Resort&previous_page_section_name=1000
Purgatory Resort,Ski/In - Ski/Out at Purgatory Ski Area TVC F-1,Condominio completo,"$2,977",Chris,2 evaluaciones,,"['6 huéspedes', '2 recámaras', '4 camas', '2 baños', '\U000f0004\n42 evaluaciones']",https://www.airbnb.mx/rooms/29485632?location=Purgatory%20Resort&previous_page_section_name=1000
Purgatory Resort,Ski/In-Ski/Out @ Purgatory Ski Area TVC E-1,Condominio completo,"$3,457",Chris,2 evaluaciones,,"['6 huéspedes', '2 recámaras', '6 camas', '2 baños', '\U000f0004\n42 evaluaciones']",https://www.airbnb.mx/rooms/29543148?location=Purgatory%20Resort&previous_page_section_name=1000
Purgatory Resort,Ski/In-ski/Out @ Purgatory Ski Area TVC G-2,Condominio completo,"$3,457",Chris,,,"['6 huéspedes', '2 recámaras', '4 camas', '2 baños', '\U000f0004\n42 evaluaciones']",https://www.airbnb.mx/rooms/29803152?location=Purgatory%20Resort&previous_page_section_name=1000
Purgatory Resort,Luxury Condo Steps to Lifts - Corner Unit - Great Views - Large Deck,Departamento entero,"$3,111",Premier Vacation Rentals,1 evaluación,,"['6 huéspedes', '2 recámaras', '3 camas', '2 baños', '\U000f0004\n457 evaluaciones']",https://www.airbnb.mx/rooms/16253007?location=Purgatory%20Resort&previous_page_section_name=1000
Purgatory Resort,Purgatory Lodge Ski In Ski Out 3 Bed/3 Bath Condo,Condominio completo,"$3,937",Theresa,1 evaluación,,"['8 huéspedes', '3 recámaras', '4 camas', '3 baños', '\U000f0004\n1 evaluación', '\U000f0019\nVerificado']",https://www.airbnb.mx/rooms/28032397?location=Purgatory%20Resort&previous_page_section_name=1000
Purgatory Resort,Ski/In-Ski/Out @ Purgatory Ski Area TVC B-2,Condominio completo,"$3,073",Chris,1 evaluación,,"['6 huéspedes', '2 recámaras', '4 camas', '2 baños', '\U000f0004\n42 evaluaciones']",https://www.airbnb.mx/rooms/29803714?location=Purgatory%20Resort&previous_page_section_name=1000
Purgatory Resort,"Cozy, affordable condo with shared hot tub at Purgatory Ski Resort",Condominio completo,"$2,074",Vacasa Colorado,1 evaluación,,"['2 huéspedes', '1 recámara', '1 cama', '1 baño', '\U000f0004\n1444 evaluaciones']",https://www.airbnb.mx/rooms/16880726?location=Purgatory%20Resort&previous_page_section_name=1000
Purgatory Resort,Luxury Condo by Main Plaza - Walk to Slopes - Amazing Views,Departamento entero,"$4,551",Premier Vacation Rentals,1 evaluación,,"['10 huéspedes', '4 recámaras', '6 camas', '4 baños', '\U000f0004\n457 evaluaciones']",https://www.airbnb.mx/rooms/35193968?location=Purgatory%20Resort&previous_page_section_name=1000
Purgatory Resort,"Ski-in/Ski-out alpine condo, with mountain views & prime location",Condominio completo,"$3,841",Vacasa Colorado,1 evaluación,,"['8 huéspedes', '4 recámaras', '5 camas', '2 baños completos y uno de tocador', '\U000f0004\n1425 evaluaciones']",https://www.airbnb.mx/rooms/16887660?location=Purgatory%20Resort&previous_page_section_name=1000
Purgatory Resort,The Cantilever Lodge - Purgatory’s Finest Luxury Home,Casa entera,"$9,448",Premier Vacation Rentals,4 evaluaciones,5,"['12 huéspedes', '6 recámaras', '7 camas', '4 baños', '\U000f0004\n457 evaluaciones']",https://www.airbnb.mx/rooms/17749663?location=Purgatory%20Resort&previous_page_section_name=1000
Purgatory Resort,Ski/In-Ski/Out @ Purgatory Ski Area TVC G-1,Condominio completo,"$3,457",Chris,2 evaluaciones,,"['6 huéspedes', '2 recámaras', '4 camas', '2 baños', '\U000f0004\n42 evaluaciones']",https://www.airbnb.mx/rooms/29780808?location=Purgatory%20Resort&previous_page_section_name=1000
Purgatory Resort,Ski/In-Ski/Out @ Purgatory Ski Area TVC D-1,Condominio completo,"$3,457",Chris,4 evaluaciones,5,"['6 huéspedes', '2 recámaras', '4 camas', '2 baños', '\U000f0004\n42 evaluaciones']",https://www.airbnb.mx/rooms/29776052?location=Purgatory%20Resort&previous_page_section_name=1000
Purgatory Resort,Luxury Townhome - Ski in/Ski Out - Best Location,Casa adosada completa,"$4,628",Premier Vacation Rentals,,,"['10 huéspedes', '4 recámaras', '5 camas', '5 baños', '\U000f0004\n457 evaluaciones']",https://www.airbnb.mx/rooms/29054356?location=Purgatory%20Resort&previous_page_section_name=1000
Purgatory Resort,"Great location, skiing just steps away. Enjoy the ultimate luxury accomodations!",Casa adosada completa,"$4,302",Durango Colorado,3 evaluaciones,4.5,"['7 huéspedes', '3 recámaras', '4 camas', '3 baños', '\U000f0004\n64 evaluaciones']",https://www.airbnb.mx/rooms/15999842?location=Purgatory%20Resort&previous_page_section_name=1000
Purgatory Resort,Ski In Ski Out Two Bedroom Condo at Purgatory B8,Condominio completo,"$3,745",Vacation Accommodations,1 evaluación,,"['6 huéspedes', '2 recámaras', '3 camas', '3 baños', '\U000f0004\n234 evaluaciones', '\U000f0019\nVerificado']",https://www.airbnb.mx/rooms/19505270?location=Purgatory%20Resort&previous_page_section_name=1000
Purgatory Resort,Purgatory Resort Two-Bedroom Condo Sleeps Seven,Condominio completo,"$3,591",Vacation Accommodations,4 evaluaciones,4,"['7 huéspedes', '2 recámaras', '4 camas', '2 baños', '\U000f0004\n234 evaluaciones', '\U000f0019\nVerificado']",https://www.airbnb.mx/rooms/19387305?location=Purgatory%20Resort&previous_page_section_name=1000
Purgatory Resort,Two Bedroom Condo Walk to Ski Lift PTH 112,Condominio completo,"$3,361",Vacation Accommodations,1 evaluación,,"['6 huéspedes', '2 recámaras', '3 camas', '2 baños', '\U000f0004\n234 evaluaciones', '\U000f0019\nVerificado']",https://www.airbnb.mx/rooms/19843688?location=Purgatory%20Resort&previous_page_section_name=1000
Purgatory Resort,Premier Building at Purgatory - Views - Ski in/Ski Out - Corner Unit,Departamento entero,"$5,089",Premier Vacation Rentals,,,"['10 huéspedes', '4 recámaras', '5 camas', '4 baños', '\U000f0004\n457 evaluaciones']",https://www.airbnb.mx/rooms/16253052?location=Purgatory%20Resort&previous_page_section_name=1000
Purgatory Resort,"This IS the location on the mountain! Stunning 4-bedroom, 3.5 bath condo",Condominio completo,"$5,281",Durango Colorado,1 evaluación,,"['11 huéspedes', '4 recámaras', '5 camas', '3 baños completos y uno de tocador', '\U000f0004\n64 evaluaciones']",https://www.airbnb.mx/rooms/23147973?location=Purgatory%20Resort&previous_page_section_name=1000
Purgatory Resort,"Ski-in/ski-out condo w/ mountain views shared pool, hot tubs, & more!",Condominio completo,"$3,783",Vacasa Colorado,,,"['4 huéspedes', '3 recámaras', '4 camas', '2 baños', '\U000f0004\n1425 evaluaciones']",https://www.airbnb.mx/rooms/20083779?location=Purgatory%20Resort&previous_page_section_name=1000
Purgatory Resort,Great Condo Walk to Ski Lift PTH108,Condominio completo,"$1,959",Vacation Accommodations,9 evaluaciones,4.5,"['3 huéspedes', 'estudio', '1 cama', '1 baño', '\U000f0004\n234 evaluaciones', '\U000f0019\nVerificado']",https://www.airbnb.mx/rooms/17432154?location=Purgatory%20Resort&previous_page_section_name=1000
Purgatory Resort,Studio Condo at Purgatory Resort Walk to Ski Lift PTH 114,Condominio completo,"$1,959",Vacation Accommodations,16 evaluaciones,4,"['3 huéspedes', 'estudio', '1 cama', '1 baño', '\U000f0004\n234 evaluaciones', '\U000f0019\nVerificado']",https://www.airbnb.mx/rooms/19843971?location=Purgatory%20Resort&previous_page_section_name=1000
Purgatory Resort,"Slope-side Purgatory escape with wood stove, shared hot tub, pool, & more!",Condominio completo,"$1,498",Vacasa Colorado,5 evaluaciones,5,"['8 huéspedes', '2 recámaras', '4 camas', '2 baños', '\U000f0004\n1425 evaluaciones']",https://www.airbnb.mx/rooms/16887658?location=Purgatory%20Resort&previous_page_section_name=1000
Purgatory Resort,Completed Remodeled - Large Townhome - Amazing Views - Steps to Lifts,Casa adosada completa,"$4,455",Premier Vacation Rentals,2 evaluaciones,,"['10 huéspedes', '3 recámaras', '5 camas', '4 baños', '\U000f0004\n457 evaluaciones']",https://www.airbnb.mx/rooms/16252828?location=Purgatory%20Resort&previous_page_section_name=1000
