Whistler,˙Studio Condo Whistler Village 223,Departamento entero,"$1,090",Bill,400 evaluaciones,5,"['2 huéspedes', 'estudio', '1 cama', '1 baño', '\U000f0004\n5069 evaluaciones', '\U000f0019\nVerificado']",https://www.airbnb.mx/rooms/12071124?location=Whistler&previous_page_section_name=1000
Whistler,Studio Condo Upper Village Tranquility,Departamento entero,"$1,163",Bill,479 evaluaciones,5,"['4 huéspedes', 'estudio', '2 camas', '1 baño', '\U000f0004\n5069 evaluaciones', '\U000f0019\nVerificado']",https://www.airbnb.mx/rooms/7309668?location=Whistler&previous_page_section_name=1000
Whistler,˙Studio Condo Whistler Village 201,Condominio completo,"$1,163",Bill,144 evaluaciones,5,"['3 huéspedes', 'estudio', '2 camas', '1 baño', '\U000f0004\n5069 evaluaciones', '\U000f0019\nVerificado']",https://www.airbnb.mx/rooms/22196091?location=Whistler&previous_page_section_name=1000
Whistler,˙Studio Condo Whistler Village 207,Departamento entero,"$1,235",Bill,287 evaluaciones,5,"['4 huéspedes', 'estudio', '2 camas', '1 baño', '\U000f0004\n5069 evaluaciones', '\U000f0019\nVerificado']",https://www.airbnb.mx/rooms/16041781?location=Whistler&previous_page_section_name=1000
Whistler,Modern Mountain Studio in the Village,Departamento con servicios completo,"$1,875",Anya,134 evaluaciones,5,"['2 huéspedes', '1 recámara', '1 cama', '1 baño', '\U000f0004\n248 evaluaciones', '\U000f0019\nVerificado']",https://www.airbnb.mx/rooms/14438965?location=Whistler&previous_page_section_name=1000
Whistler,ˑEight People Upper Village Tranquility,Condominio completo,"$1,235",Bill,320 evaluaciones,5,"['8 huéspedes', '1 recámara', '4 camas', '2 baños', '\U000f0004\n5069 evaluaciones', '\U000f0019\nVerificado']",https://www.airbnb.mx/rooms/13335461?location=Whistler&previous_page_section_name=1000
Whistler,Newly updated condo at Blackcomb base,Condominio completo,"$1,453",Caroline,122 evaluaciones,4.5,"['4 huéspedes', '1 recámara', '1 cama', '1 baño', '\U000f0004\n247 evaluaciones', '\U000f0019\nVerificado']",https://www.airbnb.mx/rooms/13126268?location=Whistler&previous_page_section_name=1000
Whistler,Minimalist Vibe with Amazing Mountain Views,Departamento con servicios completo,"$2,746",Victoria And Christian,338 evaluaciones,5,"['4 huéspedes', '1 recámara', '1 cama', '1 baño', '\U000f0004\n1178 evaluaciones', '\U000f0019\nVerificado']",https://www.airbnb.mx/rooms/13283018?location=Whistler&previous_page_section_name=1000
Whistler,Well Located Whistler Home With A View,Casa entera,"$1,177",Graham,2 evaluaciones,,"['6 huéspedes', '3 recámaras', '4 camas', '2 baños', '\U000f0004\n2 evaluaciones', '\U000f0019\nVerificado']",https://www.airbnb.mx/rooms/25841820?location=Whistler&previous_page_section_name=1000
Whistler,Whistler Village Main St. Suite,Departamento entero,"$1,816",Dan,98 evaluaciones,5,"['3 huéspedes', 'estudio', '5 camas', '1 baño', '\U000f0004\n111 evaluaciones', '\U000f0019\nVerificado']",https://www.airbnb.mx/rooms/29690566?location=Whistler&previous_page_section_name=1000
Whistler,Whistler Village-Great location-Free Parking,Condominio completo,"$1,439",Marco,125 evaluaciones,5,"['4 huéspedes', '1 recámara', '2 camas', '1 baño', '\U000f0004\n125 evaluaciones', '\U000f0019\nVerificado']",https://www.airbnb.mx/rooms/25107534?location=Whistler&previous_page_section_name=1000
Whistler,"Market Pavilion 303 - Great village location, free parking and wifi",Condominio completo,"$1,351",Whistler Superior,1 evaluación,,"['4 huéspedes', 'estudio', '2 camas', '1 baño', '\U000f0004\n116 evaluaciones']",https://www.airbnb.mx/rooms/30015257?location=Whistler&previous_page_section_name=1000
Whistler,Captivating Townhouse in Whistler Village w/Deck,Casa adosada completa,"$1,671",Dany,,,"['6 huéspedes', '2 recámaras', '2 camas', '2 baños', '\U000f0004\n197 evaluaciones']",https://www.airbnb.mx/rooms/35936116?location=Whistler&previous_page_section_name=1000
Whistler,"Heart of village, full condo, modern, hot tub",Condominio completo,"$1,453",Sara,164 evaluaciones,5,"['4 huéspedes', 'estudio', '1 cama', '1 baño completo y uno de tocador', '\U000f0004\n176 evaluaciones', '\U000f0019\nVerificado']",https://www.airbnb.mx/rooms/16605113?location=Whistler&previous_page_section_name=1000
Whistler,Updated Ground Floor Condo at The Marquise on Blackcomb,Condominio completo,"$1,657",Whistler Superior,1 evaluación,,"['4 huéspedes', '1 recámara', '2 camas', '1 baño', '\U000f0004\n116 evaluaciones']",https://www.airbnb.mx/rooms/30015380?location=Whistler&previous_page_section_name=1000
Whistler,Whistler ski studio,Condominio completo,"$1,148",Ruby,114 evaluaciones,5,"['3 huéspedes', 'estudio', '2 camas', '1 baño', '\U000f0004\n160 evaluaciones', '\U000f0019\nVerificado']",https://www.airbnb.mx/rooms/21913642?location=Whistler&previous_page_section_name=1000
Whistler,Peak View Penthouse,Loft entero,"$1,875",Jane & James,161 evaluaciones,5,"['4 huéspedes', '1 recámara', '1 cama', '1 baño', '\U000f0004\n161 evaluaciones', '\U000f0019\nVerificado']",https://www.airbnb.mx/rooms/13348663?location=Whistler&previous_page_section_name=1000
Whistler,·Hotel Room Upper Village Tranquility,Alojamiento entero,"$1,381",Bill,517 evaluaciones,5,"['2 huéspedes', '1 cama', '1 baño', '\U000f0004\n5069 evaluaciones', '\U000f0019\nVerificado']",https://www.airbnb.mx/rooms/7310283?location=Whistler&previous_page_section_name=1000
Whistler,Symphony Studio in Whistler Village,Departamento entero,"$1,744",Musubi,198 evaluaciones,5,"['4 huéspedes', 'estudio', '2 camas', '1 baño', '\U000f0004\n198 evaluaciones', '\U000f0019\nVerificado']",https://www.airbnb.mx/rooms/18074253?location=Whistler&previous_page_section_name=1000
Whistler,˙Studio Condo Whistler Village 224,Departamento entero,"$1,090",Bill,422 evaluaciones,5,"['2 huéspedes', 'estudio', '1 cama', '1 baño', '\U000f0004\n5069 evaluaciones', '\U000f0019\nVerificado']",https://www.airbnb.mx/rooms/12056053?location=Whistler&previous_page_section_name=1000
Whistler,Cozy studio on Main Street with hot tub and pool,Condominio completo,"$1,293",Jenny And Roman,212 evaluaciones,5,"['2 huéspedes', 'estudio', '1 cama', '1 baño', '\U000f0004\n547 evaluaciones', '\U000f1101\n1 Recomendación', '\U000f0019\nVerificado']",https://www.airbnb.mx/rooms/17942811?location=Whistler&previous_page_section_name=1000
Whistler,ˑHotel Room 2 Queen Beds Upper Village Tranquility,Departamento entero,"$1,163",Bill,39 evaluaciones,4.5,"['4 huéspedes', 'estudio', '2 camas', '1 baño', '\U000f0004\n5069 evaluaciones', '\U000f0019\nVerificado']",https://www.airbnb.mx/rooms/29685632?location=Whistler&previous_page_section_name=1000
Whistler,"Ski-in, Ski-Out Condo, The Aspens",Departamento con servicios completo,"$1,744",Jayne,95 evaluaciones,5,"['4 huéspedes', '1 recámara', '2 camas', '1 baño', '\U000f0004\n142 evaluaciones', '\U000f0019\nVerificado']",https://www.airbnb.mx/rooms/3802963?location=Whistler&previous_page_section_name=1000
Whistler,Bright Studio on Main Street w pool/hot tub,Condominio completo,"$1,293",Jenny And Roman,166 evaluaciones,5,"['4 huéspedes', 'estudio', '2 camas', '1 baño', '\U000f0004\n547 evaluaciones', '\U000f1101\n1 Recomendación', '\U000f0019\nVerificado']",https://www.airbnb.mx/rooms/19895993?location=Whistler&previous_page_section_name=1000
Whistler,Newly renovated 1 Bdr townhouse,Casa adosada completa,"$1,632",Karen And Gord,61 evaluaciones,5,"['4 huéspedes', '1 recámara', '2 camas', '1 baño', '\U000f0004\n61 evaluaciones', '\U000f0019\nVerificado']",https://www.airbnb.mx/rooms/25264112?location=Whistler&previous_page_section_name=1000
Whistler,Village Townhome: Outdoor Hot Tub & Pool,Casa adosada completa,"$1,526",Mike + Fallon,149 evaluaciones,5,"['4 huéspedes', '1 recámara', '1 cama', '1 baño', '\U000f0004\n245 evaluaciones', '\U000f0019\nVerificado']",https://www.airbnb.mx/rooms/16757103?location=Whistler&previous_page_section_name=1000
Whistler,STUNNING 1BR Apt at the Heart of Whistler Village,Condominio completo,"$1,003",Rosario,75 evaluaciones,5,"['4 huéspedes', '1 recámara', '2 camas', '1 baño', '\U000f0004\n75 evaluaciones', '\U000f0019\nVerificado']",https://www.airbnb.mx/rooms/24603783?location=Whistler&previous_page_section_name=1000
Whistler,☀️Couples' Paradise - Hot Tub |Free Parking |Views,Condominio completo,"$1,657",Christine,31 evaluaciones,5,"['4 huéspedes', '1 recámara', '2 camas', '1 baño', '\U000f0004\n332 evaluaciones', '\U000f0019\nVerificado']",https://www.airbnb.mx/rooms/32895971?location=Whistler&previous_page_section_name=1000
Whistler,"Private Mezzanine POD (single occupancy) in the centre of Whistler Village – 200m from the Whistler Village gondolas, with a lounge, cafe and rooftop bar.",Habitación compartida en hostal,$945,Pangea,7 evaluaciones,5,"['1 huésped', '1 recámara', '1 cama', '\U000f0004\n22 evaluaciones']",https://www.airbnb.mx/rooms/35681864?location=Whistler&previous_page_section_name=1000
Whistler,The Marquise #407 - Renovated Suite with Amazing Mountain Views,Condominio completo,"$1,657",Whistler Superior,,,"['4 huéspedes', '1 recámara', '2 camas', '1 baño', '\U000f0004\n116 evaluaciones']",https://www.airbnb.mx/rooms/30015359?location=Whistler&previous_page_section_name=1000
Whistler,"True Ski-in Ski-out, Studio, Greystone Lodge",Condominio completo,"$1,003",Lily,98 evaluaciones,4.5,"['2 huéspedes', 'estudio', '2 camas', '1 baño', '\U000f0004\n223 evaluaciones', '\U000f0019\nVerificado']",https://www.airbnb.mx/rooms/21255689?location=Whistler&previous_page_section_name=1000
Whistler,1 BR Townhome with Private Hot Tub - FREE PARKING,Casa adosada completa,"$1,671",Ian,313 evaluaciones,4.5,"['4 huéspedes', '1 recámara', '2 camas', '1 baño', '\U000f0004\n772 evaluaciones', '\U000f0019\nVerificado']",https://www.airbnb.mx/rooms/2520507?location=Whistler&previous_page_section_name=1000
Whistler,Whistler Creekside Villa - single nights now open!,Departamento entero,"$1,148",Beth,338 evaluaciones,4.5,"['2 huéspedes', '1 recámara', '1 cama', '1 baño', '\U000f0004\n340 evaluaciones', '\U000f0019\nVerificado']",https://www.airbnb.mx/rooms/1295382?location=Whistler&previous_page_section_name=1000
Whistler,MAIN VILLAGE SQUARE = Super central location!,Departamento entero,"$1,729",Clare And Mike,307 evaluaciones,5,"['4 huéspedes', '1 recámara', '2 camas', '1 baño', '\U000f0004\n562 evaluaciones', '\U000f0019\nVerificado']",https://www.airbnb.mx/rooms/14900711?location=Whistler&previous_page_section_name=1000
Whistler,˯Studio Condo Whistler Village 422,Departamento entero,"$1,526",Bill,327 evaluaciones,5,"['3 huéspedes', 'estudio', '2 camas', '1 baño', '\U000f0004\n5069 evaluaciones', '\U000f0019\nVerificado']",https://www.airbnb.mx/rooms/12310742?location=Whistler&previous_page_section_name=1000
Whistler,Spacious 1 bedroom with Free parking and Cable TV,Condominio completo,"$1,439",Alison,170 evaluaciones,5,"['4 huéspedes', '1 recámara', '2 camas', '1 baño', '\U000f0004\n954 evaluaciones', '\U000f0019\nVerificado']",https://www.airbnb.mx/rooms/19874956?location=Whistler&previous_page_section_name=1000
Whistler,"Great Space, Great Location to Experience Whistler",Habitación privada en dormitorio para invitados,$698,Jay,45 evaluaciones,4.5,"['2 huéspedes', '1 recámara', '1 cama', '1 baño privado', '\U000f0004\n45 evaluaciones']",https://www.airbnb.mx/rooms/32728693?location=Whistler&previous_page_section_name=1000
Whistler,Cozy Mountain View Studio in Whistler Village,Departamento entero,"$1,889",Aran,136 evaluaciones,5,"['3 huéspedes', 'estudio', '0 camas', '1 baño', '\U000f0004\n375 evaluaciones', '\U000f0019\nVerificado']",https://www.airbnb.mx/rooms/22361449?location=Whistler&previous_page_section_name=1000
Whistler,Whistler Village Studio - MarketPlace Lodge 310,Condominio completo,"$1,729",Kevin,126 evaluaciones,5,"['4 huéspedes', 'estudio', '2 camas', '1 baño', '\U000f0004\n126 evaluaciones', '\U000f0019\nVerificado']",https://www.airbnb.mx/rooms/18687745?location=Whistler&previous_page_section_name=1000
Whistler,"Whistler Village Studio, Pool & Hot Tub",Departamento con servicios completo,"$1,163",Christian,87 evaluaciones,5,"['4 huéspedes', 'estudio', '2 camas', '1 baño', '\U000f0004\n87 evaluaciones', '\U000f0019\nVerificado']",https://www.airbnb.mx/rooms/17964355?location=Whistler&previous_page_section_name=1000
Whistler,ˑStudio Condo Murphy Bed Upper Village Tranquility,Departamento entero,"$1,598",Bill,75 evaluaciones,5,"['4 huéspedes', 'estudio', '2 camas', '1 baño', '\U000f0004\n5070 evaluaciones', '\U000f0019\nVerificado']",https://www.airbnb.mx/rooms/29397702?location=Whistler&previous_page_section_name=1000
Whistler,Cozy 1 Bedroom Apartment in Whistler (Creekside).,Departamento entero,"$1,235",Lizzy,89 evaluaciones,5,"['3 huéspedes', '1 recámara', '1 cama', '1 baño', '\U000f0004\n89 evaluaciones', '\U000f0019\nVerificado']",https://www.airbnb.mx/rooms/26424477?location=Whistler&previous_page_section_name=1000
Whistler,The Marquise 104 - Steps from the slopes includes free wifi,Condominio completo,"$1,657",Whistler Superior,3 evaluaciones,4,"['4 huéspedes', '1 recámara', '2 camas', '1 baño', '\U000f0004\n116 evaluaciones']",https://www.airbnb.mx/rooms/30015265?location=Whistler&previous_page_section_name=1000
Whistler,˙Studio Condo Whistler Village 209,Departamento entero,"$1,526",Bill,383 evaluaciones,5,"['2 huéspedes', 'estudio', '1 cama', '1 baño', '\U000f0004\n5070 evaluaciones', '\U000f0019\nVerificado']",https://www.airbnb.mx/rooms/12010549?location=Whistler&previous_page_section_name=1000
Whistler,"Cozy, 1BD Whistler Village Condo - FREE PARKING",Condominio completo,"$1,075",Blackcomb Peaks Accommodation,56 evaluaciones,5,"['4 huéspedes', '1 recámara', '0 camas', '1 baño', '\U000f0004\n742 evaluaciones']",https://www.airbnb.mx/rooms/28867835?location=Whistler&previous_page_section_name=1000
Whistler,"Large, bright main street studio with pool/hot tub",Condominio completo,"$1,293",Jenny And Roman,169 evaluaciones,5,"['4 huéspedes', 'estudio', '2 camas', '1 baño', '\U000f0004\n547 evaluaciones', '\U000f1101\n1 Recomendación', '\U000f0019\nVerificado']",https://www.airbnb.mx/rooms/19054186?location=Whistler&previous_page_section_name=1000
Whistler,"Whistler Village(Parking,WiFi,Outdoor Hot Tub)",Casa adosada completa,"$1,526",Mike + Fallon,96 evaluaciones,5,"['4 huéspedes', '1 recámara', '2 camas', '1 baño', '\U000f0004\n245 evaluaciones', '\U000f0019\nVerificado']",https://www.airbnb.mx/rooms/22570546?location=Whistler&previous_page_section_name=1000
Whistler,Executive condo in the Village with unreal view!,Departamento entero,"$1,816",Brock,86 evaluaciones,5,"['5 huéspedes', '2 recámaras', '4 camas', '2 baños', '\U000f0004\n87 evaluaciones', '\U000f0019\nVerificado']",https://www.airbnb.mx/rooms/16793278?location=Whistler&previous_page_section_name=1000
Whistler,New with a View & Steps to Ski Lifts,Casa adosada completa,"$1,235",Luke,21 evaluaciones,5,"['4 huéspedes', '1 recámara', '3 camas', '1 baño', '\U000f0004\n21 evaluaciones', '\U000f0019\nVerificado']",https://www.airbnb.mx/rooms/35427386?location=Whistler&previous_page_section_name=1000
Whistler,Steps to both Whistler Blackcomb gondolas!!,Departamento entero,"$2,180",Jimmy,,,"['6 huéspedes', '1 recámara', '1 cama', '1 baño', '\U000f0019\nVerificado']",https://www.airbnb.mx/rooms/32849327?location=Whistler&previous_page_section_name=1000
Whistler,"Market Pavilion 313 - Village North studio, close to everything, full kitchen",Condominio completo,"$1,511",Whistler Superior,7 evaluaciones,4.5,"['4 huéspedes', 'estudio', '2 camas', '1 baño', '\U000f0004\n116 evaluaciones']",https://www.airbnb.mx/rooms/30015260?location=Whistler&previous_page_section_name=1000
Whistler,"Cozy 1 BR Condo sleeps 4, FREE Parking, ski in/out",Condominio completo,"$1,526",Hayley & Micah,163 evaluaciones,5,"['4 huéspedes', '1 recámara', '2 camas', '1 baño', '\U000f0004\n163 evaluaciones', '\U000f0019\nVerificado']",https://www.airbnb.mx/rooms/11225635?location=Whistler&previous_page_section_name=1000
Whistler,"Painted Cliff Ski-in, Ski-out Luxury with serene mountain views, sleeps 6 (43)",Casa adosada completa,"$2,746",Blackcomb Peaks Accommodation,28 evaluaciones,5,"['8 huéspedes', '2 recámaras', '3 camas', '2 baños', '\U000f0004\n742 evaluaciones']",https://www.airbnb.mx/rooms/21896276?location=Whistler&previous_page_section_name=1000
Whistler,Quiet Mountainside Escape: Ski/Bike In-Out,Condominio completo,"$1,235",John & Hilary,122 evaluaciones,5,"['4 huéspedes', '1 recámara', '2 camas', '1 baño', '\U000f0004\n122 evaluaciones', '\U000f1101\n1 Recomendación', '\U000f0019\nVerificado']",https://www.airbnb.mx/rooms/16110651?location=Whistler&previous_page_section_name=1000
Whistler,"Best Price , Great Location Cosy Village Studio",Condominio completo,"$1,744",Angela & Jennie,137 evaluaciones,5,"['4 huéspedes', 'estudio', '2 camas', '1 baño', '\U000f0004\n623 evaluaciones', '\U000f0019\nVerificado']",https://www.airbnb.mx/rooms/23438866?location=Whistler&previous_page_section_name=1000
Whistler,Village North: Cozy studio with HT + Pool!,Departamento entero,"$1,584",Clare And Mike,82 evaluaciones,4.5,"['2 huéspedes', '1 recámara', '1 cama', '1 baño', '\U000f0004\n562 evaluaciones', '\U000f0019\nVerificado']",https://www.airbnb.mx/rooms/24732646?location=Whistler&previous_page_section_name=1000
Whistler,"Whistler Village, free parking & wifi.",Departamento entero,"$1,381",Robbie,65 evaluaciones,5,"['4 huéspedes', '1 recámara', '2 camas', '1 baño', '\U000f0004\n65 evaluaciones', '\U000f0019\nVerificado']",https://www.airbnb.mx/rooms/17252284?location=Whistler&previous_page_section_name=1000
Whistler,"Crisp, Clean, Chic and Cozy in the Village",Departamento entero,"$1,816",Michael,115 evaluaciones,5,"['4 huéspedes', '1 recámara', '2 camas', '1 baño', '\U000f0004\n115 evaluaciones', '\U000f0019\nVerificado']",https://www.airbnb.mx/rooms/19792074?location=Whistler&previous_page_section_name=1000
Whistler,"1br Whister Village Condo w/Pool, HotTub & Sauna",Condominio completo,"$1,090",Dave,68 evaluaciones,5,"['5 huéspedes', '1 recámara', '1 cama', '0 baños', '\U000f0004\n68 evaluaciones', '\U000f0019\nVerificado']",https://www.airbnb.mx/rooms/25552793?location=Whistler&previous_page_section_name=1000
Whistler,Alpenglow Whistler Village Studio,Condominio completo,"$1,293",Terrence & Yvonne,40 evaluaciones,4.5,"['4 huéspedes', 'estudio', '2 camas', '1 baño', '\U000f0004\n350 evaluaciones', '\U000f0019\nVerificado']",https://www.airbnb.mx/rooms/28054696?location=Whistler&previous_page_section_name=1000
Whistler,"Think Whistler, Village Flat, 5 min walk to lifts!",Departamento con servicios completo,"$1,439",Alex,120 evaluaciones,5,"['4 huéspedes', '1 recámara', '2 camas', '1 baño', '\U000f0004\n770 evaluaciones', '\U000f0019\nVerificado']",https://www.airbnb.mx/rooms/16088422?location=Whistler&previous_page_section_name=1000
Whistler,Whistler Studio,Departamento entero,"$1,875",Glenn,18 evaluaciones,5,"['2 huéspedes', 'estudio', '1 cama', '1 baño', '\U000f0004\n18 evaluaciones']",https://www.airbnb.mx/rooms/30038294?location=Whistler&previous_page_section_name=1000
Whistler,Modern Lagoons Studio in the heart of Whistler Village,Condominio completo,"$1,816",Whistler Superior,2 evaluaciones,,"['2 huéspedes', 'estudio', '1 cama', '1 baño', '\U000f0004\n116 evaluaciones']",https://www.airbnb.mx/rooms/30015386?location=Whistler&previous_page_section_name=1000
Whistler,☀︎Central Village 1 Bdrm☀︎Hot tub/Free Parking/AC,Departamento con servicios completo,"$1,860",Christine,29 evaluaciones,5,"['4 huéspedes', '1 recámara', '2 camas', '1 baño', '\U000f0004\n332 evaluaciones', '\U000f0019\nVerificado']",https://www.airbnb.mx/rooms/33277190?location=Whistler&previous_page_section_name=1000
Whistler,MODERN+BRIGHT+SLOPE-SIDE+2 Bdrm+HOT TUB,Condominio completo,"$1,598",Jill,56 evaluaciones,5,"['5 huéspedes', '2 recámaras', '3 camas', '2 baños', '\U000f0004\n161 evaluaciones', '\U000f0019\nVerificado']",https://www.airbnb.mx/rooms/19927302?location=Whistler&previous_page_section_name=1000
Whistler,Cozy Whistler Village Studio,Condominio completo,"$1,439",Tim And Andrea,313 evaluaciones,5,"['4 huéspedes', 'estudio', '2 camas', '1 baño', '\U000f0004\n476 evaluaciones', '\U000f0019\nVerificado']",https://www.airbnb.mx/rooms/4269069?location=Whistler&previous_page_section_name=1000
Whistler,Modern Whistler Townhome!,Casa adosada completa,"$1,526",Jenn,285 evaluaciones,5,"['2 huéspedes', 'estudio', '1 cama', '1 baño', '\U000f0004\n285 evaluaciones', '\U000f0019\nVerificado']",https://www.airbnb.mx/rooms/17027133?location=Whistler&previous_page_section_name=1000
Whistler,Central Studio with Hot Tub/Pool,Departamento entero,"$1,584",Mila,144 evaluaciones,5,"['3 huéspedes', 'estudio', '2 camas', '1 baño', '\U000f0004\n506 evaluaciones', '\U000f0019\nVerificado']",https://www.airbnb.mx/rooms/4136516?location=Whistler&previous_page_section_name=1000
Whistler,1 BR Modern Townhome with Outdoor Hot Tub and Pool,Casa adosada completa,"$1,351",Ian,139 evaluaciones,5,"['4 huéspedes', '1 recámara', '2 camas', '1 baño', '\U000f0004\n772 evaluaciones', '\U000f0019\nVerificado']",https://www.airbnb.mx/rooms/19035923?location=Whistler&previous_page_section_name=1000
Whistler,1 BR Condo in The Aspens w/ Heated Pool & Hot Tubs,Departamento entero,"$1,526",Pranjal,149 evaluaciones,5,"['4 huéspedes', '1 recámara', '2 camas', '1 baño', '\U000f0004\n340 evaluaciones', '\U000f0019\nVerificado']",https://www.airbnb.mx/rooms/14452657?location=Whistler&previous_page_section_name=1000
Whistler,˙Studio Condo Whistler Village 401,Departamento entero,"$1,598",Bill,273 evaluaciones,5,"['3 huéspedes', 'estudio', '2 camas', '1 baño', '\U000f0004\n5070 evaluaciones', '\U000f0019\nVerificado']",https://www.airbnb.mx/rooms/14014139?location=Whistler&previous_page_section_name=1000
Whistler,Whistler Cozy Cabin High up,Departamento entero,"$1,439",Meghan,95 evaluaciones,5,"['4 huéspedes', '1 recámara', '3 camas', '1 baño', '\U000f0004\n111 evaluaciones', '\U000f0019\nVerificado']",https://www.airbnb.mx/rooms/8869025?location=Whistler&previous_page_section_name=1000
Whistler,˯One Bedroom Condo Whistler Village 409,Condominio completo,"$1,816",Bill,293 evaluaciones,5,"['4 huéspedes', '1 recámara', '2 camas', '1 baño', '\U000f0004\n5070 evaluaciones', '\U000f0019\nVerificado']",https://www.airbnb.mx/rooms/15330329?location=Whistler&previous_page_section_name=1000
Whistler,Quiet Whistler Village Townhouse -FREE PARKING,Casa adosada completa,"$1,308",Dean,132 evaluaciones,5,"['3 huéspedes', '1 recámara', '2 camas', '1 baño', '\U000f0004\n235 evaluaciones', '\U000f0019\nVerificado']",https://www.airbnb.mx/rooms/6416084?location=Whistler&previous_page_section_name=1000
Whistler,"Prime Ski-in Ski-out Location! Pool, Hot tubs, sleeps 8 (351)",Condominio completo,"$2,441",Blackcomb Peaks Accommodation,10 evaluaciones,4.5,"['8 huéspedes', '2 recámaras', '4 camas', '2 baños', '\U000f0004\n742 evaluaciones']",https://www.airbnb.mx/rooms/21913638?location=Whistler&previous_page_section_name=1000
Whistler,Cozy Creekside Studio - Walk to Lifts!,Departamento entero,"$1,163",Allira,124 evaluaciones,4.5,"['4 huéspedes', 'estudio', '2 camas', '1 baño', '\U000f0004\n153 evaluaciones', '\U000f0019\nVerificado']",https://www.airbnb.mx/rooms/21901365?location=Whistler&previous_page_section_name=1000
Whistler,"Prime Ski-in Ski-out Location! Pool, Hot tubs, BBQ, sleeps 4 (116)",Condominio completo,"$1,947",Blackcomb Peaks Accommodation,18 evaluaciones,5,"['4 huéspedes', '1 recámara', '2 camas', '1 baño', '\U000f0004\n742 evaluaciones']",https://www.airbnb.mx/rooms/21047397?location=Whistler&previous_page_section_name=1000
Whistler,North Village studio w/kitchen & Hot-tub,Casa adosada completa,"$1,453",Michele,137 evaluaciones,5,"['3 huéspedes', 'estudio', '1 cama', '1 baño', '\U000f0004\n137 evaluaciones', '\U000f0019\nVerificado']",https://www.airbnb.mx/rooms/11281764?location=Whistler&previous_page_section_name=1000
Whistler,Bright Open Studio in the Heart of Whistler,Departamento entero,"$1,729",Tim And Andrea,163 evaluaciones,5,"['4 huéspedes', 'estudio', '2 camas', '1 baño', '\U000f0004\n476 evaluaciones', '\U000f0019\nVerificado']",https://www.airbnb.mx/rooms/16797924?location=Whistler&previous_page_section_name=1000
Whistler,"Ski in Ski out 1 bedoom+sofa bed, pool & hot tub",Condominio completo,"$1,453",Angela & Jennie,182 evaluaciones,5,"['4 huéspedes', '1 recámara', '2 camas', '1 baño', '\U000f0004\n623 evaluaciones', '\U000f0019\nVerificado']",https://www.airbnb.mx/rooms/18361439?location=Whistler&previous_page_section_name=1000
Whistler,,Traducir,,,,,[],https://www.airbnb.mx/rooms/plus/10273331?location=Whistler&previous_page_section_name=1000
Whistler,Central Studio with Pool/Hot Tub,Departamento entero,"$1,729",Mila,149 evaluaciones,5,"['3 huéspedes', 'estudio', '2 camas', '1 baño', '\U000f0004\n506 evaluaciones', '\U000f0019\nVerificado']",https://www.airbnb.mx/rooms/2919176?location=Whistler&previous_page_section_name=1000
Whistler,Modern village studio - 5min walk to lifts!,Departamento con servicios completo,"$1,439",Alex,116 evaluaciones,5,"['4 huéspedes', 'estudio', '2 camas', '1 baño', '\U000f0004\n770 evaluaciones', '\U000f0019\nVerificado']",https://www.airbnb.mx/rooms/18241924?location=Whistler&previous_page_section_name=1000
Whistler,"1BR Penthouse in Village w/ Pool, Hot Tub & Sauna",Condominio completo,"$1,729",Tam,117 evaluaciones,5,"['4 huéspedes', '1 recámara', '2 camas', '1 baño', '\U000f0004\n139 evaluaciones', '\U000f0019\nVerificado']",https://www.airbnb.mx/rooms/21623570?location=Whistler&previous_page_section_name=1000
Whistler,"Beautiful Hotel Room Whistler - pool, hot tub, gym",Habitación en apartotel,"$1,148",El,49 evaluaciones,5,"['3 huéspedes', 'estudio', '2 camas', '1 baño', '\U000f0004\n89 evaluaciones', '\U000f0019\nVerificado']",https://www.airbnb.mx/rooms/27787079?location=Whistler&previous_page_section_name=1000
Whistler,Village Studio - Great Location!!,Departamento entero,"$1,293",Keiran,129 evaluaciones,4.5,"['4 huéspedes', 'estudio', '2 camas', '1 baño', '\U000f0004\n204 evaluaciones', '\U000f0019\nVerificado']",https://www.airbnb.mx/rooms/4387886?location=Whistler&previous_page_section_name=1000
Whistler,"One Bedroom Condo, heart of Whistler Village.",Condominio completo,"$1,468",Janet,118 evaluaciones,5,"['4 huéspedes', '1 recámara', '1 cama', '1 baño', '\U000f0004\n118 evaluaciones', '\U000f0019\nVerificado']",https://www.airbnb.mx/rooms/15604192?location=Whistler&previous_page_section_name=1000
Whistler,Cute studio in the Village GREAT LOCATION!!!,Departamento entero,"$1,729",Christina,126 evaluaciones,5,"['4 huéspedes', 'estudio', '2 camas', '1 baño', '\U000f0004\n300 evaluaciones', '\U000f1101\n1 Recomendación', '\U000f0019\nVerificado']",https://www.airbnb.mx/rooms/23835878?location=Whistler&previous_page_section_name=1000
Whistler,"NEW Marketplace Lodge 1 bedroom, free parking",Condominio completo,"$1,889",Angela & Jennie,54 evaluaciones,5,"['4 huéspedes', '1 recámara', '2 camas', '1 baño', '\U000f0004\n623 evaluaciones', '\U000f0019\nVerificado']",https://www.airbnb.mx/rooms/29547267?location=Whistler&previous_page_section_name=1000
Whistler,Central Studio with Pool/Hot Tub/Sauna,Alojamiento entero,"$1,177",Efosa,47 evaluaciones,5,"['4 huéspedes', '2 camas', '1 baño', '\U000f0004\n120 evaluaciones', '\U000f0019\nVerificado']",https://www.airbnb.mx/rooms/20456695?location=Whistler&previous_page_section_name=1000
Whistler,1 BR Townhouse with Private Hot Tub - FREE PARKING,Casa adosada completa,"$1,846",Ian,320 evaluaciones,4.5,"['5 huéspedes', '1 recámara', '3 camas', '1 baño', '\U000f0004\n772 evaluaciones', '\U000f0019\nVerificado']",https://www.airbnb.mx/rooms/4828768?location=Whistler&previous_page_section_name=1000
Whistler,Ski in/out Stylish condo with pool/hot tub & views,Departamento entero,"$1,293",Annika,203 evaluaciones,5,"['4 huéspedes', '1 recámara', '2 camas', '1 baño', '\U000f0004\n342 evaluaciones', '\U000f0019\nVerificado']",https://www.airbnb.mx/rooms/4249398?location=Whistler&previous_page_section_name=1000
Whistler,"The Mini Chalet - Steps to Gondola, Lakes & Trails",Casa adosada completa,"$1,439",Jodie & Ulla,108 evaluaciones,5,"['4 huéspedes', '1 recámara', '2 camas', '1 baño', '\U000f0004\n165 evaluaciones', '\U000f0019\nVerificado']",https://www.airbnb.mx/rooms/21164117?location=Whistler&previous_page_section_name=1000
Whistler,"Prime Ski-in Ski-out Location! Top Floor Unit, Pool, Hot tubs, BBQ (548)",Condominio completo,"$2,805",Blackcomb Peaks Accommodation,15 evaluaciones,5,"['8 huéspedes', '2 recámaras', '4 camas', '2 baños', '\U000f0004\n742 evaluaciones']",https://www.airbnb.mx/rooms/21899896?location=Whistler&previous_page_section_name=1000
Whistler,Cozy Whistler Village Studio Condo,Condominio completo,"$1,322",Dean,103 evaluaciones,5,"['3 huéspedes', 'estudio', '2 camas', '1 baño', '\U000f0004\n235 evaluaciones', '\U000f0019\nVerificado']",https://www.airbnb.mx/rooms/6228870?location=Whistler&previous_page_section_name=1000
Whistler,"Best Location! 2B/2B, Pool, Private Hot Tub!",Casa adosada completa,"$2,616",Angela & Jennie,66 evaluaciones,5,"['6 huéspedes', '2 recámaras', '3 camas', '2 baños', '\U000f0004\n623 evaluaciones', '\U000f0019\nVerificado']",https://www.airbnb.mx/rooms/29533510?location=Whistler&previous_page_section_name=1000
Whistler,Ironwood 101 - Deluxe Blueberry Condo with Private Hot Tub and Mountain Views,Condominio completo,"$2,601",Whistler Superior,4 evaluaciones,5,"['4 huéspedes', '2 recámaras', '3 camas', '2 baños', '\U000f0004\n116 evaluaciones']",https://www.airbnb.mx/rooms/30015391?location=Whistler&previous_page_section_name=1000
Whistler,"PRIME Whistler Village, Luxury 1 BR Retreat + AC",Departamento con servicios completo,"$1,439",Sam,31 evaluaciones,4.5,"['4 huéspedes', '1 recámara', '2 camas', '1 baño', '\U000f0004\n31 evaluaciones', '\U000f0019\nVerificado']",https://www.airbnb.mx/rooms/29993680?location=Whistler&previous_page_section_name=1000
Whistler,"Prime Ski-in Ski-out Location! Pool, Hot tubs, BBQ, sleeps 6 (125)",Condominio completo,"$2,572",Blackcomb Peaks Accommodation,10 evaluaciones,5,"['6 huéspedes', '2 recámaras', '4 camas', '2 baños', '\U000f0004\n742 evaluaciones']",https://www.airbnb.mx/rooms/21047398?location=Whistler&previous_page_section_name=1000
Whistler,Blackcomb Slope Side 2 bedroom,Condominio completo,"$1,540",James,78 evaluaciones,5,"['6 huéspedes', '2 recámaras', '3 camas', '2 baños', '\U000f0004\n78 evaluaciones', '\U000f0019\nVerificado']",https://www.airbnb.mx/rooms/16043197?location=Whistler&previous_page_section_name=1000
Whistler,Newly renovated 3rd story suite w/ great views (A),Condominio completo,"$1,221",Helen,81 evaluaciones,5,"['4 huéspedes', 'estudio', '2 camas', '1 baño', '\U000f0004\n381 evaluaciones', '\U000f0019\nVerificado']",https://www.airbnb.mx/rooms/15709179?location=Whistler&previous_page_section_name=1000
Whistler,Cozy Whistler Village Reindeer Retreat,Departamento entero,"$1,439",Penman Properties,149 evaluaciones,4.5,"['4 huéspedes', '1 recámara', '1 cama', '1 baño', '\U000f0004\n1199 evaluaciones', '\U000f0019\nVerificado']",https://www.airbnb.mx/rooms/16283297?location=Whistler&previous_page_section_name=1000
Whistler,"Studio Suite, Whistler Village",Departamento entero,"$1,540",Sandy,132 evaluaciones,5,"['4 huéspedes', 'estudio', '2 camas', '1 baño', '\U000f0004\n132 evaluaciones', '\U000f0019\nVerificado']",https://www.airbnb.mx/rooms/18682799?location=Whistler&previous_page_section_name=1000
Whistler,"Heart of Whistler village, 5min walk to lift!",Departamento con servicios completo,"$1,584",Alex,95 evaluaciones,5,"['4 huéspedes', '1 recámara', '2 camas', '1 baño', '\U000f0004\n770 evaluaciones', '\U000f0019\nVerificado']",https://www.airbnb.mx/rooms/21505934?location=Whistler&previous_page_section_name=1000
Whistler,1 BR apt by Olympic plaza in villag,Departamento con servicios completo,"$1,686",Marc,309 evaluaciones,5,"['6 huéspedes', '1 recámara', '1 cama', '1 baño', '\U000f0004\n546 evaluaciones', '\U000f0019\nVerificado']",https://www.airbnb.mx/rooms/11238822?location=Whistler&previous_page_section_name=1000
Whistler,Gorgeous Whistler Studio next Nita Lake,Departamento entero,"$1,337",Georgia,192 evaluaciones,5,"['4 huéspedes', 'estudio', '2 camas', '1 baño', '\U000f0004\n580 evaluaciones', '\U000f0019\nVerificado']",https://www.airbnb.mx/rooms/16321603?location=Whistler&previous_page_section_name=1000
Whistler,⛰️ 1 Bdrm Modern Village Penthouse - view!,Departamento con servicios completo,"$2,456",Victoria And Christian,434 evaluaciones,5,"['4 huéspedes', '1 recámara', '2 camas', '1 baño', '\U000f0004\n1178 evaluaciones', '\U000f0019\nVerificado']",https://www.airbnb.mx/rooms/9670429?location=Whistler&previous_page_section_name=1000
Whistler,"Modern, just renovated Studio with Whistler flair",Condominio completo,"$1,381",Eleni & Demetre,143 evaluaciones,5,"['2 huéspedes', 'estudio', '1 cama', '1 baño', '\U000f0004\n246 evaluaciones', '\U000f0019\nVerificado']",https://www.airbnb.mx/rooms/22232333?location=Whistler&previous_page_section_name=1000
Whistler,"Prime Ski-in Ski-out Location! Pool, Hot tubs, BBQ, sleeps 4 (304)",Condominio completo,"$2,005",Blackcomb Peaks Accommodation,17 evaluaciones,5,"['4 huéspedes', '1 recámara', '2 camas', '1 baño', '\U000f0004\n742 evaluaciones']",https://www.airbnb.mx/rooms/21912859?location=Whistler&previous_page_section_name=1000
Whistler,Walking distance to everything!,Condominio completo,"$1,744",Chris,157 evaluaciones,5,"['4 huéspedes', '1 recámara', '2 camas', '1 baño', '\U000f0004\n157 evaluaciones', '\U000f0019\nVerificado']",https://www.airbnb.mx/rooms/15206034?location=Whistler&previous_page_section_name=1000
Whistler,"Lofted 1 bedroom, 5 minutes from lifts.",Loft entero,"$1,598",Chris,147 evaluaciones,5,"['4 huéspedes', '1 recámara', '2 camas', '1 baño', '\U000f0004\n360 evaluaciones', '\U000f0019\nVerificado']",https://www.airbnb.mx/rooms/21262021?location=Whistler&previous_page_section_name=1000
Whistler,"Wolf's Den Creekside, steps from the gondola",Condominio completo,$857,Jane,41 evaluaciones,4.5,"['3 huéspedes', '1 recámara', '2 camas', '1 baño', '\U000f0004\n111 evaluaciones', '\U000f0019\nVerificado']",https://www.airbnb.mx/rooms/27552663?location=Whistler&previous_page_section_name=1000
Whistler,Fully Renovated ! Ski-in Ski-out,Condominio completo,"$1,816",Ruben,187 evaluaciones,5,"['4 huéspedes', '1 recámara', '1 cama', '1 baño', '\U000f0004\n567 evaluaciones', '\U000f0019\nVerificado']",https://www.airbnb.mx/rooms/10089644?location=Whistler&previous_page_section_name=1000
Whistler,Comfortable and Private 2,Habitación privada en hostal,"$1,439",Alison,265 evaluaciones,5,"['2 huéspedes', '1 recámara', '1 cama', '1 baño compartido', '\U000f0004\n954 evaluaciones', '\U000f0019\nVerificado']",https://www.airbnb.mx/rooms/7955152?location=Whistler&previous_page_section_name=1000
Whistler,1 BR apartment in heart of Whistler,Departamento entero,"$1,831",Marc,237 evaluaciones,5,"['4 huéspedes', '1 recámara', '2 camas', '1 baño', '\U000f0004\n546 evaluaciones', '\U000f0019\nVerificado']",https://www.airbnb.mx/rooms/6948842?location=Whistler&previous_page_section_name=1000
Whistler,Stoney Creek Sunpath 8 - Quiet ground floor condo,Condominio completo,"$1,962",Whistler Superior,7 evaluaciones,5,"['4 huéspedes', '1 recámara', '2 camas', '1 baño', '\U000f0004\n116 evaluaciones']",https://www.airbnb.mx/rooms/30015323?location=Whistler&previous_page_section_name=1000
Whistler,,Traducir,,,,,[],https://www.airbnb.mx/rooms/plus/31739998?location=Whistler&previous_page_section_name=1000
Whistler,Whistler Village North Studio - Dream location!,Departamento entero,"$1,526",Stevie,65 evaluaciones,5,"['4 huéspedes', 'estudio', '2 camas', '1 baño', '\U000f0004\n65 evaluaciones', '\U000f0019\nVerificado']",https://www.airbnb.mx/rooms/18506319?location=Whistler&previous_page_section_name=1000
Whistler,Think Whistler- Village Penthouse- 1 free parking!,Departamento con servicios completo,"$1,526",Alex,111 evaluaciones,5,"['5 huéspedes', '1 recámara', '3 camas', '1 baño', '\U000f0004\n770 evaluaciones', '\U000f0019\nVerificado']",https://www.airbnb.mx/rooms/16588970?location=Whistler&previous_page_section_name=1000
Whistler,PEO Whistler: 1 Bedroom in village w/ mtn view,Departamento entero,"$1,584",Peter & Leo,101 evaluaciones,5,"['4 huéspedes', '1 recámara', '2 camas', '1 baño', '\U000f0004\n101 evaluaciones', '\U000f0019\nVerificado']",https://www.airbnb.mx/rooms/15932603?location=Whistler&previous_page_section_name=1000
Whistler,Whistler Slumber,Casa adosada completa,"$1,439",Lucien,122 evaluaciones,5,"['4 huéspedes', '1 recámara', '1 cama', '1 baño', '\U000f0004\n122 evaluaciones', '\U000f0019\nVerificado']",https://www.airbnb.mx/rooms/2314636?location=Whistler&previous_page_section_name=1000
Whistler,Lovely Condo Right in the Village!!,Departamento entero,"$1,221",Jessica,313 evaluaciones,5,"['4 huéspedes', 'estudio', '2 camas', '1 baño', '\U000f0004\n517 evaluaciones', '\U000f0019\nVerificado']",https://www.airbnb.mx/rooms/1076367?location=Whistler&previous_page_section_name=1000
Whistler,"☀️Incredible Location, Free Parking, Hot Tub, View",Condominio completo,"$1,875",Christine,168 evaluaciones,5,"['6 huéspedes', '2 recámaras', '4 camas', '2 baños', '\U000f0004\n332 evaluaciones', '\U000f0019\nVerificado']",https://www.airbnb.mx/rooms/18372517?location=Whistler&previous_page_section_name=1000
Whistler,2 Bdrm Village Townhome /w Private Hot Tub,Casa adosada completa,"$2,034",Bryony,131 evaluaciones,4.5,"['6 huéspedes', '2 recámaras', '4 camas', '2 baños', '\U000f0004\n278 evaluaciones', '\U000f0019\nVerificado']",https://www.airbnb.mx/rooms/18274483?location=Whistler&previous_page_section_name=1000
Whistler,Sunpath 1Br Central Village,Casa adosada completa,"$2,165",Kerry,30 evaluaciones,5,"['4 huéspedes', '1 recámara', '2 camas', '1 baño', '\U000f0004\n205 evaluaciones', '\U000f0019\nVerificado']",https://www.airbnb.mx/rooms/9886218?location=Whistler&previous_page_section_name=1000
Whistler,"Prime location, 2Br/2Ba, with private HotTub & BBQ",Condominio completo,"$1,526",Karel,70 evaluaciones,5,"['5 huéspedes', '2 recámaras', '3 camas', '2 baños', '\U000f0004\n70 evaluaciones', '\U000f0019\nVerificado']",https://www.airbnb.mx/rooms/27611843?location=Whistler&previous_page_section_name=1000
Whistler,Top-Floor 1BR Condo in Whistler Village w/ Parking,Departamento entero,"$1,598",Pranjal,191 evaluaciones,5,"['4 huéspedes', '1 recámara', '2 camas', '1 baño', '\U000f0004\n340 evaluaciones', '\U000f0019\nVerificado']",https://www.airbnb.mx/rooms/11397876?location=Whistler&previous_page_section_name=1000
Whistler,Private and Comfortable,Habitación privada en hostal,"$1,439",Alison,419 evaluaciones,5,"['2 huéspedes', '1 recámara', '1 cama', '1 baño compartido', '\U000f0004\n954 evaluaciones', '\U000f0019\nVerificado']",https://www.airbnb.mx/rooms/7957907?location=Whistler&previous_page_section_name=1000
Whistler,"Prime Ski-in Ski-out Location! Pool, Hot tubs, AC, sleeps 4 (467)",Condominio completo,"$1,947",Blackcomb Peaks Accommodation,16 evaluaciones,5,"['4 huéspedes', '1 recámara', '2 camas', '1 baño', '\U000f0004\n742 evaluaciones']",https://www.airbnb.mx/rooms/28867834?location=Whistler&previous_page_section_name=1000
Whistler,"1BR Condo at Glacier Lodge,Ski in/out,Pool/Hot tub",Condominio completo,"$1,163",Maria,138 evaluaciones,5,"['4 huéspedes', '1 recámara', '2 camas', '1 baño', '\U000f0004\n138 evaluaciones', '\U000f1101\n1 Recomendación', '\U000f0019\nVerificado']",https://www.airbnb.mx/rooms/18416130?location=Whistler&previous_page_section_name=1000
Whistler,Stunning Whistler Village Studio Sanctuary,Condominio completo,"$1,816",Anne,61 evaluaciones,5,"['4 huéspedes', 'estudio', '2 camas', '1 baño', '\U000f0004\n877 evaluaciones', '\U000f0019\nVerificado']",https://www.airbnb.mx/rooms/26556929?location=Whistler&previous_page_section_name=1000
Whistler,"Valhalla 1 bedroom, sleeps 4, Quiet setting just steps from the action!",Casa adosada completa,"$1,947",Blackcomb Peaks Accommodation,12 evaluaciones,5,"['4 huéspedes', '1 recámara', '2 camas', '1 baño completo y uno de tocador', '\U000f0004\n742 evaluaciones']",https://www.airbnb.mx/rooms/21894967?location=Whistler&previous_page_section_name=1000
Whistler,COUPLES Creekside Mountain Getaway: Great Location,Condominio completo,"$1,264",Kerry,202 evaluaciones,5,"['2 huéspedes', 'estudio', '1 cama', '1 baño', '\U000f0004\n202 evaluaciones']",https://www.airbnb.mx/rooms/9811302?location=Whistler&previous_page_section_name=1000
Whistler,Cat's Ski Paradise,Casa adosada completa,"$1,526",Catherine,91 evaluaciones,5,"['4 huéspedes', '1 recámara', '2 camas', '1 baño', '\U000f0004\n95 evaluaciones', '\U000f0019\nVerificado']",https://www.airbnb.mx/rooms/21716964?location=Whistler&previous_page_section_name=1000
Whistler,"Prime Ski-in Ski-out Location! Pool, Hot tubs, BBQ, sleeps 8 (458)",Condominio completo,"$2,805",Blackcomb Peaks Accommodation,13 evaluaciones,4.5,"['8 huéspedes', '2 recámaras', '4 camas', '2 baños', '\U000f0004\n742 evaluaciones']",https://www.airbnb.mx/rooms/21900415?location=Whistler&previous_page_section_name=1000
Whistler,"Prime Ski-in Ski-out Location! Pool, Hot tubs, BBQ, sleeps 6 (234)",Condominio completo,"$2,034",Blackcomb Peaks Accommodation,16 evaluaciones,5,"['6 huéspedes', '1 recámara', '2 camas', '1 baño', '\U000f0004\n742 evaluaciones']",https://www.airbnb.mx/rooms/21829187?location=Whistler&previous_page_section_name=1000
Whistler,"Prime Ski-in Ski-out Location! Pool, Hot tubs, BBQ, sleeps 4 (228)",Condominio completo,"$1,947",Blackcomb Peaks Accommodation,,,"['4 huéspedes', '1 recámara', '2 camas', '1 baño', '\U000f0004\n742 evaluaciones']",https://www.airbnb.mx/rooms/21829151?location=Whistler&previous_page_section_name=1000
Whistler,1Bd Beautifully Just Renovated,Condominio completo,"$1,816",Ruben,196 evaluaciones,5,"['4 huéspedes', '1 recámara', '1 cama', '1 baño', '\U000f0004\n567 evaluaciones', '\U000f0019\nVerificado']",https://www.airbnb.mx/rooms/8327513?location=Whistler&previous_page_section_name=1000
Whistler,Treetop Retreat- Private Deck w/ Incredible Views,Condominio completo,"$1,875",Gabriela,428 evaluaciones,5,"['4 huéspedes', '2 recámaras', '2 camas', '1 baño', '\U000f0004\n565 evaluaciones', '\U000f0019\nVerificado']",https://www.airbnb.mx/rooms/3113612?location=Whistler&previous_page_section_name=1000
Whistler,˰Free Parking Loft Studio Whistler Village,Departamento entero,"$2,325",Bill,519 evaluaciones,5,"['4 huéspedes', 'estudio', '2 camas', '1 baño', '\U000f0004\n5070 evaluaciones', '\U000f0019\nVerificado']",https://www.airbnb.mx/rooms/4751154?location=Whistler&previous_page_section_name=1000
Whistler,The Main Street Loft: Hot Tub + Parking,Loft entero,"$2,020",Clare And Mike,255 evaluaciones,5,"['4 huéspedes', 'estudio', '2 camas', '1 baño', '\U000f0004\n562 evaluaciones', '\U000f0019\nVerificado']",https://www.airbnb.mx/rooms/19177746?location=Whistler&previous_page_section_name=1000
Whistler,"Small, bright room in the Village",Habitación privada en departamento,"$1,453",Alison And Cedric,133 evaluaciones,5,"['2 huéspedes', '1 recámara', '1 cama', '1 baño compartido', '\U000f0004\n135 evaluaciones', '\U000f0019\nVerificado']",https://www.airbnb.mx/rooms/6813096?location=Whistler&previous_page_section_name=1000
Whistler,Newly Renovated Whistler Studio next to Nita Lake,Departamento entero,"$1,497",Georgia,213 evaluaciones,5,"['4 huéspedes', '1 recámara', '2 camas', '1 baño', '\U000f0004\n580 evaluaciones', '\U000f0019\nVerificado']",https://www.airbnb.mx/rooms/15955626?location=Whistler&previous_page_section_name=1000
Whistler,GLACIER LODGE,Departamento entero,"$2,180",Debbie,68 evaluaciones,5,"['4 huéspedes', 'estudio', '2 camas', '1 baño', '\U000f0004\n68 evaluaciones', '\U000f0019\nVerificado']",https://www.airbnb.mx/rooms/23598237?location=Whistler&previous_page_section_name=1000
Whistler,"Prime Ski-in Ski-out Location! Pool, Hot tubs, BBQ, sleeps 4 (321)",Condominio completo,"$1,947",Blackcomb Peaks Accommodation,9 evaluaciones,5,"['4 huéspedes', '1 recámara', '2 camas', '1 baño', '\U000f0004\n742 evaluaciones']",https://www.airbnb.mx/rooms/21913628?location=Whistler&previous_page_section_name=1000
Whistler,SB0202 (4 Bedroom) Snowbird By ERM,Condominio completo,"$1,613",Elevate,29 evaluaciones,5,"['10 huéspedes', '4 recámaras', '8 camas', '2 baños', '\U000f0004\n444 evaluaciones']",https://www.airbnb.mx/rooms/22000003?location=Whistler&previous_page_section_name=1000
Whistler,"Steps to Nita lake, beautiful renovated studio",Departamento entero,"$1,279",Annie,59 evaluaciones,5,"['3 huéspedes', 'estudio', '2 camas', '1 baño', '\U000f0004\n138 evaluaciones', '\U000f0019\nVerificado']",https://www.airbnb.mx/rooms/16416371?location=Whistler&previous_page_section_name=1000
Whistler,1 BR/Bonus Loft/Wood fireplace/NETFLIX/washerdryer,Condominio completo,"$1,177",Sophie,136 evaluaciones,5,"['4 huéspedes', '1 recámara', '3 camas', '1 baño', '\U000f0004\n151 evaluaciones', '\U000f0019\nVerificado']",https://www.airbnb.mx/rooms/15785301?location=Whistler&previous_page_section_name=1000
Whistler,"Prime Ski-in Ski-out Location! Pool, Hot tubs, BBQ, sleeps 4 (229)",Condominio completo,"$1,947",Blackcomb Peaks Accommodation,5 evaluaciones,4.5,"['4 huéspedes', '1 recámara', '2 camas', '1 baño', '\U000f0004\n742 evaluaciones']",https://www.airbnb.mx/rooms/21829166?location=Whistler&previous_page_section_name=1000
Whistler,"Updated 1BR Townhouse with big, open deck",Casa adosada completa,"$1,744",Joanna,149 evaluaciones,5,"['4 huéspedes', '1 recámara', '2 camas', '1 baño', '\U000f0004\n162 evaluaciones', '\U000f0019\nVerificado']",https://www.airbnb.mx/rooms/13249613?location=Whistler&previous_page_section_name=1000
Whistler,The Gables 1 Br Premium Location,Casa adosada completa,"$2,311",Kerry,43 evaluaciones,5,"['4 huéspedes', '1 recámara', '2 camas', '1 baño', '\U000f0004\n205 evaluaciones', '\U000f0019\nVerificado']",https://www.airbnb.mx/rooms/7956525?location=Whistler&previous_page_section_name=1000
Whistler,Renovated Condo with Pool & Hot Tub,Condominio completo,"$1,235",Robbin,86 evaluaciones,5,"['4 huéspedes', '1 recámara', '2 camas', '1 baño', '\U000f0004\n142 evaluaciones', '\U000f0019\nVerificado']",https://www.airbnb.mx/rooms/15521765?location=Whistler&previous_page_section_name=1000
Whistler,Townhouse with Private Hot Tub & Free Parking,Departamento entero,"$2,325",Colleen,152 evaluaciones,5,"['4 huéspedes', '1 recámara', '2 camas', '1 baño', '\U000f0004\n152 evaluaciones', '\U000f0019\nVerificado']",https://www.airbnb.mx/rooms/16351601?location=Whistler&previous_page_section_name=1000
Whistler,"Prime Ski-in Ski-out Location! Top Floor Unit, Pool, Hot tubs, BBQ (414)",Condominio completo,"$1,947",Blackcomb Peaks Accommodation,5 evaluaciones,5,"['4 huéspedes', '1 recámara', '2 camas', '1 baño', '\U000f0004\n742 evaluaciones']",https://www.airbnb.mx/rooms/21901201?location=Whistler&previous_page_section_name=1000
Whistler,"Prime Ski-in Ski-out Location! Pool, Hot tubs, BBQ, sleeps 6 (412)",Condominio completo,"$2,630",Blackcomb Peaks Accommodation,8 evaluaciones,5,"['6 huéspedes', '2 recámaras', '4 camas', '2 baños', '\U000f0004\n742 evaluaciones']",https://www.airbnb.mx/rooms/21916243?location=Whistler&previous_page_section_name=1000
Whistler,Cozy Apartment in Creekside - walk to the lifts,Loft entero,"$1,729",Christina,148 evaluaciones,5,"['4 huéspedes', '1 recámara', '2 camas', '1 baño', '\U000f0004\n300 evaluaciones', '\U000f1101\n1 Recomendación', '\U000f0019\nVerificado']",https://www.airbnb.mx/rooms/21313101?location=Whistler&previous_page_section_name=1000
Whistler,"BEAUTIFUL modern Whistler studio, 5 min from lifts",Departamento entero,"$1,962",Eva,213 evaluaciones,5,"['4 huéspedes', 'estudio', '2 camas', '1 baño']",https://www.airbnb.mx/rooms/18711873?location=Whistler&previous_page_section_name=1000
Whistler,Whistler Wanderlust Vacation. True Ski in Ski out!,Condominio completo,"$2,601",Jason And Melissa,71 evaluaciones,5,"['4 huéspedes', '1 recámara', '2 camas', '1 baño', '\U000f0004\n71 evaluaciones', '\U000f0019\nVerificado']",https://www.airbnb.mx/rooms/17556606?location=Whistler&previous_page_section_name=1000
Whistler,HEART of Whistler Village suite,Departamento con servicios completo,"$2,267",May,166 evaluaciones,4.5,"['5 huéspedes', '1 recámara', '3 camas', '1 baño completo y uno de tocador', '\U000f0004\n166 evaluaciones', '\U000f0019\nVerificado']",https://www.airbnb.mx/rooms/16742691?location=Whistler&previous_page_section_name=1000
Whistler,"2 bedroom, quiet, well located, well furnished",Condominio completo,"$3,037",Andrew,176 evaluaciones,5,"['7 huéspedes', '2 recámaras', '7 camas', '2 baños', '\U000f0004\n294 evaluaciones', '\U000f0019\nVerificado']",https://www.airbnb.mx/rooms/1292771?location=Whistler&previous_page_section_name=1000
Whistler,The Stash - Boutique Mountain Enclave at Creekside,Condominio completo,"$1,468",Jessica,109 evaluaciones,5,"['4 huéspedes', 'estudio', '2 camas', '1 baño', '\U000f0004\n517 evaluaciones', '\U000f0019\nVerificado']",https://www.airbnb.mx/rooms/22582679?location=Whistler&previous_page_section_name=1000
Whistler,,Traducir,,,,,[],https://www.airbnb.mx/rooms/plus/15501585?location=Whistler&previous_page_section_name=1000
Whistler,Mountain Views-Village North 1 Bdrm-Free Parking,Casa adosada completa,"$1,584",Anita & Brent,107 evaluaciones,5,"['4 huéspedes', '1 recámara', '2 camas', '1 baño', '\U000f0004\n107 evaluaciones', '\U000f0019\nVerificado']",https://www.airbnb.mx/rooms/15692002?location=Whistler&previous_page_section_name=1000
Whistler,"Prime Ski-in Ski-out Location! Top Floor Unit, Pool, Hot tubs, BBQ (415)",Condominio completo,"$1,947",Blackcomb Peaks Accommodation,6 evaluaciones,5,"['4 huéspedes', '1 recámara', '2 camas', '1 baño', '\U000f0004\n742 evaluaciones']",https://www.airbnb.mx/rooms/21901174?location=Whistler&previous_page_section_name=1000
Whistler,Studio in the heart of Whistler Village,Habitación en apartotel,"$1,744",Jeanette,,,"['2 huéspedes', 'estudio', '1 cama', '1 baño privado', '\U000f0019\nVerificado']",https://www.airbnb.mx/rooms/19143791?location=Whistler&previous_page_section_name=1000
Whistler,"The Woods 1 bedroom, sleeps 4, close to village, slope and lake",Condominio completo,"$2,034",Blackcomb Peaks Accommodation,12 evaluaciones,5,"['4 huéspedes', '1 recámara', '2 camas', '1 baño', '\U000f0004\n742 evaluaciones']",https://www.airbnb.mx/rooms/22848021?location=Whistler&previous_page_section_name=1000
Whistler,Relaxing Chateau with Hot Tub,Departamento entero,"$1,526",Jason,,,"['4 huéspedes', '1 recámara', '1 cama', '1 baño', '\U000f0004\n21 evaluaciones', '\U000f0019\nVerificado']",https://www.airbnb.mx/rooms/35403662?location=Whistler&previous_page_section_name=1000
Whistler,"Prime Ski-in Ski-out Location! Pool, Hot tubs, BBQ, sleeps 4 (443)",Condominio completo,"$1,947",Blackcomb Peaks Accommodation,8 evaluaciones,5,"['4 huéspedes', '1 recámara', '2 camas', '1 baño', '\U000f0004\n742 evaluaciones']",https://www.airbnb.mx/rooms/21900876?location=Whistler&previous_page_section_name=1000
Whistler,Muk Muk Den | Hotel Room 224 | Whistler BC,Condominio completo,"$1,373",Mike + Doris,168 evaluaciones,4.5,"['3 huéspedes', 'estudio', '1 cama', '1 baño', '\U000f0004\n734 evaluaciones', '\U000f1101\n4 Recomendaciones', '\U000f0019\nVerificado']",https://www.airbnb.mx/rooms/3959702?location=Whistler&previous_page_section_name=1000
Whistler,Cozy studio steps from Blackcomb base,Condominio completo,"$2,034",Caroline,125 evaluaciones,5,"['2 huéspedes', 'estudio', '1 cama', '1 baño', '\U000f0004\n247 evaluaciones', '\U000f0019\nVerificado']",https://www.airbnb.mx/rooms/15551772?location=Whistler&previous_page_section_name=1000
Whistler,The Heart of Village w/ Hot Tub & Mountains Views,Departamento entero,"$2,165",Leo,101 evaluaciones,4.5,"['4 huéspedes', '1 recámara', '2 camas', '1 baño', '\U000f0004\n972 evaluaciones', '\U000f0019\nVerificado']",https://www.airbnb.mx/rooms/9033619?location=Whistler&previous_page_section_name=1000
Whistler,Taluswood - renovated 2 bedroom and private garage,Casa adosada completa,"$2,950",Whistler Ideal,20 evaluaciones,5,"['6 huéspedes', '2 recámaras', '3 camas', '2 baños', '\U000f0004\n98 evaluaciones', '\U000f0019\nVerificado']",https://www.airbnb.mx/rooms/15391853?location=Whistler&previous_page_section_name=1000
Whistler,Mountain View Penthouse 1 BR - Private Balcony,Condominio completo,"$2,470",Susie And Kyle,127 evaluaciones,5,"['4 huéspedes', '1 recámara', '2 camas', '1 baño', '\U000f0004\n127 evaluaciones', '\U000f0019\nVerificado']",https://www.airbnb.mx/rooms/20015616?location=Whistler&previous_page_section_name=1000
Whistler,The Treetop Cabin,Casa adosada completa,"$1,744",Rory,121 evaluaciones,4.5,"['2 huéspedes', '1 recámara', '1 cama', '1 baño', '\U000f0004\n121 evaluaciones', '\U000f0019\nVerificado']",https://www.airbnb.mx/rooms/6482566?location=Whistler&previous_page_section_name=1000
Whistler,Cozy Creekside Getaway,Departamento entero,"$1,293",Alexandre,69 evaluaciones,4.5,"['4 huéspedes', '1 recámara', '2 camas', '1 baño', '\U000f0004\n69 evaluaciones', '\U000f0019\nVerificado']",https://www.airbnb.mx/rooms/10042617?location=Whistler&previous_page_section_name=1000
Whistler,Convenient Village Location by Harmony,Casa adosada completa,"$1,613",Harmony,41 evaluaciones,5,"['4 huéspedes', '1 recámara', '2 camas', '1 baño', '\U000f0004\n1465 evaluaciones', '\U000f0019\nVerificado']",https://www.airbnb.mx/rooms/20189934?location=Whistler&previous_page_section_name=1000
Whistler,New Condo in Whistler Celebration Plaza,Departamento entero,"$2,107",Teresa,135 evaluaciones,5,"['4 huéspedes', '1 recámara', '2 camas', '1 baño', '\U000f0004\n142 evaluaciones', '\U000f0019\nVerificado']",https://www.airbnb.mx/rooms/8569385?location=Whistler&previous_page_section_name=1000
Whistler,"Luxury Studio, Centrally Located, Free Parking",Condominio completo,"$1,773",Louise,57 evaluaciones,5,"['2 huéspedes', 'estudio', '1 cama', '1 baño', '\U000f0004\n57 evaluaciones', '\U000f0019\nVerificado']",https://www.airbnb.mx/rooms/2920396?location=Whistler&previous_page_section_name=1000
Whistler,Whistler Village North: 3 Level Modern Condo!,Casa adosada completa,"$2,020",Clare And Mike,113 evaluaciones,5,"['4 huéspedes', '1 recámara', '2 camas', '1 baño', '\U000f0004\n562 evaluaciones', '\U000f0019\nVerificado']",https://www.airbnb.mx/rooms/20758511?location=Whistler&previous_page_section_name=1000
Whistler,Updated cozy studio suite w/ kitchenette (2B),Condominio completo,"$1,293",Helen,88 evaluaciones,5,"['2 huéspedes', 'estudio', '1 cama', '1 baño', '\U000f0004\n381 evaluaciones', '\U000f0019\nVerificado']",https://www.airbnb.mx/rooms/14389053?location=Whistler&previous_page_section_name=1000
Whistler,"Beautifully updated, open concept studio (2A)",Condominio completo,"$1,439",Helen,120 evaluaciones,5,"['4 huéspedes', 'estudio', '2 camas', '1 baño', '\U000f0004\n381 evaluaciones', '\U000f0019\nVerificado']",https://www.airbnb.mx/rooms/8049659?location=Whistler&previous_page_section_name=1000
Whistler,1 bed Penthouse in Heart of Whistler!,Condominio completo,"$1,962",Tasha,130 evaluaciones,5,"['4 huéspedes', '1 recámara', '0 camas', '1 baño', '\U000f0004\n218 evaluaciones', '\U000f0019\nVerificado']",https://www.airbnb.mx/rooms/15024449?location=Whistler&previous_page_section_name=1000
Whistler,Village Marketplace FREE Park & Wifi-AirCondioning,Departamento entero,"$1,889",Jacquie,99 evaluaciones,5,"['4 huéspedes', '1 recámara', '2 camas', '1 baño', '\U000f0004\n121 evaluaciones', '\U000f0019\nVerificado']",https://www.airbnb.mx/rooms/3094482?location=Whistler&previous_page_section_name=1000
Whistler,Aspens Ski in Ski out Apartment,Departamento entero,"$1,744",Alice,149 evaluaciones,4.5,"['4 huéspedes', '1 recámara', '2 camas', '1 baño', '\U000f0004\n149 evaluaciones', '\U000f0019\nVerificado']",https://www.airbnb.mx/rooms/12989051?location=Whistler&previous_page_section_name=1000
Whistler,"Prime Ski-in Ski-out Location! Pool, Hot tubs, BBQ, sleeps 4 (115)",Condominio completo,"$1,947",Blackcomb Peaks Accommodation,7 evaluaciones,5,"['4 huéspedes', '1 recámara', '2 camas', '1 baño', '\U000f0004\n742 evaluaciones']",https://www.airbnb.mx/rooms/21047396?location=Whistler&previous_page_section_name=1000
Whistler,"Prime Ski-in Ski-out Location! Pool, Hot tubs, BBQ, sleeps 4 (335)",Condominio completo,"$1,947",Blackcomb Peaks Accommodation,6 evaluaciones,5,"['4 huéspedes', '1 recámara', '2 camas', '1 baño', '\U000f0004\n742 evaluaciones']",https://www.airbnb.mx/rooms/21913571?location=Whistler&previous_page_section_name=1000
Whistler,"Prime Ski-in Ski-out Location! Pool, Hot tubs, BBQ, sleeps 4 (215)",Condominio completo,"$1,947",Blackcomb Peaks Accommodation,10 evaluaciones,4.5,"['4 huéspedes', '1 recámara', '2 camas', '1 baño', '\U000f0004\n742 evaluaciones']",https://www.airbnb.mx/rooms/21097948?location=Whistler&previous_page_section_name=1000
Whistler,Beautiful Condo Steps From Creekside Gondola,Departamento entero,"$1,453",Whistler Life Properties,8 evaluaciones,5,"['6 huéspedes', '1 recámara', '3 camas', '1 baño', '\U000f0004\n18 evaluaciones']",https://www.airbnb.mx/rooms/35426822?location=Whistler&previous_page_section_name=1000
Whistler,The Nest-Great Studio WhistlerVillage-free parking,Departamento entero,"$2,020",Beau (That'S Our Rescue Boxer:),166 evaluaciones,5,"['4 huéspedes', 'estudio', '3 camas', '1 baño', '\U000f0004\n208 evaluaciones', '\U000f0019\nVerificado']",https://www.airbnb.mx/rooms/3226098?location=Whistler&previous_page_section_name=1000
Whistler,Central 2 BD with Private Hot Tub,Casa adosada completa,"$2,688",Mila,171 evaluaciones,5,"['6 huéspedes', '2 recámaras', '3 camas', '2 baños', '\U000f0004\n506 evaluaciones', '\U000f0019\nVerificado']",https://www.airbnb.mx/rooms/3157333?location=Whistler&previous_page_section_name=1000
Whistler,Bluebird Corner @ Whistler Creekside ~ Studio Apt.,Departamento entero,"$1,598",Evangeline,106 evaluaciones,5,"['3 huéspedes', 'estudio', '1 cama', '1 baño', '\U000f0004\n106 evaluaciones', '\U000f0019\nVerificado']",https://www.airbnb.mx/rooms/16228731?location=Whistler&previous_page_section_name=1000
Whistler,Cozy Creekside one bedroom with free parking,Condominio completo,"$1,511",Alison,94 evaluaciones,5,"['4 huéspedes', '1 recámara', '2 camas', '1 baño', '\U000f0004\n954 evaluaciones', '\U000f0019\nVerificado']",https://www.airbnb.mx/rooms/21914065?location=Whistler&previous_page_section_name=1000
Whistler,Heart of the Village - 1 Bedroom + loft,Loft entero,"$2,398",Renee,139 evaluaciones,5,"['6 huéspedes', '1 recámara', '4 camas', '1 baño', '\U000f0004\n139 evaluaciones', '\U000f0019\nVerificado']",https://www.airbnb.mx/rooms/18170187?location=Whistler&previous_page_section_name=1000
Whistler,gorgeous studio condo in whistler village,Condominio completo,"$1,293",Terrence & Yvonne,45 evaluaciones,4.5,"['4 huéspedes', 'estudio', '3 camas', '1 baño', '\U000f0004\n350 evaluaciones', '\U000f0019\nVerificado']",https://www.airbnb.mx/rooms/28053251?location=Whistler&previous_page_section_name=1000
Whistler,Village North: Hot Tub+Pool+Free Parking!,Departamento entero,"$2,020",Clare And Mike,70 evaluaciones,5,"['4 huéspedes', '1 recámara', '2 camas', '1 baño', '\U000f0004\n562 evaluaciones', '\U000f0019\nVerificado']",https://www.airbnb.mx/rooms/24713214?location=Whistler&previous_page_section_name=1000
Whistler,Cozy Whistler Village Studio - Free Parking!!!,Condominio completo,"$2,180",Kristen,282 evaluaciones,5,"['4 huéspedes', 'estudio', '2 camas', '1 baño', '\U000f0004\n282 evaluaciones', '\U000f1101\n3 Recomendaciones', '\U000f0019\nVerificado']",https://www.airbnb.mx/rooms/12714668?location=Whistler&previous_page_section_name=1000
Whistler,Stoney Creek Northstar 74 - One bedroom condo with pool and hot tub access,Condominio completo,"$1,962",Whistler Superior,2 evaluaciones,,"['4 huéspedes', '1 recámara', '2 camas', '1 baño', '\U000f0004\n116 evaluaciones']",https://www.airbnb.mx/rooms/30015316?location=Whistler&previous_page_section_name=1000
Whistler,Elegant and Cozy 1 BR in Whistler Village,Condominio completo,"$1,598",Keith And Ilona,55 evaluaciones,5,"['4 huéspedes', '1 recámara', '2 camas', '1 baño', '\U000f0004\n55 evaluaciones', '\U000f0019\nVerificado']",https://www.airbnb.mx/rooms/26302895?location=Whistler&previous_page_section_name=1000
Whistler,Village-1 Bedroom+2 Sofa beds,Departamento con servicios completo,"$1,163",Dave,83 evaluaciones,5,"['4 huéspedes', '1 recámara', '3 camas', '1 baño', '\U000f0004\n168 evaluaciones', '\U000f0019\nVerificado']",https://www.airbnb.mx/rooms/8915733?location=Whistler&previous_page_section_name=1000
Whistler,"Prime Ski-in Ski-out Location! Pool, Hot tubs, BBQ, sleeps 8 (207)",Condominio completo,"$2,746",Blackcomb Peaks Accommodation,11 evaluaciones,5,"['8 huéspedes', '2 recámaras', '4 camas', '2 baños', '\U000f0004\n742 evaluaciones']",https://www.airbnb.mx/rooms/21097950?location=Whistler&previous_page_section_name=1000
Whistler,Village 1BR - Best Location & Newly Renovated!,Condominio completo,"$1,976",Whistler,77 evaluaciones,5,"['4 huéspedes', '1 recámara', '2 camas', '1 baño', '\U000f0004\n77 evaluaciones', '\U000f0019\nVerificado']",https://www.airbnb.mx/rooms/21788584?location=Whistler&previous_page_section_name=1000
Whistler,COZY Whistler Village Getaway - in BEST Location!,Departamento entero,"$1,337",Ronel & Mark,52 evaluaciones,5,"['4 huéspedes', 'estudio', '2 camas', '1 baño', '\U000f0004\n52 evaluaciones', '\U000f0019\nVerificado']",https://www.airbnb.mx/rooms/24559682?location=Whistler&previous_page_section_name=1000
Whistler,"3 bedroom, quiet, spacious, tasteful, convenient.",Casa adosada completa,"$6,089",Andrew,64 evaluaciones,5,"['8 huéspedes', '3 recámaras', '8 camas', '2 baños', '\U000f0004\n294 evaluaciones', '\U000f0019\nVerificado']",https://www.airbnb.mx/rooms/16125136?location=Whistler&previous_page_section_name=1000
Whistler,"Stoney Creek Northstar 2 - Great location, pool & hot tub access, free wifi",Condominio completo,"$1,962",Whistler Superior,,,"['4 huéspedes', '1 recámara', '2 camas', '1 baño', '\U000f0004\n116 evaluaciones']",https://www.airbnb.mx/rooms/30015286?location=Whistler&previous_page_section_name=1000
Whistler,STAIRWAY TO SNOW HEAVEN,Condominio completo,"$1,293",Scott,251 evaluaciones,5,"['5 huéspedes', '1 recámara', '3 camas', '1 baño', '\U000f0004\n261 evaluaciones', '\U000f0019\nVerificado']",https://www.airbnb.mx/rooms/6925332?location=Whistler&previous_page_section_name=1000
Whistler,Whistler Escape Ski In/Out 1 Bedroom Hot Tub Pool,Departamento entero,"$2,325",Ashley,128 evaluaciones,5,"['4 huéspedes', '1 recámara', '1 cama', '1 baño', '\U000f0004\n649 evaluaciones', '\U000f0019\nVerificado']",https://www.airbnb.mx/rooms/19247462?location=Whistler&previous_page_section_name=1000
Whistler,Market Pavilion 325 - Mountain views in a convenient central location,Condominio completo,"$2,122",Whistler Superior,10 evaluaciones,5,"['6 huéspedes', '1 recámara', '3 camas', '1 baño', '\U000f0004\n116 evaluaciones']",https://www.airbnb.mx/rooms/30015262?location=Whistler&previous_page_section_name=1000
Whistler,Ideally located 1BR suite with private BBQ balcony,Condominio completo,"$2,020",Marlene And Mike,6 evaluaciones,5,"['2 huéspedes', '1 recámara', '1 cama', '1 baño', '\U000f0004\n6 evaluaciones']",https://www.airbnb.mx/rooms/33860451?location=Whistler&previous_page_section_name=1000
Whistler,Cozy & Comfortable Creekside Condo,Condominio completo,$814,Kim,40 evaluaciones,5,"['4 huéspedes', '1 recámara', '2 camas', '1 baño', '\U000f0004\n40 evaluaciones', '\U000f0019\nVerificado']",https://www.airbnb.mx/rooms/23184549?location=Whistler&previous_page_section_name=1000
Whistler,,Traducir,,,,,[],https://www.airbnb.mx/rooms/plus/23667233?location=Whistler&previous_page_section_name=1000
Whistler,Prime Location 1 bedroom Condo,Condominio completo,"$1,293",Chris,31 evaluaciones,5,"['4 huéspedes', '1 recámara', '2 camas', '1 baño', '\U000f0004\n31 evaluaciones', '\U000f0019\nVerificado']",https://www.airbnb.mx/rooms/25872882?location=Whistler&previous_page_section_name=1000
Whistler,Whistler first class ski in ski out,Departamento entero,"$3,633",Gertraut,73 evaluaciones,5,"['8 huéspedes', '2 recámaras', '5 camas', '2 baños', '\U000f0004\n88 evaluaciones', '\U000f0019\nVerificado']",https://www.airbnb.mx/rooms/3860531?location=Whistler&previous_page_section_name=1000
Whistler,Top Floor Whistler Ski-in/Ski-out/Blackcomb Aspens,Condominio completo,"$1,729",Herman,97 evaluaciones,5,"['4 huéspedes', '1 recámara', '2 camas', '1 baño', '\U000f0004\n115 evaluaciones', '\U000f0019\nVerificado']",https://www.airbnb.mx/rooms/20407932?location=Whistler&previous_page_section_name=1000
Whistler,Large Studio in Whistler Village,Condominio completo,"$1,322",Jennie,31 evaluaciones,5,"['2 huéspedes', 'estudio', '1 cama', '1 baño', '\U000f0004\n31 evaluaciones', '\U000f0019\nVerificado']",https://www.airbnb.mx/rooms/22021685?location=Whistler&previous_page_section_name=1000
Whistler,"Prime Ski-in Ski-out Location! Pool, Hot tubs, BBQ, sleeps 8 (112)",Condominio completo,"$2,441",Blackcomb Peaks Accommodation,11 evaluaciones,4.5,"['8 huéspedes', '2 recámaras', '4 camas', '2 baños', '\U000f0004\n742 evaluaciones']",https://www.airbnb.mx/rooms/23877257?location=Whistler&previous_page_section_name=1000
Whistler,The Cache - Boutique Mountain Enclave at Creekside,Departamento entero,"$1,424",Jessica,95 evaluaciones,5,"['2 huéspedes', 'estudio', '1 cama', '1 baño', '\U000f0004\n517 evaluaciones', '\U000f0019\nVerificado']",https://www.airbnb.mx/rooms/22618312?location=Whistler&previous_page_section_name=1000
Whistler,2 BR/2 BA Townhouse with Own Hot Tub,Casa adosada completa,"$2,441",John,46 evaluaciones,5,"['6 huéspedes', '2 recámaras', '2 camas', '2 baños', '\U000f0004\n47 evaluaciones', '\U000f0019\nVerificado']",https://www.airbnb.mx/rooms/12069101?location=Whistler&previous_page_section_name=1000
Whistler,Lakefront Condo in Whistler,Condominio completo,"$1,598",Denise,59 evaluaciones,5,"['4 huéspedes', '1 recámara', '2 camas', '1 baño', '\U000f0004\n59 evaluaciones', '\U000f0019\nVerificado']",https://www.airbnb.mx/rooms/8173539?location=Whistler&previous_page_section_name=1000
Whistler,Cozy Creekside Retreat (close to gondola; 1 bdrm),Departamento entero,"$1,250",Brandy And Jean-Luc,67 evaluaciones,5,"['4 huéspedes', '1 recámara', '2 camas', '1 baño', '\U000f0004\n67 evaluaciones', '\U000f0019\nVerificado']",https://www.airbnb.mx/rooms/21218742?location=Whistler&previous_page_section_name=1000
Whistler,Whistler Village 1 Bedroom + Hot Tub Access,Condominio completo,"$1,816",Sara,99 evaluaciones,5,"['6 huéspedes', '1 recámara', '1 cama', '1 baño', '\U000f0004\n199 evaluaciones', '\U000f0019\nVerificado']",https://www.airbnb.mx/rooms/19161726?location=Whistler&previous_page_section_name=1000
Whistler,Cozy 1 bedroom Creekside Condo,Condominio completo,"$1,453",Mark,63 evaluaciones,5,"['4 huéspedes', '1 recámara', '1 cama', '1 baño', '\U000f0004\n63 evaluaciones', '\U000f0019\nVerificado']",https://www.airbnb.mx/rooms/22367540?location=Whistler&previous_page_section_name=1000
Whistler,Luxury Blackcomb Retreat - Gondola~Pool~Hot tub,Condominio completo,"$1,671",Jennie,,,"['3 huéspedes', '1 recámara', '1 cama', '2 baños']",https://www.airbnb.mx/rooms/36880700?location=Whistler&previous_page_section_name=1000
Whistler,Impeccable Glacier Lodge Hotel Room Pool+Hot tub,Departamento con servicios completo,"$1,439",James,37 evaluaciones,4.5,"['4 huéspedes', '1 recámara', '2 camas', '1 baño', '\U000f0004\n230 evaluaciones', '\U000f0019\nVerificado']",https://www.airbnb.mx/rooms/23378477?location=Whistler&previous_page_section_name=1000
Whistler,"Prime Ski-in Ski-out Location! Pool, Hot tubs, BBQ, sleeps 8 (319)",Condominio completo,"$2,805",Blackcomb Peaks Accommodation,10 evaluaciones,5,"['8 huéspedes', '2 recámaras', '4 camas', '2 baños', '\U000f0004\n742 evaluaciones']",https://www.airbnb.mx/rooms/21913496?location=Whistler&previous_page_section_name=1000
Whistler,"Prime Ski-in Ski-out Location! Top Floor Unit, Pool, Hot tubs, BBQ (549)",Condominio completo,"$2,732",Blackcomb Peaks Accommodation,14 evaluaciones,5,"['8 huéspedes', '2 recámaras', '4 camas', '2 baños', '\U000f0004\n742 evaluaciones']",https://www.airbnb.mx/rooms/21899615?location=Whistler&previous_page_section_name=1000
Whistler,The Marquise 220 - Updated suite just steps from the slopes,Condominio completo,"$1,657",Whistler Superior,,,"['4 huéspedes', '1 recámara', '2 camas', '1 baño', '\U000f0004\n116 evaluaciones']",https://www.airbnb.mx/rooms/30015269?location=Whistler&previous_page_section_name=1000
Whistler,Miga Retreat | Studio 225 | Whistler BC,Condominio completo,"$1,439",Mike + Doris,173 evaluaciones,4.5,"['3 huéspedes', 'estudio', '2 camas', '1 baño', '\U000f0004\n734 evaluaciones', '\U000f1101\n4 Recomendaciones', '\U000f0019\nVerificado']",https://www.airbnb.mx/rooms/3960082?location=Whistler&previous_page_section_name=1000
Whistler,Central 1BD with Hot Tub/Sauna/Pool,Departamento entero,"$1,250",Efosa,40 evaluaciones,5,"['4 huéspedes', '1 recámara', '2 camas', '1 baño', '\U000f0004\n120 evaluaciones', '\U000f0019\nVerificado']",https://www.airbnb.mx/rooms/18409526?location=Whistler&previous_page_section_name=1000
Whistler,Whistler Village- Fantastic Views - Free Parking,Departamento con servicios completo,"$1,584",Alex,52 evaluaciones,5,"['5 huéspedes', '1 recámara', '3 camas', '1 baño', '\U000f0004\n770 evaluaciones', '\U000f0019\nVerificado']",https://www.airbnb.mx/rooms/25941696?location=Whistler&previous_page_section_name=1000
Whistler,M & M's Studio Getaway,Departamento entero,"$1,104",Melanie,20 evaluaciones,5,"['4 huéspedes', 'estudio', '2 camas', '1 baño', '\U000f0004\n20 evaluaciones']",https://www.airbnb.mx/rooms/32448738?location=Whistler&previous_page_section_name=1000
Whistler,BnB & eBike or Guided Mtn Adventure,Habitación privada en bed and breakfast,"$1,901",EBike Ash,115 evaluaciones,5,"['2 huéspedes', '2 recámaras', '3 camas', '2 baños', '\U000f0004\n180 evaluaciones', '\U000f1101\n1 Recomendación', '\U000f0019\nVerificado']",https://www.airbnb.mx/rooms/489996?location=Whistler&previous_page_section_name=1000
Whistler,"Townhome in Village, Private Hot Tub, Pool & Sauna",Casa adosada completa,"$2,543",Matthew,80 evaluaciones,5,"['6 huéspedes', '2 recámaras', '3 camas', '2 baños', '\U000f0004\n80 evaluaciones', '\U000f0019\nVerificado']",https://www.airbnb.mx/rooms/20981379?location=Whistler&previous_page_section_name=1000
Whistler,Heart Beat of Whistler Village - 202 WindWhistle,Condominio completo,"$1,875",Jody And Judy,49 evaluaciones,5,"['4 huéspedes', '1 recámara', '2 camas', '1 baño', '\U000f0004\n121 evaluaciones', '\U000f0019\nVerificado']",https://www.airbnb.mx/rooms/26258082?location=Whistler&previous_page_section_name=1000
Whistler,Tyndall Stone Lodge one bed room condo,Condominio completo,"$1,584",Terrence & Yvonne,37 evaluaciones,5,"['4 huéspedes', '1 recámara', '2 camas', '1 baño', '\U000f0004\n350 evaluaciones', '\U000f0019\nVerificado']",https://www.airbnb.mx/rooms/28058250?location=Whistler&previous_page_section_name=1000
Whistler,"Prime Ski-in Ski-out Location! Pool, Hot tubs, sleeps 4 (353)",Condominio completo,"$1,947",Blackcomb Peaks Accommodation,3 evaluaciones,4.5,"['4 huéspedes', '1 recámara', '2 camas', '1 baño', '\U000f0004\n742 evaluaciones']",https://www.airbnb.mx/rooms/21915934?location=Whistler&previous_page_section_name=1000
Whistler,"Prime Ski-in Ski-out Location! Pool, Washer/Dryer Hot tubs, BBQ, sleeps 8 (327)",Condominio completo,"$3,037",Blackcomb Peaks Accommodation,,,"['8 huéspedes', '2 recámaras', '3 camas', '2 baños', '\U000f0004\n742 evaluaciones']",https://www.airbnb.mx/rooms/36149653?location=Whistler&previous_page_section_name=1000
Whistler,"Greystone, Renovated Ski in Ski out, sleeps 5, Free Wifi (217)",Condominio completo,"$2,151",Blackcomb Peaks Accommodation,13 evaluaciones,5,"['5 huéspedes', '1 recámara', '3 camas', '1 baño', '\U000f0004\n742 evaluaciones']",https://www.airbnb.mx/rooms/21895571?location=Whistler&previous_page_section_name=1000
Whistler,"whistler apt. . Pool,BBQ, hot tub,near everthing",Departamento entero,"$2,165",Sarah,230 evaluaciones,4.5,"['4 huéspedes', '1 recámara', '2 camas', '1 baño', '\U000f0004\n230 evaluaciones', '\U000f0019\nVerificado']",https://www.airbnb.mx/rooms/964727?location=Whistler&previous_page_section_name=1000
Whistler,Newly updated bright 3rd floor suite w/ views (B),Condominio completo,"$1,453",Helen,92 evaluaciones,5,"['2 huéspedes', 'estudio', '1 cama', '1 baño', '\U000f0004\n381 evaluaciones', '\U000f0019\nVerificado']",https://www.airbnb.mx/rooms/16221086?location=Whistler&previous_page_section_name=1000
Whistler,Market Pavilion Studio on Main St: Hot Tub+Parking,Departamento entero,"$1,875",Clare And Mike,57 evaluaciones,5,"['2 huéspedes', 'estudio', '1 cama', '1 baño', '\U000f0004\n562 evaluaciones', '\U000f0019\nVerificado']",https://www.airbnb.mx/rooms/24372543?location=Whistler&previous_page_section_name=1000
Whistler,Whistler Village Lagoon's Studio - Free parking!,Condominio completo,"$1,875",Clare And Mike,52 evaluaciones,5,"['2 huéspedes', 'estudio', '1 cama', '1 baño', '\U000f0004\n562 evaluaciones', '\U000f0019\nVerificado']",https://www.airbnb.mx/rooms/27090141?location=Whistler&previous_page_section_name=1000
Whistler,"Prime Ski-in Ski-out Location! Pool, Hot tubs, BBQ, AC, sleeps 4 (367)",Condominio completo,"$1,947",Blackcomb Peaks Accommodation,3 evaluaciones,5,"['4 huéspedes', '1 recámara', '2 camas', '1 baño', '\U000f0004\n742 evaluaciones']",https://www.airbnb.mx/rooms/21916278?location=Whistler&previous_page_section_name=1000
Whistler,Prime Whistler Village Location / Pool/ Hot Tub!,Condominio completo,"$1,410",Marek,36 evaluaciones,4.5,"['4 huéspedes', 'estudio', '2 camas', '1 baño', '\U000f0004\n36 evaluaciones']",https://www.airbnb.mx/rooms/22249549?location=Whistler&previous_page_section_name=1000
Whistler,"Prime Ski-in Ski-out Location! Top Floor Unit, Pool, Hot tubs, BBQ (438)",Condominio completo,"$1,947",Blackcomb Peaks Accommodation,5 evaluaciones,5,"['4 huéspedes', '1 recámara', '2 camas', '1 baño', '\U000f0004\n742 evaluaciones']",https://www.airbnb.mx/rooms/21900831?location=Whistler&previous_page_section_name=1000
Whistler,"Prime Ski-in Ski-out Location! Top Floor Unit, Pool, Hot tubs, BBQ (439)",Condominio completo,"$2,470",Blackcomb Peaks Accommodation,7 evaluaciones,5,"['6 huéspedes', '2 recámaras', '4 camas', '2 baños', '\U000f0004\n742 evaluaciones']",https://www.airbnb.mx/rooms/21900609?location=Whistler&previous_page_section_name=1000
Whistler,Tranquil 2bdrm Getaway!,Condominio completo,"$2,746",Stephanie,157 evaluaciones,5,"['6 huéspedes', '2 recámaras', '3 camas', '2 baños', '\U000f0004\n402 evaluaciones', '\U000f0019\nVerificado']",https://www.airbnb.mx/rooms/14056635?location=Whistler&previous_page_section_name=1000
Whistler,creekside location ski in ski out,Habitación privada en casa adosada,$915,Jeanette,141 evaluaciones,5,"['2 huéspedes', '1 recámara', '1 cama', '2 baños', '\U000f0004\n141 evaluaciones', '\U000f0019\nVerificado']",https://www.airbnb.mx/rooms/8906349?location=Whistler&previous_page_section_name=1000
Whistler,Heart Whistler Village-3bd/2.5bath,Casa adosada completa,"$2,285",Sherry,137 evaluaciones,5,"['6 huéspedes', '3 recámaras', '4 camas', '2 baños completos y uno de tocador', '\U000f0004\n137 evaluaciones', '\U000f0019\nVerificado']",https://www.airbnb.mx/rooms/9088173?location=Whistler&previous_page_section_name=1000
Whistler,Tyndall Stone Lodge #311,Condominio completo,"$2,572",Whistler Superior,6 evaluaciones,5,"['6 huéspedes', '1 recámara', '3 camas', '1 baño', '\U000f0004\n116 evaluaciones']",https://www.airbnb.mx/rooms/30015396?location=Whistler&previous_page_section_name=1000
Whistler,"Prime Ski-in Ski-out Location! Pool, Hot tubs, BBQ, sleeps 4 (113)",Condominio completo,"$1,947",Blackcomb Peaks Accommodation,2 evaluaciones,,"['4 huéspedes', '1 recámara', '2 camas', '1 baño', '\U000f0004\n742 evaluaciones']",https://www.airbnb.mx/rooms/21047405?location=Whistler&previous_page_section_name=1000
Whistler,"Stoney Creek Northstar 32 - Renovated, ground floor condo in Whistler Village",Condominio completo,"$1,962",Whistler Superior,3 evaluaciones,5,"['4 huéspedes', '1 recámara', '2 camas', '1 baño', '\U000f0004\n116 evaluaciones']",https://www.airbnb.mx/rooms/30420434?location=Whistler&previous_page_section_name=1000
Whistler,"True Ski-in Ski-out, 1 BR Greystone Lodge Condo",Condominio completo,"$1,439",Lily,62 evaluaciones,5,"['4 huéspedes', '1 recámara', '2 camas', '1 baño', '\U000f0004\n223 evaluaciones', '\U000f0019\nVerificado']",https://www.airbnb.mx/rooms/21233731?location=Whistler&previous_page_section_name=1000
Whistler,"Prime Ski-in Ski-out Location! Pool, Hot tubs, BBQ, sleeps 4 (217)",Condominio completo,"$1,947",Blackcomb Peaks Accommodation,5 evaluaciones,5,"['4 huéspedes', '1 recámara', '2 camas', '1 baño', '\U000f0004\n742 evaluaciones']",https://www.airbnb.mx/rooms/21097951?location=Whistler&previous_page_section_name=1000
Whistler,*Perfect Location* Glacier Reach w/private hot tub,Condominio completo,"$1,860",Judy,31 evaluaciones,5,"['8 huéspedes', '2 recámaras', '4 camas', '2 baños', '\U000f0004\n31 evaluaciones', '\U000f0019\nVerificado']",https://www.airbnb.mx/rooms/30109906?location=Whistler&previous_page_section_name=1000
Whistler,PENTHOUSE Condo - Whistler Village!,Condominio completo,"$1,875",Matt,31 evaluaciones,5,"['4 huéspedes', '1 recámara', '1 cama', '1 baño', '\U000f0004\n116 evaluaciones', '\U000f0019\nVerificado']",https://www.airbnb.mx/rooms/5445617?location=Whistler&previous_page_section_name=1000
Whistler,Blackcomb Beauty !,Departamento entero,"$2,325",Eliot,95 evaluaciones,5,"['4 huéspedes', '2 recámaras', '3 camas', '1 baño', '\U000f0004\n95 evaluaciones', '\U000f0019\nVerificado']",https://www.airbnb.mx/rooms/3372779?location=Whistler&previous_page_section_name=1000
Whistler,Prime Village Location Ski In Ski Out by Harmony Whistler,Condominio completo,"$1,598",Harmony,58 evaluaciones,5,"['4 huéspedes', '1 recámara', '2 camas', '1 baño', '\U000f0004\n1465 evaluaciones', '\U000f0019\nVerificado']",https://www.airbnb.mx/rooms/9918741?location=Whistler&previous_page_section_name=1000
Whistler,SKI IN SKI OUT..BLISS! ONE BEDROOM SUITE,Condominio completo,"$1,235",Janice,88 evaluaciones,5,"['4 huéspedes', '1 recámara', '2 camas', '1 baño', '\U000f0004\n101 evaluaciones', '\U000f0019\nVerificado']",https://www.airbnb.mx/rooms/9494370?location=Whistler&previous_page_section_name=1000
Whistler,"2 Bedroom /w Private Hot Tub, Great location!",Casa adosada completa,"$3,473",Bryony,129 evaluaciones,4.5,"['5 huéspedes', '2 recámaras', '3 camas', '2 baños', '\U000f0004\n278 evaluaciones', '\U000f0019\nVerificado']",https://www.airbnb.mx/rooms/19342616?location=Whistler&previous_page_section_name=1000
Whistler,"Prime Ski-in Ski-out Location! Pool, Hot tubs, BBQ, sleeps 4 (314)",Condominio completo,"$1,947",Blackcomb Peaks Accommodation,6 evaluaciones,5,"['4 huéspedes', '1 recámara', '2 camas', '1 baño', '\U000f0004\n742 evaluaciones']",https://www.airbnb.mx/rooms/21913231?location=Whistler&previous_page_section_name=1000
Whistler,Blueberry comfy 3BR/2BA Condo opening to outside,Condominio completo,"$3,052",Jim,46 evaluaciones,5,"['8 huéspedes', '3 recámaras', '5 camas', '2 baños', '\U000f0004\n46 evaluaciones', '\U000f0019\nVerificado']",https://www.airbnb.mx/rooms/4277978?location=Whistler&previous_page_section_name=1000
Whistler,Eagle Lodge Studio-Village Location-Mountain Views,Departamento entero,"$1,540",Whistler Reception,95 evaluaciones,4.5,"['4 huéspedes', 'estudio', '2 camas', '1 baño', '\U000f0004\n344 evaluaciones', '\U000f0019\nVerificado']",https://www.airbnb.mx/rooms/15007751?location=Whistler&previous_page_section_name=1000
Whistler,The Gables 19 - Newly renovated in perfect village location,Condominio completo,"$2,122",Whistler Superior,2 evaluaciones,,"['4 huéspedes', '1 recámara', '2 camas', '1 baño', '\U000f0004\n116 evaluaciones']",https://www.airbnb.mx/rooms/30015232?location=Whistler&previous_page_section_name=1000
Whistler,"Ski in Ski Out Totally Renovated , 2 BR, 2BA, 8ppl",Departamento entero,"$2,906",Sergio,43 evaluaciones,5,"['8 huéspedes', '2 recámaras', '5 camas', '2 baños', '\U000f0004\n115 evaluaciones', '\U000f0019\nVerificado']",https://www.airbnb.mx/rooms/18377431?location=Whistler&previous_page_section_name=1000
Whistler,Didi's MAIN ST studio with shared HOT TUB,Condominio completo,"$1,729",Didi,65 evaluaciones,5,"['4 huéspedes', 'estudio', '2 camas', '1 baño', '\U000f0004\n111 evaluaciones', '\U000f0019\nVerificado']",https://www.airbnb.mx/rooms/26303976?location=Whistler&previous_page_section_name=1000
Whistler,Revamped One Bedroom Unit With Mountain Views!,Departamento entero,"$2,020",Whistler Reception,31 evaluaciones,5,"['4 huéspedes', '1 recámara', '2 camas', '1 baño', '\U000f0004\n344 evaluaciones', '\U000f0019\nVerificado']",https://www.airbnb.mx/rooms/18395194?location=Whistler&previous_page_section_name=1000
Whistler,Simon & Marcella's Deluxe Mountain Serenity Suite,Departamento entero,"$1,686",Marcella And Simon,88 evaluaciones,5,"['4 huéspedes', 'estudio', '1 cama', '1 baño', '\U000f0004\n88 evaluaciones', '\U000f0019\nVerificado']",https://www.airbnb.mx/rooms/15630386?location=Whistler&previous_page_section_name=1000
Whistler,1.5BR Condo Heart of Whistler Village Facing Slope,Departamento entero,"$2,616",Juned,91 evaluaciones,4.5,"['6 huéspedes', '2 recámaras', '4 camas', '1 baño', '\U000f0004\n91 evaluaciones', '\U000f0019\nVerificado']",https://www.airbnb.mx/rooms/17671622?location=Whistler&previous_page_section_name=1000
Whistler,Comfy & Cozy Studio with Free Parking,Condominio completo,"$1,017",Marina,27 evaluaciones,5,"['2 huéspedes', 'estudio', '2 camas', '1 baño', '\U000f0004\n27 evaluaciones', '\U000f0019\nVerificado']",https://www.airbnb.mx/rooms/29922329?location=Whistler&previous_page_section_name=1000
Whistler,"Prime Ski-in Ski-out Location! Pool, Hot tubs, sleeps 8 (349)",Condominio completo,"$2,805",Blackcomb Peaks Accommodation,7 evaluaciones,4.5,"['8 huéspedes', '2 recámaras', '4 camas', '2 baños', '\U000f0004\n742 evaluaciones']",https://www.airbnb.mx/rooms/21913664?location=Whistler&previous_page_section_name=1000
Whistler,Homelike 1 bedroom + den Whistler condo,Departamento entero,"$2,470",Katerina,164 evaluaciones,5,"['6 huéspedes', '2 recámaras', '3 camas', '1 baño', '\U000f0004\n167 evaluaciones', '\U000f0019\nVerificado']",https://www.airbnb.mx/rooms/15011018?location=Whistler&previous_page_section_name=1000
Whistler,Whistler Village - Dear Lodge - 2,Departamento entero,"$1,347",Galib,38 evaluaciones,5,"['6 huéspedes', '2 recámaras', '3 camas', '2 baños', '\U000f0004\n497 evaluaciones', '\U000f1101\n2 Recomendaciones', '\U000f0019\nVerificado']",https://www.airbnb.mx/rooms/10154392?location=Whistler&previous_page_section_name=1000
Whistler,Think Whistler - Quiet Village - Park Free! Xbox!,Departamento con servicios completo,"$2,311",Alex,117 evaluaciones,5,"['8 huéspedes', '2 recámaras', '4 camas', '2 baños', '\U000f0004\n770 evaluaciones', '\U000f0019\nVerificado']",https://www.airbnb.mx/rooms/18009804?location=Whistler&previous_page_section_name=1000
Whistler,"Whistler Modern, Ski In/Out, Hot Tub & Heated Pool",Departamento entero,"$2,180",Aran,214 evaluaciones,5,"['4 huéspedes', '1 recámara', '0 camas', '1 baño', '\U000f0004\n375 evaluaciones', '\U000f0019\nVerificado']",https://www.airbnb.mx/rooms/13979632?location=Whistler&previous_page_section_name=1000
Whistler,"Stoney Creek Lagoons 5 - Conveniently located, free parking & wifi",Condominio completo,"$1,816",Whistler Superior,1 evaluación,,"['4 huéspedes', '1 recámara', '2 camas', '1 baño', '\U000f0004\n116 evaluaciones']",https://www.airbnb.mx/rooms/30015282?location=Whistler&previous_page_section_name=1000
Whistler,Cedar Hollow 6 - Quiet mountainside location with free parking,Condominio completo,"$1,816",Whistler Superior,,,"['4 huéspedes', '1 recámara', '2 camas', '1 baño', '\U000f0004\n116 evaluaciones']",https://www.airbnb.mx/rooms/30015219?location=Whistler&previous_page_section_name=1000
Whistler,Brand new renovated 1bd unit at the Marquise.,Departamento entero,"$1,017",Laila,33 evaluaciones,5,"['4 huéspedes', '1 recámara', '1 cama', '1 baño', '\U000f0004\n33 evaluaciones', '\U000f0019\nVerificado']",https://www.airbnb.mx/rooms/30065254?location=Whistler&previous_page_section_name=1000
Whistler,"Prime Ski-in Ski-out Location! Pool, Hot tubs, sleeps 4 (302)",Condominio completo,"$2,122",Blackcomb Peaks Accommodation,7 evaluaciones,4.5,"['4 huéspedes', '1 recámara', '2 camas', '1 baño', '\U000f0004\n742 evaluaciones']",https://www.airbnb.mx/rooms/21912987?location=Whistler&previous_page_section_name=1000
Whistler,Centre of Whistler Village with Free Parking!,Departamento entero,"$1,453",Hiromi,113 evaluaciones,5,"['3 huéspedes', '1 recámara', '2 camas', '1 baño', '\U000f0004\n176 evaluaciones', '\U000f0019\nVerificado']",https://www.airbnb.mx/rooms/13725486?location=Whistler&previous_page_section_name=1000
Whistler,1BR w/ Private Rooftop Deck in Whistler Village,Casa adosada completa,"$1,308",Dany,45 evaluaciones,4.5,"['4 huéspedes', '1 recámara', '1 cama', '1 baño', '\U000f0004\n197 evaluaciones']",https://www.airbnb.mx/rooms/28661489?location=Whistler&previous_page_section_name=1000
Whistler,Alpenglow cute studio condo in Whistler Village,Condominio completo,"$1,439",Terrence & Yvonne,22 evaluaciones,4.5,"['4 huéspedes', 'estudio', '1 cama', '1 baño', '\U000f0004\n350 evaluaciones', '\U000f0019\nVerificado']",https://www.airbnb.mx/rooms/30298465?location=Whistler&previous_page_section_name=1000
Whistler,"Village Townhouse, Quiet 1 bedroom",Casa adosada completa,"$1,816",Sara,97 evaluaciones,5,"['4 huéspedes', '1 recámara', '2 camas', '1 baño', '\U000f0004\n199 evaluaciones', '\U000f0019\nVerificado']",https://www.airbnb.mx/rooms/19451316?location=Whistler&previous_page_section_name=1000
Whistler,Updated 2 bedroom Getaway w hot tub- near village!,Departamento entero,"$2,892",Stephanie,147 evaluaciones,5,"['6 huéspedes', '2 recámaras', '3 camas', '2 baños', '\U000f0004\n402 evaluaciones', '\U000f0019\nVerificado']",https://www.airbnb.mx/rooms/16068259?location=Whistler&previous_page_section_name=1000
Whistler,"Prime Ski-in Ski-out Location! Pool, Hot tubs, BBQ, sleeps 4 (328)",Condominio completo,"$1,947",Blackcomb Peaks Accommodation,4 evaluaciones,5,"['4 huéspedes', '1 recámara', '2 camas', '1 baño', '\U000f0004\n742 evaluaciones']",https://www.airbnb.mx/rooms/21913558?location=Whistler&previous_page_section_name=1000
Whistler,Ski in/Ski out - sleeps 8 - 3 bedrooms - renovated,Condominio completo,"$1,330",Galib,23 evaluaciones,4.5,"['8 huéspedes', '3 recámaras', '4 camas', '2 baños', '\U000f0004\n497 evaluaciones', '\U000f1101\n2 Recomendaciones', '\U000f0019\nVerificado']",https://www.airbnb.mx/rooms/19461737?location=Whistler&previous_page_section_name=1000
Whistler,"Prime Ski-in Ski-out Location! Pool, Hot tubs, BBQ, sleeps 4 (222)",Condominio completo,"$1,991",Blackcomb Peaks Accommodation,4 evaluaciones,5,"['4 huéspedes', '1 recámara', '2 camas', '1 baño', '\U000f0004\n742 evaluaciones']",https://www.airbnb.mx/rooms/21829202?location=Whistler&previous_page_section_name=1000
Whistler,"Prime Ski-in Ski-out Location! Top Floor Unit, Pool, Hot tubs, BBQ (543)",Condominio completo,"$1,947",Blackcomb Peaks Accommodation,6 evaluaciones,4.5,"['4 huéspedes', '1 recámara', '2 camas', '1 baño', '\U000f0004\n742 evaluaciones']",https://www.airbnb.mx/rooms/21900396?location=Whistler&previous_page_section_name=1000
Whistler,Newly Renovated Stylish One Bedroom Condo,Condominio completo,"$1,816",Deborah,13 evaluaciones,5,"['3 huéspedes', '1 recámara', '2 camas', '1 baño', '\U000f0004\n13 evaluaciones']",https://www.airbnb.mx/rooms/35841758?location=Whistler&previous_page_section_name=1000
Whistler,Glacier Lodge 247 - Deluxe Ski in Ski out condo with pool and hot tub,Condominio completo,"$1,962",Whistler Superior,3 evaluaciones,5,"['4 huéspedes', '1 recámara', '2 camas', '1 baño', '\U000f0004\n116 evaluaciones']",https://www.airbnb.mx/rooms/30015237?location=Whistler&previous_page_section_name=1000
Whistler,"Recently Renovated Unit with 270 deg view of Slope. Ski-in/Ski-out, Free Wi-Fi",Condominio completo,"$2,136",Blackcomb Peaks Accommodation,3 evaluaciones,4.5,"['4 huéspedes', '1 recámara', '2 camas', '1 baño', '\U000f0004\n742 evaluaciones']",https://www.airbnb.mx/rooms/21915998?location=Whistler&previous_page_section_name=1000
Whistler,Large 1 bed room in Whistler Village North,Condominio completo,"$1,381",Terrence & Yvonne,22 evaluaciones,4.5,"['4 huéspedes', '1 recámara', '1 cama', '1 baño completo y uno de tocador', '\U000f0004\n350 evaluaciones', '\U000f0019\nVerificado']",https://www.airbnb.mx/rooms/30298849?location=Whistler&previous_page_section_name=1000
Whistler,"Prime Ski-in Ski-out Location! Pool, Hot tubs, BBQ, sleeps 6 (347)",Condominio completo,"$2,572",Blackcomb Peaks Accommodation,8 evaluaciones,5,"['6 huéspedes', '2 recámaras', '3 camas', '2 baños', '\U000f0004\n742 evaluaciones']",https://www.airbnb.mx/rooms/21913703?location=Whistler&previous_page_section_name=1000
Whistler,Modern and Cozy Condo by Gondola w/ Free Parking,Condominio completo,"$1,229",Jo,61 evaluaciones,4.5,"['2 huéspedes', 'estudio', '1 cama', '1 baño', '\U000f0004\n445 evaluaciones', '\U000f0019\nVerificado']",https://www.airbnb.mx/rooms/22971178?location=Whistler&previous_page_section_name=1000
Whistler,"Prime Ski-in Ski-out Location! Pool, Hot tubs, Ski Hill View (209)",Condominio completo,"$1,991",Blackcomb Peaks Accommodation,1 evaluación,,"['4 huéspedes', '1 recámara', '2 camas', '1 baño', '\U000f0004\n742 evaluaciones']",https://www.airbnb.mx/rooms/21097947?location=Whistler&previous_page_section_name=1000
Whistler,"Prime Mountain View! Walk-to-Ski, sleeps 6 (509)",Condominio completo,"$2,441",Blackcomb Peaks Accommodation,3 evaluaciones,3.5,"['6 huéspedes', '2 recámaras', '3 camas', '2 baños', '\U000f0004\n742 evaluaciones']",https://www.airbnb.mx/rooms/27466110?location=Whistler&previous_page_section_name=1000
Whistler,Great Value by the Gondola w/ Free Parking,Departamento entero,"$1,267",Jo,83 evaluaciones,4.5,"['3 huéspedes', 'estudio', '1 cama', '1 baño', '\U000f0004\n445 evaluaciones', '\U000f0019\nVerificado']",https://www.airbnb.mx/rooms/19133185?location=Whistler&previous_page_section_name=1000
Whistler,John’s Mountain Escape Amazing View Walk To Lifts!,Condominio completo,"$1,729",Jonathan,47 evaluaciones,5,"['4 huéspedes', '1 recámara', '3 camas', '1 baño', '\U000f0004\n47 evaluaciones', '\U000f0019\nVerificado']",https://www.airbnb.mx/rooms/30189761?location=Whistler&previous_page_section_name=1000
Whistler,"Whistler Village Studio, Pool & Hot Tub",Departamento entero,"$1,381",Whistler Life Properties,10 evaluaciones,5,"['4 huéspedes', 'estudio', '1 cama', '1 baño', '\U000f0004\n18 evaluaciones']",https://www.airbnb.mx/rooms/35426820?location=Whistler&previous_page_section_name=1000
Whistler,Sumi Sanctuary | Hotel Room 114 | Whistler BC,Condominio completo,"$1,504",Mike + Doris,94 evaluaciones,4.5,"['3 huéspedes', 'estudio', '2 camas', '1 baño', '\U000f0004\n734 evaluaciones', '\U000f1101\n4 Recomendaciones', '\U000f0019\nVerificado']",https://www.airbnb.mx/rooms/18667882?location=Whistler&previous_page_section_name=1000
Whistler,STUNNING NEW RENO. 2BR: Steps to ski lifts.,Departamento entero,"$1,598",Vinnie,62 evaluaciones,5,"['6 huéspedes', '2 recámaras', '2 camas', '2 baños', '\U000f0004\n62 evaluaciones', '\U000f0019\nVerificado']",https://www.airbnb.mx/rooms/29163635?location=Whistler&previous_page_section_name=1000
Whistler,Glacier Lodge at Blackcomb Base with Pool Access,Condominio completo,"$1,729",Kostia,91 evaluaciones,5,"['4 huéspedes', '1 recámara', '2 camas', '1 baño', '\U000f0004\n91 evaluaciones', '\U000f0019\nVerificado']",https://www.airbnb.mx/rooms/13661909?location=Whistler&previous_page_section_name=1000
Whistler,Luxury 1BD In The Heart of Everything!,Condominio completo,"$2,616",Sandy,2 evaluaciones,,"['4 huéspedes', '1 recámara', '2 camas', '1 baño', '\U000f0004\n13 evaluaciones', '\U000f0019\nVerificado']",https://www.airbnb.mx/rooms/35494690?location=Whistler&previous_page_section_name=1000
Whistler,"Prime Ski-in Ski-out Location! Pool, Hot tubs, BBQ, sleeps 8 (248)",Condominio completo,"$2,746",Blackcomb Peaks Accommodation,18 evaluaciones,5,"['8 huéspedes', '2 recámaras', '4 camas', '2 baños', '\U000f0004\n742 evaluaciones']",https://www.airbnb.mx/rooms/21910713?location=Whistler&previous_page_section_name=1000
Whistler,"5 Minute Walk to Creekside Gondola, Shops & Trails",Loft entero,"$2,761",Richard,28 evaluaciones,5,"['6 huéspedes', '3 recámaras', '7 camas', '2 baños', '\U000f0004\n28 evaluaciones', '\U000f0019\nVerificado']",https://www.airbnb.mx/rooms/23529398?location=Whistler&previous_page_section_name=1000
Whistler,Cozy Creekside Condo: Steps to Gondola & Lakes!,Departamento entero,"$1,381",Kerry,96 evaluaciones,5,"['4 huéspedes', '1 recámara', '2 camas', '1 baño', '\U000f0004\n202 evaluaciones']",https://www.airbnb.mx/rooms/20507030?location=Whistler&previous_page_section_name=1000
Whistler,"Prime Ski-in Ski-out Location! Pool, Hot tubs, BBQ, sleeps 6 (444)",Condominio completo,"$2,441",Blackcomb Peaks Accommodation,9 evaluaciones,4.5,"['6 huéspedes', '2 recámaras', '4 camas', '2 baños', '\U000f0004\n742 evaluaciones']",https://www.airbnb.mx/rooms/21900742?location=Whistler&previous_page_section_name=1000
