Big Bear Lake,"Rustic A-Frame Cabin with Spa, Near Golf Course!",Cabaña entera,"$1,602",The Elmer Family,210 evaluaciones,5,"['4 huéspedes', '2 recámaras', '3 camas', '1 baño', '\U000f0004\n210 evaluaciones', '\U000f0019\nVerificado']",https://www.airbnb.mx/rooms/22265531?location=Big%20Bear%20Lake&previous_page_section_name=1000
Big Bear Lake,"Awesome Woodsy cabin, close to everything. HotTub!",Cabaña entera,"$2,046",Benjamin,200 evaluaciones,5,"['10 huéspedes', '3 recámaras', '5 camas', '2 baños', '\U000f0004\n459 evaluaciones', '\U000f0019\nVerificado']",https://www.airbnb.mx/rooms/20070729?location=Big%20Bear%20Lake&previous_page_section_name=1000
Big Bear Lake,Big Bear Cabin with spa walking distance to slopes,Cabaña entera,"$1,544",Daniel,156 evaluaciones,5,"['4 huéspedes', '1 recámara', '2 camas', '1 baño completo y uno de tocador', '\U000f0004\n156 evaluaciones', '\U000f0019\nVerificado']",https://www.airbnb.mx/rooms/23717631?location=Big%20Bear%20Lake&previous_page_section_name=1000
Big Bear Lake,Gorgeous! Close to everything Sparkling hot tub.,Cabaña entera,"$2,008",Benjamin,175 evaluaciones,5,"['8 huéspedes', '3 recámaras', '5 camas', '2 baños', '\U000f0004\n459 evaluaciones', '\U000f0019\nVerificado']",https://www.airbnb.mx/rooms/19506963?location=Big%20Bear%20Lake&previous_page_section_name=1000
Big Bear Lake,Jacuzzi Hot Tub for Two❣ Roomy Bed and Fireplace,Cabaña entera,"$1,660",Lovey-Dovey,218 evaluaciones,5,"['3 huéspedes', '1 recámara', '1 cama', '1 baño', '\U000f0004\n391 evaluaciones', '\U000f0019\nVerificado']",https://www.airbnb.mx/rooms/20527198?location=Big%20Bear%20Lake&previous_page_section_name=1000
Big Bear Lake,Treehaus Chalet - Panoramic Slope Views!,Cabaña entera,"$3,378",Sara & Eric,407 evaluaciones,5,"['5 huéspedes', '2 recámaras', '2 camas', '2 baños', '\U000f0004\n407 evaluaciones', '\U000f0019\nVerificado']",https://www.airbnb.mx/rooms/63365?location=Big%20Bear%20Lake&previous_page_section_name=1000
Big Bear Lake,☀️SUMMER GETAWAY☀️SPA~FIRE PIT~CLOSE TO LAKE,Cabaña entera,"$2,606",Dena,170 evaluaciones,5,"['6 huéspedes', '1 recámara', '1 cama', '1 baño', '\U000f0004\n170 evaluaciones', '\U000f0019\nVerificado']",https://www.airbnb.mx/rooms/19947551?location=Big%20Bear%20Lake&previous_page_section_name=1000
Big Bear Lake,Walk to Big Bear Lake Village,Cabaña entera,"$1,351",Tommy,396 evaluaciones,4.5,"['6 huéspedes', '2 recámaras', '3 camas', '1 baño', '\U000f0004\n951 evaluaciones', '\U000f0019\nVerificado']",https://www.airbnb.mx/rooms/11149532?location=Big%20Bear%20Lake&previous_page_section_name=1000
Big Bear Lake,"Rustic Cabin & Hot Tub, Walk to Lake and Village!",Cabaña entera,"$1,795",Kevin,264 evaluaciones,5,"['6 huéspedes', '2 recámaras', '3 camas', '1 baño completo y uno de tocador', '\U000f0004\n808 evaluaciones', '\U000f0019\nVerificado']",https://www.airbnb.mx/rooms/16846979?location=Big%20Bear%20Lake&previous_page_section_name=1000
Big Bear Lake,Walk to the Village studio,Cabaña entera,"$1,255",Tommy,280 evaluaciones,5,"['2 huéspedes', 'estudio', '1 cama', '1 baño', '\U000f0004\n951 evaluaciones', '\U000f0019\nVerificado']",https://www.airbnb.mx/rooms/20097290?location=Big%20Bear%20Lake&previous_page_section_name=1000
Big Bear Lake,$59 mw! ROMANTIC CABIN w OPENBEAM FIREPLACE GARAGE,Cabaña entera,"$1,100",John,227 evaluaciones,4.5,"['4 huéspedes', '1 recámara', '2 camas', '1 baño', '\U000f0004\n394 evaluaciones', '\U000f0019\nVerificado']",https://www.airbnb.mx/rooms/225376?location=Big%20Bear%20Lake&previous_page_section_name=1000
Big Bear Lake,"Cozy Home, Private Parking at Snow Summit!",Casa entera,"$1,178",Chase,94 evaluaciones,5,"['6 huéspedes', '2 recámaras', '4 camas', '1 baño completo y uno de tocador', '\U000f0004\n189 evaluaciones', '\U000f0019\nVerificado']",https://www.airbnb.mx/rooms/27106853?location=Big%20Bear%20Lake&previous_page_section_name=1000
Big Bear Lake,Lamplight Cabin | Lake & Village | Hot Tub | Pets!,Cabaña entera,"$1,332",K€Vin & G€N,96 evaluaciones,5,"['4 huéspedes', '2 recámaras', '3 camas', '1 baño', '\U000f0004\n96 evaluaciones', '\U000f0019\nVerificado']",https://www.airbnb.mx/rooms/28716909?location=Big%20Bear%20Lake&previous_page_section_name=1000
Big Bear Lake,"Walk to farmers market, trails and lake!!",Cabaña entera,"$1,332",Meg,295 evaluaciones,5,"['8 huéspedes', '2 recámaras', '3 camas', '1 baño', '\U000f0004\n295 evaluaciones', '\U000f1101\n1 Recomendación', '\U000f0019\nVerificado']",https://www.airbnb.mx/rooms/8672977?location=Big%20Bear%20Lake&previous_page_section_name=1000
Big Bear Lake,Great location close to lake and village-Pets OK,Cabaña entera,"$1,158",James,439 evaluaciones,5,"['6 huéspedes', '2 recámaras', '5 camas', '1 baño completo y uno de tocador', '\U000f0004\n767 evaluaciones', '\U000f0019\nVerificado']",https://www.airbnb.mx/rooms/3679246?location=Big%20Bear%20Lake&previous_page_section_name=1000
Big Bear Lake,Teddy Bears Cabin - Lake & Village,Cabaña entera,"$3,861",Theodore,313 evaluaciones,5,"['13 huéspedes', '4 recámaras', '11 camas', '2 baños completos y uno de tocador', '\U000f0004\n384 evaluaciones', '\U000f0019\nVerificado']",https://www.airbnb.mx/rooms/5969627?location=Big%20Bear%20Lake&previous_page_section_name=1000
Big Bear Lake,Walk to Village- Lake View - Hot Tub-Cozy,Casa entera,"$1,718",Lorraine,225 evaluaciones,5,"['6 huéspedes', '2 recámaras', '3 camas', '1 baño completo y uno de tocador', '\U000f0004\n296 evaluaciones', '\U000f0019\nVerificado']",https://www.airbnb.mx/rooms/14372078?location=Big%20Bear%20Lake&previous_page_section_name=1000
Big Bear Lake,"Bear Mountain Hideaway, Cabin w Spa",Casa entera,"$1,834",Maranda,259 evaluaciones,5,"['4 huéspedes', '2 recámaras', '4 camas', '1 baño', '\U000f0004\n354 evaluaciones', '\U000f0019\nVerificado']",https://www.airbnb.mx/rooms/8859761?location=Big%20Bear%20Lake&previous_page_section_name=1000
Big Bear Lake,Spa! Steps to Snow Summit. Fireplace. BBQ.Pool Table. Fast Wifi.,Casa entera,"$2,413",Mario & Ivette,208 evaluaciones,5,"['8 huéspedes', '3 recámaras', '3 camas', '2 baños', '\U000f0004\n2577 evaluaciones', '\U000f0019\nVerificado']",https://www.airbnb.mx/rooms/4006508?location=Big%20Bear%20Lake&previous_page_section_name=1000
Big Bear Lake,Hot Tub View-Walk to Lake & Village,Casa entera,"$2,066",Big Bear,241 evaluaciones,5,"['5 huéspedes', '2 recámaras', '3 camas', '1 baño', '\U000f0004\n241 evaluaciones', '\U000f0019\nVerificado']",https://www.airbnb.mx/rooms/7197589?location=Big%20Bear%20Lake&previous_page_section_name=1000
Big Bear Lake,"A Frame Cabin with Spa, Minutes from Slopes!",Cabaña entera,"$1,720",Fei,369 evaluaciones,5,"['6 huéspedes', '3 recámaras', '3 camas', '1 baño', '\U000f0004\n369 evaluaciones']",https://www.airbnb.mx/rooms/4430533?location=Big%20Bear%20Lake&previous_page_section_name=1000
Big Bear Lake,Walk To Big Bear Lake Village 2 bed,Cabaña entera,"$1,448",Tommy,274 evaluaciones,4.5,"['6 huéspedes', '2 recámaras', '3 camas', '1 baño', '\U000f0004\n951 evaluaciones', '\U000f0019\nVerificado']",https://www.airbnb.mx/rooms/10706529?location=Big%20Bear%20Lake&previous_page_section_name=1000
Big Bear Lake,Lookout at Bear Mtn: A-Frame Luxury! Slope Views!,Cabaña entera,"$2,896",Destination Big Bear,101 evaluaciones,5,"['4 huéspedes', '2 recámaras', '2 camas', '3 baños', '\U000f0004\n13128 evaluaciones', '\U000f0019\nVerificado']",https://www.airbnb.mx/rooms/20553821?location=Big%20Bear%20Lake&previous_page_section_name=1000
Big Bear Lake,,Traducir,,,,,[],https://www.airbnb.mx/rooms/plus/21681203?location=Big%20Bear%20Lake&previous_page_section_name=1000
Big Bear Lake,"Rustic Chic-Outdoor Games, Movie Theater & Firepit",Cabaña entera,"$1,559",Irene,186 evaluaciones,4.5,"['12 huéspedes', '3 recámaras', '6 camas', '1 baño', '\U000f0004\n625 evaluaciones', '\U000f1101\n1 Recomendación', '\U000f0019\nVerificado']",https://www.airbnb.mx/rooms/20193224?location=Big%20Bear%20Lake&previous_page_section_name=1000
Big Bear Lake,Cozy Cabin in the Woods,Cabaña entera,$946,Branden,123 evaluaciones,5,"['4 huéspedes', '1 recámara', '2 camas', '1 baño', '\U000f0004\n123 evaluaciones', '\U000f0019\nVerificado']",https://www.airbnb.mx/rooms/20818624?location=Big%20Bear%20Lake&previous_page_section_name=1000
Big Bear Lake,"Remodeled Home, Private parking at Snow Summit!",Casa entera,"$1,409",Chase,95 evaluaciones,5,"['5 huéspedes', '2 recámaras', '4 camas', '2 baños completos y uno de tocador', '\U000f0004\n189 evaluaciones', '\U000f0019\nVerificado']",https://www.airbnb.mx/rooms/24336176?location=Big%20Bear%20Lake&previous_page_section_name=1000
Big Bear Lake,BIG BEAR LAKE house. STUNNING VIEWS of Ski Slopes!,Cabaña entera,"$1,718",Emely,102 evaluaciones,5,"['8 huéspedes', '2 recámaras', '5 camas', '2 baños', '\U000f0004\n102 evaluaciones', '\U000f0019\nVerificado']",https://www.airbnb.mx/rooms/6183434?location=Big%20Bear%20Lake&previous_page_section_name=1000
Big Bear Lake,5★ Wyndham Condo NO CLEAN FEES Kitchen BBQ Balcony,Condominio completo,"$1,332",Colby,29 evaluaciones,5,"['2 huéspedes', 'estudio', '1 cama', '1 baño', '\U000f0004\n1670 evaluaciones', '\U000f1101\n1 Recomendación', '\U000f0019\nVerificado']",https://www.airbnb.mx/rooms/21657699?location=Big%20Bear%20Lake&previous_page_section_name=1000
Big Bear Lake,Pineda's Peak: Private Moonridge Cabin!,Cabaña entera,"$1,525",Ryan,154 evaluaciones,5,"['6 huéspedes', '2 recámaras', '2 camas', '1 baño', '\U000f0004\n509 evaluaciones', '\U000f0019\nVerificado']",https://www.airbnb.mx/rooms/21348072?location=Big%20Bear%20Lake&previous_page_section_name=1000
Big Bear Lake,"Cozy Chalet with Spa! Near Golf, Zoo & Village",Casa de campo completa,"$1,564",Kevin,225 evaluaciones,5,"['4 huéspedes', '2 recámaras', '2 camas', '1 baño', '\U000f0004\n808 evaluaciones', '\U000f0019\nVerificado']",https://www.airbnb.mx/rooms/21312069?location=Big%20Bear%20Lake&previous_page_section_name=1000
Big Bear Lake,Hot Tub Cabin with Views! Walk to shops and food.,Casa entera,"$1,892",Silver,102 evaluaciones,5,"['5 huéspedes', '3 recámaras', '4 camas', '1 baño completo y uno de tocador', '\U000f0004\n102 evaluaciones', '\U000f0019\nVerificado']",https://www.airbnb.mx/rooms/22120261?location=Big%20Bear%20Lake&previous_page_section_name=1000
Big Bear Lake,Romantic Cabin & Hot Tub ✶ Stargazing Experience,Cabaña entera,"$1,544",Lovey-Dovey,173 evaluaciones,5,"['3 huéspedes', '1 recámara', '1 cama', '1 baño', '\U000f0004\n391 evaluaciones', '\U000f0019\nVerificado']",https://www.airbnb.mx/rooms/24123334?location=Big%20Bear%20Lake&previous_page_section_name=1000
Big Bear Lake,WALK TO SUMMIT-NEW PLAYGROUND-HOT TUB!,Cabaña entera,"$1,718",Melissa,80 evaluaciones,5,"['8 huéspedes', '2 recámaras', '7 camas', '2 baños', '\U000f0004\n80 evaluaciones', '\U000f0019\nVerificado']",https://www.airbnb.mx/rooms/20917183?location=Big%20Bear%20Lake&previous_page_section_name=1000
Big Bear Lake,Summits Trident: Pool Table! Spa!,Cabaña entera,"$2,490",Destination Big Bear,69 evaluaciones,5,"['7 huéspedes', '3 recámaras', '5 camas', '2 baños completos y uno de tocador', '\U000f0004\n13128 evaluaciones', '\U000f0019\nVerificado']",https://www.airbnb.mx/rooms/6656446?location=Big%20Bear%20Lake&previous_page_section_name=1000
Big Bear Lake,Prime Location- Walk to Snow Summit,Cabaña entera,"$2,510",Gisela,138 evaluaciones,5,"['8 huéspedes', '3 recámaras', '5 camas', '2 baños', '\U000f0004\n138 evaluaciones', '\U000f0019\nVerificado']",https://www.airbnb.mx/rooms/15056526?location=Big%20Bear%20Lake&previous_page_section_name=1000
Big Bear Lake,SKI/IN-SKI/OUT: Large & Spacious + GAME ROOM + Spa,Casa entera,"$4,807",Bonnie,122 evaluaciones,5,"['14 huéspedes', '3 recámaras', '10 camas', '2 baños', '\U000f0004\n177 evaluaciones', '\U000f0019\nVerificado']",https://www.airbnb.mx/rooms/14948466?location=Big%20Bear%20Lake&previous_page_section_name=1000
Big Bear Lake,Best location in Big Bear-close to lake-Pets Ok,Cabaña entera,"$1,448",James,312 evaluaciones,5,"['6 huéspedes', '2 recámaras', '4 camas', '1 baño completo y uno de tocador', '\U000f0004\n767 evaluaciones', '\U000f0019\nVerificado']",https://www.airbnb.mx/rooms/19104841?location=Big%20Bear%20Lake&previous_page_section_name=1000
Big Bear Lake,"""Log Cabin""",Cabaña entera,"$1,834",Rita,159 evaluaciones,5,"['2 huéspedes', 'estudio', '1 cama', '1 baño', '\U000f0004\n1269 evaluaciones', '\U000f0019\nVerificado']",https://www.airbnb.mx/rooms/18691865?location=Big%20Bear%20Lake&previous_page_section_name=1000
Big Bear Lake,Steps to Snow Summit. Fireplace. Fenced yard with BBQ. Fast Wifi.,Casa entera,"$1,911",Mario & Ivette,218 evaluaciones,5,"['6 huéspedes', '2 recámaras', '4 camas', '1 baño', '\U000f0004\n2577 evaluaciones', '\U000f0019\nVerificado']",https://www.airbnb.mx/rooms/2440608?location=Big%20Bear%20Lake&previous_page_section_name=1000
Big Bear Lake,5 Star Superhost Retreat Spa A/C Forest Trails,Cabaña entera,"$1,776",Doug,222 evaluaciones,5,"['6 huéspedes', '2 recámaras', '3 camas', '1 baño', '\U000f0004\n772 evaluaciones', '\U000f0019\nVerificado']",https://www.airbnb.mx/rooms/4565409?location=Big%20Bear%20Lake&previous_page_section_name=1000
Big Bear Lake,"Big Bear Treehouse - Forest Backyard, Mid-Century",Cabaña entera,"$2,896",Jake,236 evaluaciones,5,"['5 huéspedes', '2 recámaras', '4 camas', '1 baño', '\U000f0004\n239 evaluaciones', '\U000f1101\n3 Recomendaciones', '\U000f0019\nVerificado']",https://www.airbnb.mx/rooms/10382172?location=Big%20Bear%20Lake&previous_page_section_name=1000
Big Bear Lake,King Spa Suite #53,Habitación en hotel boutique,"$1,525",Rita,99 evaluaciones,4.5,"['2 huéspedes', 'estudio', '1 cama', '1 baño privado', '\U000f0004\n1269 evaluaciones', '\U000f0019\nVerificado']",https://www.airbnb.mx/rooms/22178939?location=Big%20Bear%20Lake&previous_page_section_name=1000
Big Bear Lake,Super Fantastic Cabin In The Trees,Cabaña entera,$985,Samantha,78 evaluaciones,5,"['5 huéspedes', '2 recámaras', '3 camas', '1 baño', '\U000f0004\n78 evaluaciones', '\U000f0019\nVerificado']",https://www.airbnb.mx/rooms/26499839?location=Big%20Bear%20Lake&previous_page_section_name=1000
Big Bear Lake,ONLY $69. mw! BIG BEAR TERRACE CABIN 2 bed 2 bath,Cabaña entera,"$1,293",John,97 evaluaciones,4.5,"['5 huéspedes', '2 recámaras', '3 camas', '2 baños', '\U000f0004\n394 evaluaciones', '\U000f0019\nVerificado']",https://www.airbnb.mx/rooms/17908371?location=Big%20Bear%20Lake&previous_page_section_name=1000
Big Bear Lake,"Stay 7-11!Hot tub,WiFi,grill,no pets allowed!",Cabaña entera,"$1,931",Richard And Alex,273 evaluaciones,5,"['6 huéspedes', '2 recámaras', '3 camas', '1 baño', '\U000f0004\n273 evaluaciones', '\U000f0019\nVerificado']",https://www.airbnb.mx/rooms/3344360?location=Big%20Bear%20Lake&previous_page_section_name=1000
Big Bear Lake,,Traducir,,,,,[],https://www.airbnb.mx/rooms/plus/12904929?location=Big%20Bear%20Lake&previous_page_section_name=1000
Big Bear Lake,Mancave - Steps to Summit. Huge Game Room. Minutes to Lake and Village. Fun for the entire family.,Casa entera,"$2,876",Mario & Ivette,190 evaluaciones,5,"['12 huéspedes', '4 recámaras', '5 camas', '2 baños', '\U000f0004\n2577 evaluaciones', '\U000f0019\nVerificado']",https://www.airbnb.mx/rooms/1722392?location=Big%20Bear%20Lake&previous_page_section_name=1000
Big Bear Lake,Bear Hollow - Vintage Cabin with SPA,Cabaña entera,"$1,641",Michael,227 evaluaciones,5,"['4 huéspedes', '2 recámaras', '2 camas', '1 baño', '\U000f0004\n227 evaluaciones', '\U000f0019\nVerificado']",https://www.airbnb.mx/rooms/11080528?location=Big%20Bear%20Lake&previous_page_section_name=1000
Big Bear Lake,"Million Dollar Views, Big Bear Lake Cabin!",Cabaña entera,"$2,104",Camilla,121 evaluaciones,5,"['4 huéspedes', '2 recámaras', '3 camas', '1 baño', '\U000f0004\n121 evaluaciones', '\U000f0019\nVerificado']",https://www.airbnb.mx/rooms/21665804?location=Big%20Bear%20Lake&previous_page_section_name=1000
Big Bear Lake,THE WOODLAND ESCAPE- Walk to Village and Lake!,Cabaña entera,"$2,490",Angela,201 evaluaciones,5,"['11 huéspedes', '3 recámaras', '4 camas', '1 baño completo y uno de tocador', '\U000f0004\n253 evaluaciones', '\U000f0019\nVerificado']",https://www.airbnb.mx/rooms/15453260?location=Big%20Bear%20Lake&previous_page_section_name=1000
Big Bear Lake,Honeymoon Resort Cabin walk to the Village,Cabaña entera,"$1,429",Pine Knot,109 evaluaciones,5,"['2 huéspedes', '1 recámara', '1 cama', '1 baño', '\U000f0004\n575 evaluaciones', '\U000f0019\nVerificado']",https://www.airbnb.mx/rooms/20502778?location=Big%20Bear%20Lake&previous_page_section_name=1000
Big Bear Lake,Wine Down Cabin in Big Bear - great LOCATION + SPA,Cabaña entera,"$2,413",Bob,278 evaluaciones,5,"['6 huéspedes', '2 recámaras', '2 camas', '1 baño', '\U000f0004\n278 evaluaciones', '\U000f0019\nVerificado']",https://www.airbnb.mx/rooms/15023491?location=Big%20Bear%20Lake&previous_page_section_name=1000
Big Bear Lake,"Walk to Slopes! Close to lake, shops,golf,and zoo!",Casa entera,$193,Austin,40 evaluaciones,5,"['4 huéspedes', '1 recámara', '2 camas', '1 baño', '\U000f0004\n40 evaluaciones', '\U000f0019\nVerificado']",https://www.airbnb.mx/rooms/31710654?location=Big%20Bear%20Lake&previous_page_section_name=1000
Big Bear Lake,"*23 ,Cabins4Less- No Fees,Very tiny .Private Cabin",Cabaña entera,$753,Bear - No Fee Rentals,67 evaluaciones,4.5,"['2 huéspedes', 'estudio', '1 cama', '1 baño', '\U000f0004\n978 evaluaciones', '\U000f0019\nVerificado']",https://www.airbnb.mx/rooms/22530081?location=Big%20Bear%20Lake&previous_page_section_name=1000
Big Bear Lake,Unique and Modern A-Frame,Cabaña entera,$965,Scott,32 evaluaciones,5,"['4 huéspedes', '1 recámara', '4 camas', '1 baño completo y uno de tocador', '\U000f0004\n173 evaluaciones', '\U000f0019\nVerificado']",https://www.airbnb.mx/rooms/32370417?location=Big%20Bear%20Lake&previous_page_section_name=1000
Big Bear Lake,Sleepy Forest 1 - Spa & Kitchen,Casa entera,"$1,129",Sleepy Forest Resort,36 evaluaciones,4.5,"['2 huéspedes', '1 recámara', '1 cama', '1 baño', '\U000f0004\n305 evaluaciones', '\U000f0019\nVerificado']",https://www.airbnb.mx/rooms/18684064?location=Big%20Bear%20Lake&previous_page_section_name=1000
Big Bear Lake,"Rustic Cabin, Minutes from Golf Course and Hiking",Cabaña entera,"$1,158",Kevin,175 evaluaciones,5,"['6 huéspedes', '2 recámaras', '2 camas', '1 baño', '\U000f0004\n808 evaluaciones', '\U000f0019\nVerificado']",https://www.airbnb.mx/rooms/22923450?location=Big%20Bear%20Lake&previous_page_section_name=1000
Big Bear Lake,"Romantic Guest House, Close to Village & Lake",Casa de huéspedes completa,"$1,911",Dave & Heidi,190 evaluaciones,5,"['2 huéspedes', '1 recámara', '2 camas', '1 baño', '\U000f0004\n190 evaluaciones', '\U000f0019\nVerificado']",https://www.airbnb.mx/rooms/10944217?location=Big%20Bear%20Lake&previous_page_section_name=1000
Big Bear Lake,Twin Pines - Midcentury Modern Mountain Cabin,Cabaña entera,"$1,525",Alexandra,137 evaluaciones,5,"['4 huéspedes', '2 recámaras', '2 camas', '1 baño', '\U000f0004\n137 evaluaciones', '\U000f0019\nVerificado']",https://www.airbnb.mx/rooms/21726329?location=Big%20Bear%20Lake&previous_page_section_name=1000
Big Bear Lake,Cozy Big Bear Cabin With Spa Near Ski Resorts/Lake,Cabaña entera,"$1,448",K.C.,228 evaluaciones,5,"['4 huéspedes', '1 recámara', '4 camas', '1 baño', '\U000f0004\n228 evaluaciones', '\U000f0019\nVerificado']",https://www.airbnb.mx/rooms/12870304?location=Big%20Bear%20Lake&previous_page_section_name=1000
Big Bear Lake,Snow Summit Cabin in Big Bear - 25ft to Lifts!,Cabaña entera,"$1,255",Ivan,111 evaluaciones,5,"['8 huéspedes', '2 recámaras', '6 camas', '2 baños completos y uno de tocador', '\U000f0004\n348 evaluaciones', '\U000f0019\nVerificado']",https://www.airbnb.mx/rooms/10990529?location=Big%20Bear%20Lake&previous_page_section_name=1000
Big Bear Lake,"46, Cabins4Less ""No Fee"" Village Cabin",Cabaña entera,$946,Bear - No Fee Rentals,127 evaluaciones,4.5,"['2 huéspedes', 'estudio', '1 cama', '1 baño', '\U000f0004\n978 evaluaciones', '\U000f0019\nVerificado']",https://www.airbnb.mx/rooms/13474549?location=Big%20Bear%20Lake&previous_page_section_name=1000
Big Bear Lake,Walk to Snow Summit. Huge Yard w Spa and Games!,Cabaña entera,"$3,784",Jim,152 evaluaciones,5,"['10 huéspedes', '4 recámaras', '5 camas', '3 baños', '\U000f0004\n152 evaluaciones', '\U000f0019\nVerificado']",https://www.airbnb.mx/rooms/9032345?location=Big%20Bear%20Lake&previous_page_section_name=1000
Big Bear Lake,Little Red Hideaway - Walk to the Lake & Village,Cabaña entera,"$2,664",Jeremy & Debbie,141 evaluaciones,5,"['6 huéspedes', '3 recámaras', '5 camas', '1 baño completo y uno de tocador', '\U000f0004\n141 evaluaciones', '\U000f0019\nVerificado']",https://www.airbnb.mx/rooms/18997653?location=Big%20Bear%20Lake&previous_page_section_name=1000
Big Bear Lake,"Boho Chic-Outdoor Games, Movie Theater & Fire pit",Cabaña entera,"$1,525",Irene,133 evaluaciones,5,"['11 huéspedes', '1 recámara', '4 camas', '1 baño', '\U000f0004\n625 evaluaciones', '\U000f1101\n1 Recomendación', '\U000f0019\nVerificado']",https://www.airbnb.mx/rooms/21371694?location=Big%20Bear%20Lake&previous_page_section_name=1000
Big Bear Lake,,Traducir,,,,,[],https://www.airbnb.mx/rooms/plus/23110465?location=Big%20Bear%20Lake&previous_page_section_name=1000
Big Bear Lake,Balcony View of Big Bear Valley,Cabaña entera,"$1,718",Kurtis,100 evaluaciones,5,"['7 huéspedes', '2 recámaras', '4 camas', '1 baño', '\U000f0004\n422 evaluaciones', '\U000f0019\nVerificado']",https://www.airbnb.mx/rooms/18161591?location=Big%20Bear%20Lake&previous_page_section_name=1000
Big Bear Lake,Lagunita Shores: Spa! Lakefront!,Cabaña entera,"$2,027",Destination Big Bear,77 evaluaciones,4.5,"['4 huéspedes', '1 recámara', '4 camas', '1 baño', '\U000f0004\n13128 evaluaciones', '\U000f0019\nVerificado']",https://www.airbnb.mx/rooms/7306992?location=Big%20Bear%20Lake&previous_page_section_name=1000
Big Bear Lake,Cozy Big Bear Cabin,Cabaña entera,"$1,255",Nanci,209 evaluaciones,5,"['4 huéspedes', '2 recámaras', '2 camas', '1 baño', '\U000f0004\n209 evaluaciones', '\U000f0019\nVerificado']",https://www.airbnb.mx/rooms/2719916?location=Big%20Bear%20Lake&previous_page_section_name=1000
Big Bear Lake,Big Bear Hibernation Station,Cabaña entera,$965,Robb,114 evaluaciones,5,"['6 huéspedes', '2 recámaras', '4 camas', '1 baño', '\U000f0004\n114 evaluaciones', '\U000f0019\nVerificado']",https://www.airbnb.mx/rooms/19808074?location=Big%20Bear%20Lake&previous_page_section_name=1000
Big Bear Lake,The Place Beyond The Pines // Two Bedroom // C6,Cabaña entera,"$1,873",Colorado Lodge,68 evaluaciones,5,"['5 huéspedes', '2 recámaras', '2 camas', '1 baño', '\U000f0004\n233 evaluaciones', '\U000f0019\nVerificado']",https://www.airbnb.mx/rooms/30750411?location=Big%20Bear%20Lake&previous_page_section_name=1000
Big Bear Lake,Cozy Hideaway - Amazing Ski Slope & Mountain Views,Cabaña entera,"$2,413",Dirk,295 evaluaciones,5,"['6 huéspedes', '2 recámaras', '4 camas', '1 baño completo y uno de tocador', '\U000f0004\n295 evaluaciones', '\U000f0019\nVerificado']",https://www.airbnb.mx/rooms/2935433?location=Big%20Bear%20Lake&previous_page_section_name=1000
Big Bear Lake,Katie's Bear Haus,Cabaña entera,"$1,293",James,69 evaluaciones,5,"['7 huéspedes', '2 recámaras', '7 camas', '1 baño', '\U000f0004\n69 evaluaciones', '\U000f0019\nVerificado']",https://www.airbnb.mx/rooms/26261195?location=Big%20Bear%20Lake&previous_page_section_name=1000
Big Bear Lake,King Spa Suite #50,Habitación en hotel boutique,"$1,525",Rita,78 evaluaciones,4.5,"['2 huéspedes', 'estudio', '1 cama', '1 baño privado', '\U000f0004\n1269 evaluaciones', '\U000f0019\nVerificado']",https://www.airbnb.mx/rooms/22179053?location=Big%20Bear%20Lake&previous_page_section_name=1000
Big Bear Lake,"Rustic Chalet with Hot Tub Near Golf, Hiking & Zoo",Casa de campo completa,"$1,351",Kevin,136 evaluaciones,4.5,"['6 huéspedes', '2 recámaras', '3 camas', '1 baño', '\U000f0004\n808 evaluaciones', '\U000f0019\nVerificado']",https://www.airbnb.mx/rooms/24059743?location=Big%20Bear%20Lake&previous_page_section_name=1000
Big Bear Lake,Private treetop escape spa view,Cabaña entera,"$2,239",Doug,199 evaluaciones,5,"['4 huéspedes', '1 recámara', '2 camas', '1 baño', '\U000f0004\n772 evaluaciones', '\U000f0019\nVerificado']",https://www.airbnb.mx/rooms/14389723?location=Big%20Bear%20Lake&previous_page_section_name=1000
Big Bear Lake,"Sleeps 8, pets ok, spa, huge fenced yard, clean",Cabaña entera,"$1,911",Laurie,74 evaluaciones,5,"['8 huéspedes', '3 recámaras', '6 camas', '2 baños completos y uno de tocador', '\U000f0004\n74 evaluaciones', '\U000f0019\nVerificado']",https://www.airbnb.mx/rooms/22456838?location=Big%20Bear%20Lake&previous_page_section_name=1000
Big Bear Lake,Spruce Hollow: Hot Tub! Internet!,Cabaña entera,"$2,104",Destination Big Bear,114 evaluaciones,4.5,"['4 huéspedes', '2 recámaras', '2 camas', '1 baño completo y uno de tocador', '\U000f0004\n13128 evaluaciones', '\U000f0019\nVerificado']",https://www.airbnb.mx/rooms/7110534?location=Big%20Bear%20Lake&previous_page_section_name=1000
Big Bear Lake,"Bear Lake Hideaway, Cabin w Spa",Casa entera,"$1,641",Maranda,95 evaluaciones,5,"['4 huéspedes', '2 recámaras', '3 camas', '2 baños', '\U000f0004\n354 evaluaciones', '\U000f0019\nVerificado']",https://www.airbnb.mx/rooms/26010295?location=Big%20Bear%20Lake&previous_page_section_name=1000
Big Bear Lake,Mountain Time : Spa! Shuffleboard! Fenced Yard!,Cabaña entera,"$2,413",Destination Big Bear,76 evaluaciones,5,"['10 huéspedes', '3 recámaras', '7 camas', '2 baños', '\U000f0004\n13128 evaluaciones', '\U000f0019\nVerificado']",https://www.airbnb.mx/rooms/6279067?location=Big%20Bear%20Lake&previous_page_section_name=1000
Big Bear Lake,"45, Cabins4Less No Fees ,Village cabins",Cabaña entera,$946,Bear - No Fee Rentals,121 evaluaciones,4.5,"['2 huéspedes', 'estudio', '1 cama', '1 baño', '\U000f0004\n978 evaluaciones', '\U000f0019\nVerificado']",https://www.airbnb.mx/rooms/13331503?location=Big%20Bear%20Lake&previous_page_section_name=1000
Big Bear Lake,Comfortable Cabin Near Snow Summit,Cabaña entera,"$1,236",Romeo,105 evaluaciones,5,"['6 huéspedes', '2 recámaras', '3 camas', '2 baños', '\U000f0004\n237 evaluaciones', '\U000f0019\nVerificado']",https://www.airbnb.mx/rooms/4848889?location=Big%20Bear%20Lake&previous_page_section_name=1000
Big Bear Lake,Sleepy Forest 4 - Spa w/Kitchen & Fireplace,Casa entera,"$1,313",Sleepy Forest Resort,31 evaluaciones,5,"['2 huéspedes', 'estudio', '1 cama', '1 baño', '\U000f0004\n305 evaluaciones', '\U000f0019\nVerificado']",https://www.airbnb.mx/rooms/18684058?location=Big%20Bear%20Lake&previous_page_section_name=1000
Big Bear Lake,Beachin in the woods - Outdoor games & movie nite,Cabaña entera,"$2,297",Irene,147 evaluaciones,4.5,"['9 huéspedes', '2 recámaras', '4 camas', '1 baño', '\U000f0004\n625 evaluaciones', '\U000f1101\n1 Recomendación', '\U000f0019\nVerificado']",https://www.airbnb.mx/rooms/22106506?location=Big%20Bear%20Lake&previous_page_section_name=1000
Big Bear Lake,,Traducir,,,,,[],https://www.airbnb.mx/rooms/plus/22119257?location=Big%20Bear%20Lake&previous_page_section_name=1000
Big Bear Lake,Little Bear Cabin in the Woods HOT TUB + GAME ROOM,Cabaña entera,"$1,776",Jennifer And Dean,111 evaluaciones,5,"['7 huéspedes', '3 recámaras', '4 camas', '2 baños', '\U000f0004\n111 evaluaciones', '\U000f0019\nVerificado']",https://www.airbnb.mx/rooms/16917201?location=Big%20Bear%20Lake&previous_page_section_name=1000
Big Bear Lake,"Bearly Home Cabin, Big Bear Lake, CA",Cabaña entera,"$1,718",David & Steve,145 evaluaciones,5,"['4 huéspedes', '2 recámaras', '4 camas', '1 baño', '\U000f0004\n145 evaluaciones', '\U000f0019\nVerificado']",https://www.airbnb.mx/rooms/18041461?location=Big%20Bear%20Lake&previous_page_section_name=1000
Big Bear Lake,"Large 3 level, 4 bedroom rustic themed cabin",Cabaña entera,"$1,911",Robert,40 evaluaciones,5,"['8 huéspedes', '4 recámaras', '4 camas', '2 baños completos y uno de tocador', '\U000f0004\n917 evaluaciones', '\U000f0019\nVerificado']",https://www.airbnb.mx/rooms/31546598?location=Big%20Bear%20Lake&previous_page_section_name=1000
Big Bear Lake,Summit Secret: Walk to Snow Summit!,Cabaña entera,"$1,911",Destination Big Bear,54 evaluaciones,4.5,"['6 huéspedes', '3 recámaras', '3 camas', '1 baño completo y uno de tocador', '\U000f0004\n13128 evaluaciones', '\U000f0019\nVerificado']",https://www.airbnb.mx/rooms/7072455?location=Big%20Bear%20Lake&previous_page_section_name=1000
Big Bear Lake,Private Resort Cabin walk to the Village,Cabaña entera,"$1,429",Pine Knot,110 evaluaciones,5,"['4 huéspedes', '2 recámaras', '2 camas', '1 baño', '\U000f0004\n575 evaluaciones', '\U000f0019\nVerificado']",https://www.airbnb.mx/rooms/19486200?location=Big%20Bear%20Lake&previous_page_section_name=1000
Big Bear Lake,Hunters Lodge: Hot Tub! Game Room! BBQ!,Cabaña entera,"$2,876",Destination Big Bear,55 evaluaciones,4.5,"['7 huéspedes', '3 recámaras', '5 camas', '2 baños', '\U000f0004\n13128 evaluaciones', '\U000f0019\nVerificado']",https://www.airbnb.mx/rooms/7111724?location=Big%20Bear%20Lake&previous_page_section_name=1000
Big Bear Lake,Club View Cottage w/hot tub!,Cabaña entera,"$1,969",Matt,238 evaluaciones,4.5,"['4 huéspedes', '2 recámaras', '3 camas', '1 baño', '\U000f0004\n2248 evaluaciones', '\U000f1101\n1 Recomendación', '\U000f0019\nVerificado']",https://www.airbnb.mx/rooms/13549259?location=Big%20Bear%20Lake&previous_page_section_name=1000
Big Bear Lake,"Peaceful Retreat, AFrame Ski Chalet",Casa entera,"$1,699",Charles,74 evaluaciones,5,"['4 huéspedes', '1 recámara', '2 camas', '1 baño', '\U000f0004\n74 evaluaciones', '\U000f0019\nVerificado']",https://www.airbnb.mx/rooms/22068679?location=Big%20Bear%20Lake&previous_page_section_name=1000
Big Bear Lake,"Rustic Modern - Outdoor games, fire pit & movies.",Cabaña entera,"$1,449",Irene,145 evaluaciones,4.5,"['8 huéspedes', '1 recámara', '3 camas', '1 baño', '\U000f0004\n625 evaluaciones', '\U000f1101\n1 Recomendación', '\U000f0019\nVerificado']",https://www.airbnb.mx/rooms/21838590?location=Big%20Bear%20Lake&previous_page_section_name=1000
Big Bear Lake,"Stunning Views, Minutes to Lake and Village!",Casa de campo completa,"$2,973",Marta,142 evaluaciones,5,"['8 huéspedes', '3 recámaras', '5 camas', '2 baños', '\U000f0004\n142 evaluaciones', '\U000f0019\nVerificado']",https://www.airbnb.mx/rooms/14254814?location=Big%20Bear%20Lake&previous_page_section_name=1000
Big Bear Lake,Lagunita Lakehouse Retreat and Vacation Cabin,Cabaña entera,"$3,456",Michael,110 evaluaciones,5,"['6 huéspedes', '2 recámaras', '3 camas', '1 baño completo y uno de tocador', '\U000f0004\n185 evaluaciones', '\U000f0019\nVerificado']",https://www.airbnb.mx/rooms/20283118?location=Big%20Bear%20Lake&previous_page_section_name=1000
Big Bear Lake,"A-frame Cabin, Minutes from Lake",Cabaña entera,"$1,699",Justin & Forough,51 evaluaciones,5,"['6 huéspedes', '2 recámaras', '3 camas', '1 baño', '\U000f0004\n207 evaluaciones', '\U000f1101\n1 Recomendación', '\U000f0019\nVerificado']",https://www.airbnb.mx/rooms/31200229?location=Big%20Bear%20Lake&previous_page_section_name=1000
Big Bear Lake,Cathy Cottage 2 - King w/Spa & Fireplace,Casa de campo entera,$541,Sleepy Forest Resort,4 evaluaciones,4.5,"['2 huéspedes', 'estudio', '1 cama', '1 baño', '\U000f0004\n305 evaluaciones', '\U000f0019\nVerificado']",https://www.airbnb.mx/rooms/18684075?location=Big%20Bear%20Lake&previous_page_section_name=1000
Big Bear Lake,Pineda Pines #2: Cabin Minutes from The Village,Casa de huéspedes completa,"$1,332",Ryan,134 evaluaciones,5,"['2 huéspedes', 'estudio', '1 cama', '1 baño', '\U000f0004\n509 evaluaciones', '\U000f0019\nVerificado']",https://www.airbnb.mx/rooms/21460177?location=Big%20Bear%20Lake&previous_page_section_name=1000
Big Bear Lake,Log Inn: Snow Summit! Spa! Views!,Cabaña entera,"$2,876",Destination Big Bear,73 evaluaciones,4.5,"['8 huéspedes', '4 recámaras', '7 camas', '2 baños completos y uno de tocador', '\U000f0004\n13128 evaluaciones', '\U000f0019\nVerificado']",https://www.airbnb.mx/rooms/7088715?location=Big%20Bear%20Lake&previous_page_section_name=1000
Big Bear Lake,Haven Hollow,Cabaña entera,"$1,332",Mareque,173 evaluaciones,5,"['2 huéspedes', '1 recámara', '3 camas', '1 baño', '\U000f0004\n173 evaluaciones', '\U000f0019\nVerificado']",https://www.airbnb.mx/rooms/19411576?location=Big%20Bear%20Lake&previous_page_section_name=1000
Big Bear Lake,Emerald Alps: Views! Spa! Foosball!,Casa entera,"$1,718",Destination Big Bear,55 evaluaciones,4.5,"['6 huéspedes', '2 recámaras', '3 camas', '2 baños', '\U000f0004\n13128 evaluaciones', '\U000f0019\nVerificado']",https://www.airbnb.mx/rooms/11087471?location=Big%20Bear%20Lake&previous_page_section_name=1000
Big Bear Lake,COZY 2BR 2BA CABIN & SPA MINS 2 MOST ATTRACTIONS,Cabaña entera,"$1,506",Rex,192 evaluaciones,5,"['6 huéspedes', '2 recámaras', '2 camas', '2 baños', '\U000f0004\n193 evaluaciones', '\U000f0019\nVerificado']",https://www.airbnb.mx/rooms/7364222?location=Big%20Bear%20Lake&previous_page_section_name=1000
Big Bear Lake,*LUXURY MOUNTAIN GETAWAY~COZY CENTRAL A-FRAME W LOFT~Hot Tub~StreamingTV~,Casa entera,$232,Big Bear Vacations,12 evaluaciones,5,"['5 huéspedes', '1 recámara', '3 camas', '1 baño', '\U000f0004\n1440 evaluaciones', '\U000f0019\nVerificado']",https://www.airbnb.mx/rooms/28304046?location=Big%20Bear%20Lake&previous_page_section_name=1000
Big Bear Lake,My Happy Place: Near Lake & Snow Summit! Hot Tub!,Cabaña entera,"$2,413",Destination Big Bear,55 evaluaciones,4.5,"['10 huéspedes', '4 recámaras', '4 camas', '3 baños', '\U000f0004\n13128 evaluaciones', '\U000f0019\nVerificado']",https://www.airbnb.mx/rooms/16039149?location=Big%20Bear%20Lake&previous_page_section_name=1000
Big Bear Lake,Big Bear Cabin Nestled Among Tall Pine Trees,Casa de campo completa,"$1,023",Irene And Rich,201 evaluaciones,5,"['4 huéspedes', '2 recámaras', '2 camas', '1 baño', '\U000f0004\n201 evaluaciones', '\U000f0019\nVerificado']",https://www.airbnb.mx/rooms/5287062?location=Big%20Bear%20Lake&previous_page_section_name=1000
Big Bear Lake,Closest lodging 2 MTN Biking and minutes 2 lake,Casa adosada completa,"$1,525",Rosemary,84 evaluaciones,5,"['5 huéspedes', '2 recámaras', '5 camas', '2 baños', '\U000f0004\n305 evaluaciones', '\U000f1101\n5 Recomendaciones', '\U000f0019\nVerificado']",https://www.airbnb.mx/rooms/4004165?location=Big%20Bear%20Lake&previous_page_section_name=1000
Big Bear Lake,"Steps to Snow Summit ,Sparkling Spa, Game Room, BBQ, Log Fireplace.",Casa entera,"$2,413",Mario & Ivette,134 evaluaciones,5,"['10 huéspedes', '3 recámaras', '5 camas', '3 baños', '\U000f0004\n2577 evaluaciones', '\U000f0019\nVerificado']",https://www.airbnb.mx/rooms/2431950?location=Big%20Bear%20Lake&previous_page_section_name=1000
Big Bear Lake,,Traducir,,,,,[],https://www.airbnb.mx/rooms/plus/30750088?location=Big%20Bear%20Lake&previous_page_section_name=1000
Big Bear Lake,Beautiful Resort Cabin by the Village,Cabaña entera,"$1,429",Pine Knot,153 evaluaciones,5,"['4 huéspedes', '2 recámaras', '2 camas', '1 baño', '\U000f0004\n575 evaluaciones', '\U000f0019\nVerificado']",https://www.airbnb.mx/rooms/18394174?location=Big%20Bear%20Lake&previous_page_section_name=1000
Big Bear Lake,Sinatras Villa: Close to Snow Summit! Pool Table!,Casa entera,"$2,124",Destination Big Bear,26 evaluaciones,5,"['8 huéspedes', '3 recámaras', '6 camas', '2 baños', '\U000f0004\n13128 evaluaciones', '\U000f0019\nVerificado']",https://www.airbnb.mx/rooms/28807211?location=Big%20Bear%20Lake&previous_page_section_name=1000
Big Bear Lake,Sunshine and Summertime at LAbri Big Bear!,Cabaña entera,"$2,413",Brian,125 evaluaciones,5,"['4 huéspedes', '2 recámaras', '2 camas', '1 baño', '\U000f0004\n125 evaluaciones', '\U000f0019\nVerificado']",https://www.airbnb.mx/rooms/18995309?location=Big%20Bear%20Lake&previous_page_section_name=1000
Big Bear Lake,"""Bear Canyon Cottage"" w/hot tub!",Cabaña entera,"$2,973",Matt,113 evaluaciones,5,"['8 huéspedes', '3 recámaras', '7 camas', '2 baños', '\U000f0004\n2248 evaluaciones', '\U000f1101\n1 Recomendación', '\U000f0019\nVerificado']",https://www.airbnb.mx/rooms/19923564?location=Big%20Bear%20Lake&previous_page_section_name=1000
Big Bear Lake,Harmony Haus: Near Snow Summit! Spa! Pool Table!,Cabaña entera,"$2,876",Destination Big Bear,40 evaluaciones,5,"['10 huéspedes', '3 recámaras', '7 camas', '3 baños', '\U000f0004\n13128 evaluaciones', '\U000f0019\nVerificado']",https://www.airbnb.mx/rooms/19081482?location=Big%20Bear%20Lake&previous_page_section_name=1000
Big Bear Lake,HGTV Featured Lakeside Cabin with Hot Tub,Cabaña entera,"$3,069",Tamra,100 evaluaciones,5,"['8 huéspedes', '3 recámaras', '5 camas', '2 baños', '\U000f0004\n140 evaluaciones', '\U000f0019\nVerificado']",https://www.airbnb.mx/rooms/20836494?location=Big%20Bear%20Lake&previous_page_section_name=1000
Big Bear Lake,Zin and Bear It: Foosball! Sledding,Cabaña entera,"$1,529",Destination Big Bear,74 evaluaciones,4.5,"['8 huéspedes', '3 recámaras', '6 camas', '2 baños', '\U000f0004\n13128 evaluaciones', '\U000f0019\nVerificado']",https://www.airbnb.mx/rooms/7113172?location=Big%20Bear%20Lake&previous_page_section_name=1000
Big Bear Lake,Big Bear Boarding House- Modern Rustic Cabin,Cabaña entera,"$2,297",Big Bear Boarding- Theresa And JJ,181 evaluaciones,5,"['6 huéspedes', '2 recámaras', '3 camas', '1 baño completo y uno de tocador', '\U000f0004\n776 evaluaciones']",https://www.airbnb.mx/rooms/8271515?location=Big%20Bear%20Lake&previous_page_section_name=1000
Big Bear Lake,PERFECT SUMMER GATEWAY (best reviews),Cabaña entera,"$2,124",Stephane,103 evaluaciones,5,"['10 huéspedes', '4 recámaras', '6 camas', '2 baños', '\U000f0004\n103 evaluaciones', '\U000f0019\nVerificado']",https://www.airbnb.mx/rooms/17476446?location=Big%20Bear%20Lake&previous_page_section_name=1000
Big Bear Lake,"21, no fee spa cabin, F/P kitch",Casa de campo entera,"$1,332",Bear - No Fee Rentals,21 evaluaciones,4.5,"['2 huéspedes', 'estudio', '1 cama', '1 baño', '\U000f0004\n978 evaluaciones', '\U000f0019\nVerificado']",https://www.airbnb.mx/rooms/25911116?location=Big%20Bear%20Lake&previous_page_section_name=1000
Big Bear Lake,The Rusthy Bear: Luxury! Internet! Great Location!,Cabaña entera,"$1,718",Destination Big Bear,54 evaluaciones,5,"['5 huéspedes', '2 recámaras', '6 camas', '1 baño', '\U000f0004\n13128 evaluaciones', '\U000f0019\nVerificado']",https://www.airbnb.mx/rooms/20956972?location=Big%20Bear%20Lake&previous_page_section_name=1000
Big Bear Lake,"Cabin St. Moritz- walking distance to Summit,bikes",Cabaña entera,"$2,683",Judilynn,141 evaluaciones,5,"['8 huéspedes', '3 recámaras', '4 camas', '3 baños', '\U000f0004\n635 evaluaciones']",https://www.airbnb.mx/rooms/8652610?location=Big%20Bear%20Lake&previous_page_section_name=1000
Big Bear Lake,1 Acre Log Home: Location! Hot Tub! Gas BBQ!,Cabaña entera,"$3,127",Destination Big Bear,48 evaluaciones,4.5,"['10 huéspedes', '4 recámaras', '11 camas', '2 baños', '\U000f0004\n13128 evaluaciones', '\U000f0019\nVerificado']",https://www.airbnb.mx/rooms/20254562?location=Big%20Bear%20Lake&previous_page_section_name=1000
Big Bear Lake,La Maison: Pool Table! Hot Tub! BBQ,Cabaña entera,"$2,905",Destination Big Bear,54 evaluaciones,4.5,"['10 huéspedes', '3 recámaras', '6 camas', '2 baños', '\U000f0004\n13128 evaluaciones', '\U000f0019\nVerificado']",https://www.airbnb.mx/rooms/7112225?location=Big%20Bear%20Lake&previous_page_section_name=1000
Big Bear Lake,Secluded Hot Tub Getaway in Prime Location,Cabaña entera,"$1,834",Steve,154 evaluaciones,5,"['7 huéspedes', '3 recámaras', '4 camas', '1 baño completo y uno de tocador', '\U000f0004\n154 evaluaciones', '\U000f0019\nVerificado']",https://www.airbnb.mx/rooms/11128865?location=Big%20Bear%20Lake&previous_page_section_name=1000
Big Bear Lake,Bear's Den: Snow Summit! Hot Tub!,Condominio completo,"$1,525",Destination Big Bear,56 evaluaciones,4.5,"['6 huéspedes', '2 recámaras', '4 camas', '1 baño', '\U000f0004\n13128 evaluaciones', '\U000f0019\nVerificado']",https://www.airbnb.mx/rooms/7087142?location=Big%20Bear%20Lake&previous_page_section_name=1000
Big Bear Lake,"Summer Fun, close to lake, hiking & the Villiage",Cabaña entera,"$1,293",Jennifer & Vlad,177 evaluaciones,4.5,"['4 huéspedes', '2 recámaras', '2 camas', '2 baños', '\U000f0004\n690 evaluaciones', '\U000f0019\nVerificado']",https://www.airbnb.mx/rooms/4929859?location=Big%20Bear%20Lake&previous_page_section_name=1000
Big Bear Lake,"""Belclare Cabin""",Cabaña entera,"$1,834",Rita,102 evaluaciones,4.5,"['2 huéspedes', 'estudio', '1 cama', '1 baño', '\U000f0004\n1269 evaluaciones', '\U000f0019\nVerificado']",https://www.airbnb.mx/rooms/17767213?location=Big%20Bear%20Lake&previous_page_section_name=1000
Big Bear Lake,"Vista Lodge // Spa, Mountain Views, Walk to Lake",Cabaña entera,"$2,297",Matthew & Heather,63 evaluaciones,5,"['4 huéspedes', '2 recámaras', '3 camas', '1 baño', '\U000f0004\n63 evaluaciones', '\U000f0019\nVerificado']",https://www.airbnb.mx/rooms/28182381?location=Big%20Bear%20Lake&previous_page_section_name=1000
Big Bear Lake,3 Legged Moose: Spa! Views! Games!,Cabaña entera,"$2,104",Destination Big Bear,58 evaluaciones,4.5,"['10 huéspedes', '4 recámaras', '5 camas', '3 baños', '\U000f0004\n13128 evaluaciones', '\U000f0019\nVerificado']",https://www.airbnb.mx/rooms/6276211?location=Big%20Bear%20Lake&previous_page_section_name=1000
Big Bear Lake,Cozy Cabin in Big Bear Lake,Cabaña entera,"$1,641",Tatyana,159 evaluaciones,5,"['3 huéspedes', '1 recámara', '2 camas', '1 baño', '\U000f0004\n159 evaluaciones', '\U000f0019\nVerificado']",https://www.airbnb.mx/rooms/23108861?location=Big%20Bear%20Lake&previous_page_section_name=1000
Big Bear Lake,Moonlight Ridge: Luxury! Game Room! Slope Views!,Cabaña entera,"$2,992",Destination Big Bear,85 evaluaciones,4.5,"['11 huéspedes', '4 recámaras', '7 camas', '4 baños', '\U000f0004\n13128 evaluaciones', '\U000f0019\nVerificado']",https://www.airbnb.mx/rooms/4469748?location=Big%20Bear%20Lake&previous_page_section_name=1000
Big Bear Lake,Almost Summit: Hot Tub! Cable TV!,Cabaña entera,"$1,853",Destination Big Bear,62 evaluaciones,4.5,"['5 huéspedes', '3 recámaras', '4 camas', '1 baño completo y uno de tocador', '\U000f0004\n13128 evaluaciones', '\U000f0019\nVerificado']",https://www.airbnb.mx/rooms/6691376?location=Big%20Bear%20Lake&previous_page_section_name=1000
Big Bear Lake,Sugar Pine Chalet: Pool Table! Hot Tub! Yard!,Cabaña entera,"$2,297",Destination Big Bear,66 evaluaciones,4.5,"['8 huéspedes', '2 recámaras', '4 camas', '3 baños', '\U000f0004\n13128 evaluaciones', '\U000f0019\nVerificado']",https://www.airbnb.mx/rooms/7112735?location=Big%20Bear%20Lake&previous_page_section_name=1000
Big Bear Lake,s31★Private Room 3 Twin Beds★ Shared House,Habitación privada en hostal,$637,Grayson,76 evaluaciones,5,"['3 huéspedes', '1 recámara', '3 camas', '3 baños compartidos', '\U000f0004\n859 evaluaciones', '\U000f0019\nVerificado']",https://www.airbnb.mx/rooms/1885236?location=Big%20Bear%20Lake&previous_page_section_name=1000
Big Bear Lake,Moose Creek Manor: NearVillage!Spa!,Cabaña entera,"$1,911",Destination Big Bear,58 evaluaciones,4.5,"['6 huéspedes', '2 recámaras', '3 camas', '2 baños', '\U000f0004\n13128 evaluaciones', '\U000f0019\nVerificado']",https://www.airbnb.mx/rooms/7087259?location=Big%20Bear%20Lake&previous_page_section_name=1000
Big Bear Lake,Cruz Cabin,Cabaña entera,$869,Kevin,85 evaluaciones,4.5,"['4 huéspedes', '2 recámaras', '3 camas', '1 baño', '\U000f0004\n92 evaluaciones', '\U000f0019\nVerificado']",https://www.airbnb.mx/rooms/21852112?location=Big%20Bear%20Lake&previous_page_section_name=1000
Big Bear Lake,Woodland PARADISE! SPEND LABOR DAY IN BIG BEAR!!,Cabaña entera,"$2,317",Holly,93 evaluaciones,5,"['6 huéspedes', '2 recámaras', '2 camas', '1 baño', '\U000f0004\n174 evaluaciones', '\U000f0019\nVerificado']",https://www.airbnb.mx/rooms/18583213?location=Big%20Bear%20Lake&previous_page_section_name=1000
Big Bear Lake,Mountain Retreat ~ Great Location!,Cabaña entera,"$1,641",Laura,97 evaluaciones,5,"['4 huéspedes', '2 recámaras', '2 camas', '1 baño', '\U000f0004\n97 evaluaciones', '\U000f0019\nVerificado']",https://www.airbnb.mx/rooms/9275714?location=Big%20Bear%20Lake&previous_page_section_name=1000
Big Bear Lake,Calley Dreaming Pup Friendly Dog Door Hot Tub BBQ,Cabaña entera,"$1,641",Molly Mei,93 evaluaciones,5,"['8 huéspedes', '3 recámaras', '6 camas', '2 baños', '\U000f0004\n271 evaluaciones', '\U000f0019\nVerificado']",https://www.airbnb.mx/rooms/17408320?location=Big%20Bear%20Lake&previous_page_section_name=1000
Big Bear Lake,The Tree House: Luxury! Spa! Foosball! Views!,Cabaña entera,"$1,911",Destination Big Bear,61 evaluaciones,4.5,"['5 huéspedes', '2 recámaras', '3 camas', '2 baños completos y uno de tocador', '\U000f0004\n13128 evaluaciones', '\U000f0019\nVerificado']",https://www.airbnb.mx/rooms/20709283?location=Big%20Bear%20Lake&previous_page_section_name=1000
Big Bear Lake,"Walk to the Village & Marina from ""THE BEARS DEN""",Cabaña entera,"$2,413",Anabel,116 evaluaciones,5,"['6 huéspedes', '3 recámaras', '5 camas', '2 baños', '\U000f0004\n119 evaluaciones', '\U000f0019\nVerificado']",https://www.airbnb.mx/rooms/3720864?location=Big%20Bear%20Lake&previous_page_section_name=1000
Big Bear Lake,Your Tiny House in the Woods.,Casa entera,"$1,449",Robert,208 evaluaciones,4.5,"['4 huéspedes', '1 recámara', '2 camas', '1 baño', '\U000f0004\n343 evaluaciones', '\U000f0019\nVerificado']",https://www.airbnb.mx/rooms/5933359?location=Big%20Bear%20Lake&previous_page_section_name=1000
Big Bear Lake,"47, No Fees Cabins 4 Less, sleeps 2 Village area",Cabaña entera,$946,Bear - No Fee Rentals,30 evaluaciones,4.5,"['2 huéspedes', 'estudio', '1 cama', '1 baño', '\U000f0004\n978 evaluaciones', '\U000f0019\nVerificado']",https://www.airbnb.mx/rooms/27979739?location=Big%20Bear%20Lake&previous_page_section_name=1000
Big Bear Lake,No Bad Days: Pool Table! Ping Pong! Foosball!,Cabaña entera,"$2,683",Destination Big Bear,25 evaluaciones,5,"['8 huéspedes', '3 recámaras', '5 camas', '2 baños', '\U000f0004\n13128 evaluaciones', '\U000f0019\nVerificado']",https://www.airbnb.mx/rooms/16498877?location=Big%20Bear%20Lake&previous_page_section_name=1000
Big Bear Lake,Owl's Perch: Charming! Near BearMt!,Cabaña entera,"$1,199",Destination Big Bear,67 evaluaciones,4.5,"['5 huéspedes', '2 recámaras', '4 camas', '1 baño', '\U000f0004\n13128 evaluaciones', '\U000f0019\nVerificado']",https://www.airbnb.mx/rooms/6676623?location=Big%20Bear%20Lake&previous_page_section_name=1000
Big Bear Lake,BEARadise - Mountain cabin close to ski lifts,Cabaña entera,"$1,737",Cyril,117 evaluaciones,5,"['8 huéspedes', '3 recámaras', '4 camas', '2 baños', '\U000f0004\n232 evaluaciones', '\U000f0019\nVerificado']",https://www.airbnb.mx/rooms/15758715?location=Big%20Bear%20Lake&previous_page_section_name=1000
Big Bear Lake,Amazing Grace: Near Lake! Hot Tub!,Cabaña entera,"$4,875",Destination Big Bear,70 evaluaciones,5,"['Más de 16 huéspedes', '5 recámaras', '10 camas', '3 baños completos y uno de tocador', '\U000f0004\n13128 evaluaciones', '\U000f0019\nVerificado']",https://www.airbnb.mx/rooms/7105841?location=Big%20Bear%20Lake&previous_page_section_name=1000
Big Bear Lake,Elm Lodge- Authentic Big Bear Cabin,Cabaña entera,"$2,490",Big Bear Boarding- Theresa And JJ,152 evaluaciones,5,"['4 huéspedes', '1 recámara', '1 cama', '1 baño', '\U000f0004\n776 evaluaciones']",https://www.airbnb.mx/rooms/19052424?location=Big%20Bear%20Lake&previous_page_section_name=1000
Big Bear Lake,Snowmass: Dog OK! Great Location!,Cabaña entera,"$1,525",Destination Big Bear,56 evaluaciones,4.5,"['6 huéspedes', '3 recámaras', '4 camas', '1 baño completo y uno de tocador', '\U000f0004\n13128 evaluaciones', '\U000f0019\nVerificado']",https://www.airbnb.mx/rooms/7112951?location=Big%20Bear%20Lake&previous_page_section_name=1000
Big Bear Lake,"Bball, Full Game Room, Putting Green",Casa entera,"$12,452",George,142 evaluaciones,5,"['Más de 16 huéspedes', '5 recámaras', '10 camas', '3 baños', '\U000f0004\n458 evaluaciones', '\U000f0019\nVerificado']",https://www.airbnb.mx/rooms/4427739?location=Big%20Bear%20Lake&previous_page_section_name=1000
Big Bear Lake,Enjoy a Beautiful Mountain View from a Hot Tub,Cabaña entera,"$1,931",Kurtis,40 evaluaciones,5,"['6 huéspedes', '2 recámaras', '4 camas', '1 baño', '\U000f0004\n422 evaluaciones', '\U000f0019\nVerificado']",https://www.airbnb.mx/rooms/21552011?location=Big%20Bear%20Lake&previous_page_section_name=1000
Big Bear Lake,Forestside retreat on hike bike trails modern cozy,Cabaña entera,"$1,390",Doug,42 evaluaciones,5,"['6 huéspedes', '2 recámaras', '5 camas', '1 baño completo y uno de tocador', '\U000f0004\n772 evaluaciones', '\U000f0019\nVerificado']",https://www.airbnb.mx/rooms/22717725?location=Big%20Bear%20Lake&previous_page_section_name=1000
Big Bear Lake,2Bed/2Bath Condo *Lakefront complex *Kayaks *Pool,Condominio completo,"$1,313",Natalie,81 evaluaciones,5,"['7 huéspedes', '2 recámaras', '3 camas', '2 baños', '\U000f0004\n81 evaluaciones', '\U000f0019\nVerificado']",https://www.airbnb.mx/rooms/21594613?location=Big%20Bear%20Lake&previous_page_section_name=1000
Big Bear Lake,"Forest is your backyard. BBQ on Patio. Close to Village, Lake and Slopes.",Casa entera,"$1,834",Mario & Ivette,140 evaluaciones,5,"['6 huéspedes', '2 recámaras', '4 camas', '1 baño', '\U000f0004\n2577 evaluaciones', '\U000f0019\nVerificado']",https://www.airbnb.mx/rooms/15086041?location=Big%20Bear%20Lake&previous_page_section_name=1000
Big Bear Lake,Modern & Cozy Big Bear Cabin,Cabaña entera,"$1,718",Lenie & Alyssa,121 evaluaciones,5,"['4 huéspedes', '1 recámara', '2 camas', '1 baño', '\U000f0004\n121 evaluaciones', '\U000f0019\nVerificado']",https://www.airbnb.mx/rooms/18672251?location=Big%20Bear%20Lake&previous_page_section_name=1000
Big Bear Lake,Cozy Big Bear Getaway,Cabaña entera,$888,Scott,141 evaluaciones,5,"['6 huéspedes', '2 recámaras', '3 camas', '1 baño', '\U000f0004\n173 evaluaciones', '\U000f0019\nVerificado']",https://www.airbnb.mx/rooms/21114060?location=Big%20Bear%20Lake&previous_page_section_name=1000
Big Bear Lake,"""Gretchen Cabin""",Cabaña entera,"$1,834",Rita,96 evaluaciones,4.5,"['2 huéspedes', 'estudio', '1 cama', '1 baño', '\U000f0004\n1269 evaluaciones', '\U000f0019\nVerificado']",https://www.airbnb.mx/rooms/17465158?location=Big%20Bear%20Lake&previous_page_section_name=1000
Big Bear Lake,Summit Ski and Ride : At the Base Snow Summit!,Condominio completo,"$1,718",Destination Big Bear,67 evaluaciones,4.5,"['6 huéspedes', '2 recámaras', '3 camas', '1 baño completo y uno de tocador', '\U000f0004\n13128 evaluaciones', '\U000f0019\nVerificado']",https://www.airbnb.mx/rooms/6693335?location=Big%20Bear%20Lake&previous_page_section_name=1000
Big Bear Lake,Bear Summit: Luxury! Base of Snow Summit! Spa!,Condominio completo,"$2,220",Destination Big Bear,32 evaluaciones,4.5,"['7 huéspedes', '3 recámaras', '6 camas', '2 baños completos y uno de tocador', '\U000f0004\n13128 evaluaciones', '\U000f0019\nVerificado']",https://www.airbnb.mx/rooms/21847421?location=Big%20Bear%20Lake&previous_page_section_name=1000
Big Bear Lake,"Hot Tub, Game Room, Modern New Cabin. Close to ALL",Cabaña entera,"$1,931",Kimberly,70 evaluaciones,5,"['10 huéspedes', '4 recámaras', '7 camas', '2 baños', '\U000f0004\n80 evaluaciones', '\U000f0019\nVerificado']",https://www.airbnb.mx/rooms/29996932?location=Big%20Bear%20Lake&previous_page_section_name=1000
Big Bear Lake,Romantic Private Cabin Walk to Village,Cabaña entera,"$1,429",Pine Knot,38 evaluaciones,5,"['3 huéspedes', '1 recámara', '2 camas', '1 baño', '\U000f0004\n575 evaluaciones', '\U000f0019\nVerificado']",https://www.airbnb.mx/rooms/30660285?location=Big%20Bear%20Lake&previous_page_section_name=1000
Big Bear Lake,Heavenly Heights: Mountain & Lake View! GameRoom!,Cabaña entera,"$2,683",Destination Big Bear,71 evaluaciones,5,"['6 huéspedes', '3 recámaras', '4 camas', '2 baños', '\U000f0004\n13128 evaluaciones', '\U000f0019\nVerificado']",https://www.airbnb.mx/rooms/16571256?location=Big%20Bear%20Lake&previous_page_section_name=1000
Big Bear Lake,"Happy Trails: Near Snow Summit, & Village! Spa!",Cabaña entera,"$2,510",Destination Big Bear,33 evaluaciones,5,"['8 huéspedes', '3 recámaras', '6 camas', '2 baños', '\U000f0004\n13128 evaluaciones', '\U000f0019\nVerificado']",https://www.airbnb.mx/rooms/20456529?location=Big%20Bear%20Lake&previous_page_section_name=1000
Big Bear Lake,"52-Lakefront 4 Less-No Fee rentals, strictly for 4",Condominio completo,"$1,718",Bear - No Fee Rentals,42 evaluaciones,4.5,"['4 huéspedes', 'estudio', '2 camas', '1 baño', '\U000f0004\n978 evaluaciones', '\U000f0019\nVerificado']",https://www.airbnb.mx/rooms/13504502?location=Big%20Bear%20Lake&previous_page_section_name=1000
Big Bear Lake,Sleepy Forest 17 - King w/Spa & Fireplace,Casa de huéspedes completa,$878,Sleepy Forest Resort,10 evaluaciones,5,"['2 huéspedes', 'estudio', '1 cama', '1 baño', '\U000f0004\n305 evaluaciones', '\U000f0019\nVerificado']",https://www.airbnb.mx/rooms/18684071?location=Big%20Bear%20Lake&previous_page_section_name=1000
Big Bear Lake,King Spa Suite #49,Habitación en hotel boutique,"$1,525",Rita,63 evaluaciones,4.5,"['2 huéspedes', 'estudio', '1 cama', '1 baño privado', '\U000f0004\n1269 evaluaciones', '\U000f0019\nVerificado']",https://www.airbnb.mx/rooms/17685447?location=Big%20Bear%20Lake&previous_page_section_name=1000
Big Bear Lake,Sleepy Forest 6 - King w/Spa & Fireplace,Casa entera,$878,Sleepy Forest Resort,19 evaluaciones,4.5,"['2 huéspedes', 'estudio', '1 cama', '1 baño', '\U000f0004\n305 evaluaciones', '\U000f0019\nVerificado']",https://www.airbnb.mx/rooms/18684060?location=Big%20Bear%20Lake&previous_page_section_name=1000
Big Bear Lake,King Spa Suite #20,Habitación en hotel boutique,"$1,718",Rita,47 evaluaciones,5,"['2 huéspedes', 'estudio', '1 cama', '1 baño privado', '\U000f0004\n1269 evaluaciones', '\U000f0019\nVerificado']",https://www.airbnb.mx/rooms/29702294?location=Big%20Bear%20Lake&previous_page_section_name=1000
Big Bear Lake,"""Katy Cabin""",Cabaña entera,"$1,834",Rita,46 evaluaciones,4.5,"['2 huéspedes', 'estudio', '1 cama', '1 baño', '\U000f0004\n1269 evaluaciones', '\U000f0019\nVerificado']",https://www.airbnb.mx/rooms/21539926?location=Big%20Bear%20Lake&previous_page_section_name=1000
Big Bear Lake,BACKS TO HIKING TRAILS w/ SPA/Pool Table/Sauna,Casa entera,"$7,239",Dionne,76 evaluaciones,4.5,"['12 huéspedes', '3 recámaras', '4 camas', '3 baños', '\U000f0004\n687 evaluaciones', '\U000f0019\nVerificado']",https://www.airbnb.mx/rooms/5696718?location=Big%20Bear%20Lake&previous_page_section_name=1000
Big Bear Lake,Moonridge Mountain Retreat,Cabaña entera,"$1,429",Robert,74 evaluaciones,4.5,"['7 huéspedes', '3 recámaras', '3 camas', '2 baños', '\U000f0004\n74 evaluaciones', '\U000f0019\nVerificado']",https://www.airbnb.mx/rooms/24224322?location=Big%20Bear%20Lake&previous_page_section_name=1000
Big Bear Lake,"2 bd,2 Ba,SLPS 6,SPA, WIFI, A/C, NETFLIX/HULU, BBQ",Cabaña entera,"$1,911",Robert,156 evaluaciones,5,"['6 huéspedes', '2 recámaras', '3 camas', '2 baños', '\U000f0004\n156 evaluaciones', '\U000f0019\nVerificado']",https://www.airbnb.mx/rooms/4377932?location=Big%20Bear%20Lake&previous_page_section_name=1000
Big Bear Lake,"A-Frame Cabin with Spa, walk to Snow Summit Resort",Cabaña entera,"$1,911",Callia,156 evaluaciones,4.5,"['5 huéspedes', '1 recámara', '4 camas', '1 baño', '\U000f0004\n160 evaluaciones', '\U000f0019\nVerificado']",https://www.airbnb.mx/rooms/3469445?location=Big%20Bear%20Lake&previous_page_section_name=1000
Big Bear Lake,,Traducir,,,,,[],https://www.airbnb.mx/rooms/plus/18964045?location=Big%20Bear%20Lake&previous_page_section_name=1000
Big Bear Lake,Snow Summit Condo: Walk to Snow Summit! Internet!,Condominio completo,"$2,162",Destination Big Bear,41 evaluaciones,5,"['6 huéspedes', '3 recámaras', '5 camas', '3 baños', '\U000f0004\n13128 evaluaciones', '\U000f0019\nVerificado']",https://www.airbnb.mx/rooms/21662240?location=Big%20Bear%20Lake&previous_page_section_name=1000
Big Bear Lake,Sugarloaf Chalet,Casa de campo completa,"$1,564",Matt,175 evaluaciones,5,"['6 huéspedes', '2 recámaras', '4 camas', '1 baño', '\U000f0004\n2248 evaluaciones', '\U000f1101\n1 Recomendación', '\U000f0019\nVerificado']",https://www.airbnb.mx/rooms/15867540?location=Big%20Bear%20Lake&previous_page_section_name=1000
Big Bear Lake,SUMMER ESCAPE! Close to Village & Lake! Big Patio!,Cabaña entera,"$1,718",Dan & Stephanie,52 evaluaciones,4.5,"['5 huéspedes', '2 recámaras', '2 camas', '1 baño', '\U000f0004\n52 evaluaciones', '\U000f0019\nVerificado']",https://www.airbnb.mx/rooms/29434601?location=Big%20Bear%20Lake&previous_page_section_name=1000
Big Bear Lake,Robinhood Retreat,Cabaña entera,"$1,158",Matt,99 evaluaciones,5,"['4 huéspedes', '2 recámaras', '2 camas', '1 baño', '\U000f0004\n2248 evaluaciones', '\U000f1101\n1 Recomendación', '\U000f0019\nVerificado']",https://www.airbnb.mx/rooms/20764204?location=Big%20Bear%20Lake&previous_page_section_name=1000
Big Bear Lake,"Stay at the ""Big Red"", Upscale, Fun",Casa entera,"$1,622",Lorraine,71 evaluaciones,5,"['8 huéspedes', '3 recámaras', '4 camas', '2 baños', '\U000f0004\n296 evaluaciones', '\U000f0019\nVerificado']",https://www.airbnb.mx/rooms/28313627?location=Big%20Bear%20Lake&previous_page_section_name=1000
Big Bear Lake,Bear Castle,Cabaña entera,"$1,544",Marie,93 evaluaciones,5,"['7 huéspedes', '4 recámaras', '7 camas', '2 baños', '\U000f0004\n93 evaluaciones', '\U000f0019\nVerificado']",https://www.airbnb.mx/rooms/20211077?location=Big%20Bear%20Lake&previous_page_section_name=1000
Big Bear Lake,"44, Cabins4Less - No Fees, Cabin Rentals, village",Cabaña entera,$946,Bear - No Fee Rentals,26 evaluaciones,4.5,"['2 huéspedes', 'estudio', '1 cama', '1 baño', '\U000f0004\n978 evaluaciones', '\U000f0019\nVerificado']",https://www.airbnb.mx/rooms/21352336?location=Big%20Bear%20Lake&previous_page_section_name=1000
Big Bear Lake,Hot tub+ Private+ CABLE+2 BBQs +best neighborhood,Casa entera,"$2,799",Tiffany,88 evaluaciones,5,"['9 huéspedes', '5 recámaras', '8 camas', '3 baños', '\U000f0004\n138 evaluaciones', '\U000f0019\nVerificado']",https://www.airbnb.mx/rooms/21152662?location=Big%20Bear%20Lake&previous_page_section_name=1000
Big Bear Lake,2 Nice Living Areas. 2 Fireplaces. BBQ. Close to Lake and Village.,Casa entera,"$2,413",Mario & Ivette,135 evaluaciones,5,"['9 huéspedes', '3 recámaras', '5 camas', '2 baños', '\U000f0004\n2577 evaluaciones', '\U000f0019\nVerificado']",https://www.airbnb.mx/rooms/4825287?location=Big%20Bear%20Lake&previous_page_section_name=1000
Big Bear Lake,"Huge 4+2 + loft, walk to Summit",Casa entera,"$2,876",Mike,108 evaluaciones,5,"['12 huéspedes', '4 recámaras', '7 camas', '2 baños', '\U000f0004\n108 evaluaciones', '\U000f1101\n2 Recomendaciones', '\U000f0019\nVerificado']",https://www.airbnb.mx/rooms/1428379?location=Big%20Bear%20Lake&previous_page_section_name=1000
Big Bear Lake,Large Cabin Tucked Away in the Mountains,Cabaña entera,"$1,737",Kurtis,68 evaluaciones,4.5,"['6 huéspedes', '2 recámaras', '4 camas', '2 baños', '\U000f0004\n422 evaluaciones', '\U000f0019\nVerificado']",https://www.airbnb.mx/rooms/16203654?location=Big%20Bear%20Lake&previous_page_section_name=1000
Big Bear Lake,"Charming, Updated Cabin 1 block from Snow Play!!",Cabaña entera,"$1,332",Andrea,45 evaluaciones,5,"['6 huéspedes', '2 recámaras', '3 camas', '1 baño', '\U000f0004\n45 evaluaciones', '\U000f0019\nVerificado']",https://www.airbnb.mx/rooms/24732435?location=Big%20Bear%20Lake&previous_page_section_name=1000
Big Bear Lake,Ultimate Big Bear Cabin With Deck and Near Slopes!,Cabaña entera,"$1,641",Henry,94 evaluaciones,5,"['3 huéspedes', '1 recámara', '2 camas', '1 baño', '\U000f0004\n784 evaluaciones', '\U000f1101\n8 Recomendaciones', '\U000f0019\nVerificado']",https://www.airbnb.mx/rooms/19571978?location=Big%20Bear%20Lake&previous_page_section_name=1000
Big Bear Lake,"3 Levels, SPA, FREE massage chair, walk to Lake!",Cabaña entera,"$1,139",Edsel,68 evaluaciones,5,"['8 huéspedes', '3 recámaras', '5 camas', '1 baño completo y uno de tocador', '\U000f0004\n68 evaluaciones', '\U000f0019\nVerificado']",https://www.airbnb.mx/rooms/18895308?location=Big%20Bear%20Lake&previous_page_section_name=1000
Big Bear Lake,Ye Modern Rustic Cabin- Big Bear Lake - NEW!,Casa entera,"$1,351",Amy,117 evaluaciones,5,"['4 huéspedes', '2 recámaras', '3 camas', '1 baño', '\U000f0004\n117 evaluaciones', '\U000f0019\nVerificado']",https://www.airbnb.mx/rooms/25780506?location=Big%20Bear%20Lake&previous_page_section_name=1000
Big Bear Lake,The Wolf's Den w/hot tub!,Cabaña entera,"$1,969",Matt,62 evaluaciones,5,"['4 huéspedes', '2 recámaras', '2 camas', '1 baño', '\U000f0004\n2248 evaluaciones', '\U000f1101\n1 Recomendación', '\U000f0019\nVerificado']",https://www.airbnb.mx/rooms/31078720?location=Big%20Bear%20Lake&previous_page_section_name=1000
Big Bear Lake,Boulder Pines Cabin | Oktobërfest Hot Tub | Pets!!,Cabaña entera,"$1,641",Bruce & Priscilla,45 evaluaciones,5,"['5 huéspedes', '2 recámaras', '3 camas', '1 baño', '\U000f0004\n45 evaluaciones', '\U000f0019\nVerificado']",https://www.airbnb.mx/rooms/31473843?location=Big%20Bear%20Lake&previous_page_section_name=1000
Big Bear Lake,"Snow Summit Luxury,New Hot Tub & AC! Dogs Welcome",Casa entera,"$4,826",Jorge,96 evaluaciones,5,"['8 huéspedes', '3 recámaras', '6 camas', '2 baños completos y uno de tocador', '\U000f0004\n96 evaluaciones', '\U000f0019\nVerificado']",https://www.airbnb.mx/rooms/12271204?location=Big%20Bear%20Lake&previous_page_section_name=1000
Big Bear Lake,s10★Best Deal in Village★ Bunkbed Desk WIFI,Habitación privada en hostal,$637,Grayson,113 evaluaciones,5,"['3 huéspedes', '1 recámara', '2 camas', '3 baños compartidos', '\U000f0004\n859 evaluaciones', '\U000f0019\nVerificado']",https://www.airbnb.mx/rooms/1885150?location=Big%20Bear%20Lake&previous_page_section_name=1000
Big Bear Lake,Cooler's Cabin,Cabaña entera,"$2,317",Daniel,65 evaluaciones,5,"['8 huéspedes', '3 recámaras', '4 camas', '2 baños', '\U000f0004\n113 evaluaciones', '\U000f0019\nVerificado']",https://www.airbnb.mx/rooms/8884708?location=Big%20Bear%20Lake&previous_page_section_name=1000
Big Bear Lake,"Modern Cozy Cabin, Walk to Lake and Village",Cabaña entera,"$1,255",Jessica,95 evaluaciones,4.5,"['2 huéspedes', '1 recámara', '1 cama', '1 baño', '\U000f0004\n95 evaluaciones', '\U000f0019\nVerificado']",https://www.airbnb.mx/rooms/19805137?location=Big%20Bear%20Lake&previous_page_section_name=1000
Big Bear Lake,Relaxing Spa! Beautiful Views.Fenced Backyard.Fireplace. TV's in all rooms. Fast Wifi.,Casa entera,"$1,911",Mario & Ivette,159 evaluaciones,5,"['10 huéspedes', '3 recámaras', '4 camas', '3 baños', '\U000f0004\n2577 evaluaciones', '\U000f0019\nVerificado']",https://www.airbnb.mx/rooms/12246386?location=Big%20Bear%20Lake&previous_page_section_name=1000
Big Bear Lake,Timeless - Historical Cabin Steps to Village,Cabaña entera,"$1,911",Maureen,220 evaluaciones,5,"['2 huéspedes', 'estudio', '2 camas', '1 baño', '\U000f0004\n286 evaluaciones', '\U000f0019\nVerificado']",https://www.airbnb.mx/rooms/3913679?location=Big%20Bear%20Lake&previous_page_section_name=1000
Big Bear Lake,Relaxing Spa! Beautiful Views.Fenced Backyard.Fireplace. TV's in all rooms. Fast Wifi.,Casa entera,"$1,911",Mario & Ivette,159 evaluaciones,5,"['10 huéspedes', '3 recámaras', '4 camas', '3 baños', '\U000f0004\n2577 evaluaciones', '\U000f0019\nVerificado']",https://www.airbnb.mx/rooms/12246386?location=Big%20Bear%20Lake&previous_page_section_name=1000
Big Bear Lake,Moonridge Hideaway,Cabaña entera,"$2,297",James,123 evaluaciones,5,"['6 huéspedes', '2 recámaras', '5 camas', '1 baño', '\U000f0004\n123 evaluaciones', '\U000f0019\nVerificado']",https://www.airbnb.mx/rooms/13446693?location=Big%20Bear%20Lake&previous_page_section_name=1000
Big Bear Lake,Relaxing Bear Retreat,Cabaña entera,"$1,448",Matt,103 evaluaciones,5,"['4 huéspedes', '2 recámaras', '2 camas', '1 baño', '\U000f0004\n2248 evaluaciones', '\U000f1101\n1 Recomendación', '\U000f0019\nVerificado']",https://www.airbnb.mx/rooms/21253724?location=Big%20Bear%20Lake&previous_page_section_name=1000
Big Bear Lake,Nature's Dream: Near Bear Mtn! Spa!,Cabaña entera,"$3,069",Destination Big Bear,74 evaluaciones,4.5,"['9 huéspedes', '4 recámaras', '6 camas', '3 baños', '\U000f0004\n13128 evaluaciones', '\U000f0019\nVerificado']",https://www.airbnb.mx/rooms/7110624?location=Big%20Bear%20Lake&previous_page_section_name=1000
Big Bear Lake,Mountain View,Cabaña entera,"$1,448",Ceasar David,173 evaluaciones,5,"['6 huéspedes', '2 recámaras', '4 camas', '1 baño', '\U000f0004\n173 evaluaciones', '\U000f0019\nVerificado']",https://www.airbnb.mx/rooms/22248114?location=Big%20Bear%20Lake&previous_page_section_name=1000
Big Bear Lake,Summit Enchantment: Near Snow Summit! Pool Table!,Cabaña entera,"$2,992",Destination Big Bear,35 evaluaciones,4.5,"['8 huéspedes', '4 recámaras', '6 camas', '2 baños', '\U000f0004\n13128 evaluaciones', '\U000f0019\nVerificado']",https://www.airbnb.mx/rooms/7107497?location=Big%20Bear%20Lake&previous_page_section_name=1000
Big Bear Lake,s12★ Private Room Sleeps 3 ★ Best Deal in Village,Habitación privada en hostal,$637,Grayson,75 evaluaciones,5,"['3 huéspedes', '1 recámara', '3 camas', '3 baños compartidos', '\U000f0004\n859 evaluaciones', '\U000f0019\nVerificado']",https://www.airbnb.mx/rooms/6090597?location=Big%20Bear%20Lake&previous_page_section_name=1000
Big Bear Lake,"-14, No Fees Cabins 4 Less, sleeps 2 to 4",Cabaña entera,"$1,139",Bear - No Fee Rentals,14 evaluaciones,4.5,"['4 huéspedes', '1 recámara', '1 cama', '1 baño', '\U000f0004\n978 evaluaciones', '\U000f0019\nVerificado']",https://www.airbnb.mx/rooms/28003063?location=Big%20Bear%20Lake&previous_page_section_name=1000
Big Bear Lake,Eagle Point Landing! *LUXURY*Clean*Rustic*Techy*,Cabaña entera,"$4,035",Ramy,119 evaluaciones,5,"['9 huéspedes', '3 recámaras', '6 camas', '2 baños', '\U000f0004\n119 evaluaciones', '\U000f0019\nVerificado']",https://www.airbnb.mx/rooms/17909602?location=Big%20Bear%20Lake&previous_page_section_name=1000
Big Bear Lake,Walk to the Village and Snow Summit Ski Slope,Cabaña entera,"$3,764",Kurtis,21 evaluaciones,5,"['8 huéspedes', '3 recámaras', '5 camas', '2 baños', '\U000f0004\n422 evaluaciones', '\U000f0019\nVerificado']",https://www.airbnb.mx/rooms/27335513?location=Big%20Bear%20Lake&previous_page_section_name=1000
Big Bear Lake,Steps to Summit! Indoor Spa. Fireplace. Private Backyard. Fast Wifi. Beautiful Mountain Decor.,Casa entera,"$2,799",Mario & Ivette,45 evaluaciones,5,"['12 huéspedes', '3 recámaras', '7 camas', '2 baños completos y uno de tocador', '\U000f0004\n2577 evaluaciones', '\U000f0019\nVerificado']",https://www.airbnb.mx/rooms/15598354?location=Big%20Bear%20Lake&previous_page_section_name=1000
Big Bear Lake,Comfy Cozy Cabin with a big yard in Big Bear,Cabaña entera,"$2,027",Mike,99 evaluaciones,5,"['6 huéspedes', '2 recámaras', '4 camas', '2 baños', '\U000f0004\n99 evaluaciones', '\U000f0019\nVerificado']",https://www.airbnb.mx/rooms/13532639?location=Big%20Bear%20Lake&previous_page_section_name=1000
Big Bear Lake,Elks Peak: Hot Tub! Pool Table!,Cabaña entera,"$2,317",Destination Big Bear,83 evaluaciones,4.5,"['7 huéspedes', '3 recámaras', '4 camas', '2 baños', '\U000f0004\n13128 evaluaciones', '\U000f0019\nVerificado']",https://www.airbnb.mx/rooms/7110012?location=Big%20Bear%20Lake&previous_page_section_name=1000
Big Bear Lake,"55-Lakefront 4 Less-No Fee rentals, strictly for 2",Condominio completo,"$1,525",Bear - No Fee Rentals,63 evaluaciones,4.5,"['2 huéspedes', 'estudio', '1 cama', '1 baño', '\U000f0004\n978 evaluaciones', '\U000f0019\nVerificado']",https://www.airbnb.mx/rooms/15700644?location=Big%20Bear%20Lake&previous_page_section_name=1000
Big Bear Lake,NEWER CABIN,Cabaña entera,"$2,181",Joe,37 evaluaciones,4.5,"['6 huéspedes', '2 recámaras', '2 camas', '2 baños', '\U000f0004\n37 evaluaciones', '\U000f0019\nVerificado']",https://www.airbnb.mx/rooms/25350961?location=Big%20Bear%20Lake&previous_page_section_name=1000
Big Bear Lake,** Stunning Chalet ** 5 Min to Village & Lake!,Cabaña entera,"$3,764",Laura,36 evaluaciones,5,"['9 huéspedes', '4 recámaras', '6 camas', '2 baños', '\U000f0004\n63 evaluaciones', '\U000f0019\nVerificado']",https://www.airbnb.mx/rooms/7025746?location=Big%20Bear%20Lake&previous_page_section_name=1000
Big Bear Lake,"Modern log home premium decorated, great location",Casa entera,"$2,780",Woody,159 evaluaciones,5,"['8 huéspedes', '3 recámaras', '5 camas', '2 baños completos y uno de tocador', '\U000f0004\n489 evaluaciones', '\U000f0019\nVerificado']",https://www.airbnb.mx/rooms/1970683?location=Big%20Bear%20Lake&previous_page_section_name=1000
Big Bear Lake,Cozy Cabin Large Deck and Spa!,Cabaña entera,"$1,718",Yasuyo,22 evaluaciones,5,"['4 huéspedes', '1 recámara', '2 camas', '1 baño', '\U000f0004\n22 evaluaciones', '\U000f0019\nVerificado']",https://www.airbnb.mx/rooms/33133293?location=Big%20Bear%20Lake&previous_page_section_name=1000
Big Bear Lake,Cozy Big Bear Cabin,Casa entera,"$1,158",Edwin & Patty,101 evaluaciones,4.5,"['6 huéspedes', '2 recámaras', '4 camas', '1 baño', '\U000f0004\n101 evaluaciones', '\U000f0019\nVerificado']",https://www.airbnb.mx/rooms/20174980?location=Big%20Bear%20Lake&previous_page_section_name=1000
Big Bear Lake,Pineda Pines #1: Cabin Minutes from The Village,Cabaña entera,"$2,297",Ryan,96 evaluaciones,4.5,"['6 huéspedes', '3 recámaras', '4 camas', '2 baños', '\U000f0004\n509 evaluaciones', '\U000f0019\nVerificado']",https://www.airbnb.mx/rooms/21451498?location=Big%20Bear%20Lake&previous_page_section_name=1000
Big Bear Lake,Walk to Village. Hike from Backyard. Spa! BBQ! Beautiful Mountain Decor.,Casa entera,"$2,413",Mario & Ivette,149 evaluaciones,5,"['8 huéspedes', '3 recámaras', '4 camas', '2 baños', '\U000f0004\n2577 evaluaciones', '\U000f0019\nVerificado']",https://www.airbnb.mx/rooms/3731435?location=Big%20Bear%20Lake&previous_page_section_name=1000
Big Bear Lake,Coziest Tiny House in Big Bear ♥ Great Location,Casa de campo entera,"$1,525",Anthony & Kelly,159 evaluaciones,5,"['2 huéspedes', '1 recámara', '1 cama', '1 baño', '\U000f0004\n214 evaluaciones', '\U000f0019\nVerificado']",https://www.airbnb.mx/rooms/15036852?location=Big%20Bear%20Lake&previous_page_section_name=1000
Big Bear Lake,Summit Mountain Getaway: Walk to Snow Summit!,Condominio completo,"$2,220",Destination Big Bear,43 evaluaciones,4.5,"['10 huéspedes', '3 recámaras', '6 camas', '2 baños completos y uno de tocador', '\U000f0004\n13128 evaluaciones', '\U000f0019\nVerificado']",https://www.airbnb.mx/rooms/7107846?location=Big%20Bear%20Lake&previous_page_section_name=1000
Big Bear Lake,Sleep Inn - Ultra Clean Ultra Modern // C2,Cabaña entera,"$1,236",Colorado Lodge,34 evaluaciones,5,"['6 huéspedes', '2 recámaras', '2 camas', '1 baño', '\U000f0004\n233 evaluaciones', '\U000f0019\nVerificado']",https://www.airbnb.mx/rooms/30748851?location=Big%20Bear%20Lake&previous_page_section_name=1000
Big Bear Lake,The Bunk House: Slope Views! Hot Tub! BBQ! WiFi!,Cabaña entera,"$1,931",Destination Big Bear,96 evaluaciones,4.5,"['3 huéspedes', '2 recámaras', '3 camas', '1 baño', '\U000f0004\n13128 evaluaciones', '\U000f0019\nVerificado']",https://www.airbnb.mx/rooms/15938667?location=Big%20Bear%20Lake&previous_page_section_name=1000
Big Bear Lake,"Near Snow Summit, Village & Lake",Casa entera,"$1,081",Romeo,132 evaluaciones,5,"['6 huéspedes', '2 recámaras', '4 camas', '1 baño', '\U000f0004\n237 evaluaciones', '\U000f0019\nVerificado']",https://www.airbnb.mx/rooms/4800984?location=Big%20Bear%20Lake&previous_page_section_name=1000
Big Bear Lake,Cabin in the Woods w/Secluded Backyard & Treehaus!,Cabaña entera,"$1,911",Kate & Gabe,29 evaluaciones,5,"['6 huéspedes', '3 recámaras', '5 camas', '2 baños', '\U000f0004\n29 evaluaciones', '\U000f0019\nVerificado']",https://www.airbnb.mx/rooms/30692949?location=Big%20Bear%20Lake&previous_page_section_name=1000
Big Bear Lake,"Lake View Lodge with Hot Tub, Large Decks, WiFi",Cabaña entera,"$3,378",Nathan & Eileen,86 evaluaciones,5,"['10 huéspedes', '4 recámaras', '6 camas', '3 baños', '\U000f0004\n151 evaluaciones', '\U000f0019\nVerificado']",https://www.airbnb.mx/rooms/21594054?location=Big%20Bear%20Lake&previous_page_section_name=1000
Big Bear Lake,Cozy Bear Lookout~ Lake view Cabin! Walk to water!,Cabaña entera,"$1,660",Elizabeth,20 evaluaciones,5,"['6 huéspedes', '2 recámaras', '4 camas', '1 baño', '\U000f0004\n20 evaluaciones', '\U000f0019\nVerificado']",https://www.airbnb.mx/rooms/30092783?location=Big%20Bear%20Lake&previous_page_section_name=1000
Big Bear Lake,Mamma & Papa Bear's Getaway,Casa entera,"$2,413",Coleen,66 evaluaciones,5,"['10 huéspedes', '5 recámaras', '6 camas', '3 baños', '\U000f0004\n929 evaluaciones', '\U000f1101\n2 Recomendaciones', '\U000f0019\nVerificado']",https://www.airbnb.mx/rooms/18235116?location=Big%20Bear%20Lake&previous_page_section_name=1000
Big Bear Lake,Charming Villa-Special-Free cleaning in July!!,Cabaña entera,"$1,911",Coleen,35 evaluaciones,5,"['6 huéspedes', '2 recámaras', '3 camas', '1 baño', '\U000f0004\n929 evaluaciones', '\U000f1101\n2 Recomendaciones', '\U000f0019\nVerificado']",https://www.airbnb.mx/rooms/21474161?location=Big%20Bear%20Lake&previous_page_section_name=1000
Big Bear Lake,Casita Moonridge con bañera de hidromasaje.,Casa entera,"$2,143",Kyle,40 evaluaciones,5,"['6 huéspedes', '3 recámaras', '3 camas', '1 baño', '\U000f0004\n40 evaluaciones', '\U000f0019\nVerificado']",https://www.airbnb.mx/rooms/22420142?location=Big%20Bear%20Lake&previous_page_section_name=1000
Big Bear Lake,Ahhhdorable Vintage (Thomas Kinkade) Cottage,Casa de campo entera,"$1,911",Cynthia,78 evaluaciones,5,"['4 huéspedes', '1 recámara', '2 camas', '1 baño completo y uno de tocador', '\U000f0004\n78 evaluaciones', '\U000f0019\nVerificado']",https://www.airbnb.mx/rooms/29005395?location=Big%20Bear%20Lake&previous_page_section_name=1000
Big Bear Lake,Come enjoy our Mountain Wonderland in Big Bear!!!,Cabaña entera,"$1,313",Edward & Pamela,136 evaluaciones,5,"['7 huéspedes', '2 recámaras', '5 camas', '2 baños', '\U000f0004\n141 evaluaciones', '\U000f0019\nVerificado']",https://www.airbnb.mx/rooms/5900157?location=Big%20Bear%20Lake&previous_page_section_name=1000
Big Bear Lake,The Ski Shack: close to Village-spa-pool table-AC,Cabaña entera,"$2,896",Dustin & Lisa,69 evaluaciones,5,"['7 huéspedes', '3 recámaras', '6 camas', '2 baños', '\U000f0004\n69 evaluaciones', '\U000f0019\nVerificado']",https://www.airbnb.mx/rooms/22013713?location=Big%20Bear%20Lake&previous_page_section_name=1000
Big Bear Lake,Lakefront Paradise: Lake View! Near Village& Lake!,Cabaña entera,"$1,931",Destination Big Bear,50 evaluaciones,4.5,"['6 huéspedes', '2 recámaras', '3 camas', '2 baños', '\U000f0004\n13128 evaluaciones', '\U000f0019\nVerificado']",https://www.airbnb.mx/rooms/21644290?location=Big%20Bear%20Lake&previous_page_section_name=1000
Big Bear Lake,Cozy Cabin w/View from Spa. Close to Village Lake,Cabaña entera,"$2,201",Mike,109 evaluaciones,5,"['6 huéspedes', '2 recámaras', '4 camas', '1 baño completo y uno de tocador', '\U000f0004\n317 evaluaciones', '\U000f0019\nVerificado']",https://www.airbnb.mx/rooms/16795915?location=Big%20Bear%20Lake&previous_page_section_name=1000
Big Bear Lake,Summit Rock: Walk to Snow Summit Resort! Hot Tub!,Casa entera,"$1,931",Destination Big Bear,19 evaluaciones,4.5,"['7 huéspedes', '2 recámaras', '6 camas', '1 baño completo y uno de tocador', '\U000f0004\n13128 evaluaciones', '\U000f0019\nVerificado']",https://www.airbnb.mx/rooms/29537821?location=Big%20Bear%20Lake&previous_page_section_name=1000
Big Bear Lake,,Traducir,,,,,[],https://www.airbnb.mx/rooms/plus/18471950?location=Big%20Bear%20Lake&previous_page_section_name=1000
Big Bear Lake,Two bedroom cabin next to the Village and Lake,Cabaña entera,"$1,641",Christina,53 evaluaciones,4.5,"['6 huéspedes', '2 recámaras', '3 camas', '1 baño', '\U000f0004\n119 evaluaciones', '\U000f0019\nVerificado']",https://www.airbnb.mx/rooms/30425482?location=Big%20Bear%20Lake&previous_page_section_name=1000
Big Bear Lake,High Timber Getaway-Hot Tub-Pool Table-Great Decks,Casa entera,"$2,876",Coleen,101 evaluaciones,5,"['10 huéspedes', '3 recámaras', '6 camas', '2 baños', '\U000f0004\n929 evaluaciones', '\U000f1101\n2 Recomendaciones', '\U000f0019\nVerificado']",https://www.airbnb.mx/rooms/12134023?location=Big%20Bear%20Lake&previous_page_section_name=1000
Big Bear Lake,"Cozy, Private Cabin with Hot tub!",Cabaña entera,"$1,834",Leslie,161 evaluaciones,4.5,"['6 huéspedes', '2 recámaras', '3 camas', '2 baños', '\U000f0004\n161 evaluaciones', '\U000f0019\nVerificado']",https://www.airbnb.mx/rooms/1937463?location=Big%20Bear%20Lake&previous_page_section_name=1000
Big Bear Lake,Snowed In: Internet! Wood Burning Fireplace! BBQ!,Cabaña entera,"$1,931",Destination Big Bear,59 evaluaciones,4.5,"['6 huéspedes', '2 recámaras', '8 camas', '2 baños', '\U000f0004\n13128 evaluaciones', '\U000f0019\nVerificado']",https://www.airbnb.mx/rooms/14254094?location=Big%20Bear%20Lake&previous_page_section_name=1000
Big Bear Lake,"51-Lakefront 4 Less-No Fee rentals, strictly for 4",Condominio completo,"$1,525",Bear - No Fee Rentals,59 evaluaciones,4.5,"['4 huéspedes', 'estudio', '2 camas', '1 baño', '\U000f0004\n978 evaluaciones', '\U000f0019\nVerificado']",https://www.airbnb.mx/rooms/14085004?location=Big%20Bear%20Lake&previous_page_section_name=1000
Big Bear Lake,Walk to Snow Summit! 2BR/2BA townhouse,Casa adosada completa,"$2,027",Jeff,69 evaluaciones,5,"['7 huéspedes', '2 recámaras', '5 camas', '2 baños', '\U000f0004\n310 evaluaciones', '\U000f0019\nVerificado']",https://www.airbnb.mx/rooms/13938730?location=Big%20Bear%20Lake&previous_page_section_name=1000
Big Bear Lake,"★Classic Summer Lake Cabin★Modern,FirePit, HotTub",Cabaña entera,"$1,911",Adam And Bianca,75 evaluaciones,5,"['12 huéspedes', '3 recámaras', '8 camas', '2 baños', '\U000f0004\n75 evaluaciones', '\U000f0019\nVerificado']",https://www.airbnb.mx/rooms/19946199?location=Big%20Bear%20Lake&previous_page_section_name=1000
Big Bear Lake,Duplex 2 units right on Bear Mtn-Walk to Zoo,Casa entera,"$1,911",Coleen,77 evaluaciones,4.5,"['8 huéspedes', '4 recámaras', '4 camas', '2 baños', '\U000f0004\n929 evaluaciones', '\U000f1101\n2 Recomendaciones', '\U000f0019\nVerificado']",https://www.airbnb.mx/rooms/14771743?location=Big%20Bear%20Lake&previous_page_section_name=1000
Big Bear Lake,"Cozy Cabin with Sunset Views, Hot Tub, WiFi, AC",Cabaña entera,"$2,413",Mike,222 evaluaciones,5,"['6 huéspedes', '3 recámaras', '4 camas', '1 baño', '\U000f0004\n317 evaluaciones', '\U000f0019\nVerificado']",https://www.airbnb.mx/rooms/3374385?location=Big%20Bear%20Lake&previous_page_section_name=1000
Big Bear Lake,"57-Lakefront 4 Less-No Fee rentals, strictly for 2",Condominio completo,"$1,718",Bear - No Fee Rentals,48 evaluaciones,4.5,"['2 huéspedes', 'estudio', '1 cama', '1 baño', '\U000f0004\n978 evaluaciones', '\U000f0019\nVerificado']",https://www.airbnb.mx/rooms/13326530?location=Big%20Bear%20Lake&previous_page_section_name=1000
Big Bear Lake,Lakeview Pines: Near Lake&Village. Spa/BBQ/Dogs OK,Casa de campo completa,"$3,263",Big Bear Boarding- Theresa And JJ,69 evaluaciones,5,"['7 huéspedes', '3 recámaras', '5 camas', '2 baños', '\U000f0004\n776 evaluaciones']",https://www.airbnb.mx/rooms/26451709?location=Big%20Bear%20Lake&previous_page_section_name=1000
Big Bear Lake,Walk to the Lake with Family and Friends,Cabaña entera,"$1,931",Kurtis,25 evaluaciones,5,"['9 huéspedes', '3 recámaras', '6 camas', '2 baños completos y uno de tocador', '\U000f0004\n422 evaluaciones', '\U000f0019\nVerificado']",https://www.airbnb.mx/rooms/26101532?location=Big%20Bear%20Lake&previous_page_section_name=1000
Big Bear Lake,Cute Cabin w/ Hot Tub. Garage for Gear + Game Room,Cabaña entera,"$2,297",Kristen,227 evaluaciones,5,"['6 huéspedes', '2 recámaras', '3 camas', '1 baño completo y uno de tocador', '\U000f0004\n227 evaluaciones', '\U000f0019\nVerificado']",https://www.airbnb.mx/rooms/4485544?location=Big%20Bear%20Lake&previous_page_section_name=1000
Big Bear Lake,Sparkling Chalet: Walk2Lake/HotTub/GameRoom/Arcade,Casa de campo completa,"$2,587",Daniela & Marco,51 evaluaciones,5,"['8 huéspedes', '3 recámaras', '8 camas', '2 baños', '\U000f0004\n51 evaluaciones', '\U000f0019\nVerificado']",https://www.airbnb.mx/rooms/29539946?location=Big%20Bear%20Lake&previous_page_section_name=1000
Big Bear Lake,"""Christy Cabin""",Cabaña entera,"$1,834",Rita,60 evaluaciones,4.5,"['2 huéspedes', 'estudio', '1 cama', '1 baño', '\U000f0004\n1269 evaluaciones', '\U000f0019\nVerificado']",https://www.airbnb.mx/rooms/22167794?location=Big%20Bear%20Lake&previous_page_section_name=1000
Big Bear Lake,Forest Retreat - Gameroom & Hot Tub!!!,Casa de campo completa,"$2,683",David,129 evaluaciones,5,"['10 huéspedes', '4 recámaras', '6 camas', '4 baños', '\U000f0004\n129 evaluaciones', '\U000f0019\nVerificado']",https://www.airbnb.mx/rooms/11023643?location=Big%20Bear%20Lake&previous_page_section_name=1000
Big Bear Lake,BRING BOAT-DEEP WATER DOCK-VIEW= PRICELESS!!!!!!,Casa entera,"$3,764",Patricia,63 evaluaciones,5,"['13 huéspedes', '3 recámaras', '3 camas', '2 baños', '\U000f0004\n85 evaluaciones', '\U000f0019\nVerificado']",https://www.airbnb.mx/rooms/21024122?location=Big%20Bear%20Lake&previous_page_section_name=1000
Big Bear Lake,Honey Bear Cabin,Cabaña entera,"$1,255",Alyssa,99 evaluaciones,5,"['5 huéspedes', '1 recámara', '3 camas', '1 baño', '\U000f0004\n99 evaluaciones', '\U000f0019\nVerificado']",https://www.airbnb.mx/rooms/21693660?location=Big%20Bear%20Lake&previous_page_section_name=1000
Big Bear Lake,Luxurious Castle in Big Bear!Views!,Casa entera,"$6,081",Kevin,47 evaluaciones,4.5,"['Más de 16 huéspedes', '6 recámaras', '11 camas', '4,5 baños', '\U000f0004\n977 evaluaciones', '\U000f0019\nVerificado']",https://www.airbnb.mx/rooms/4303025?location=Big%20Bear%20Lake&previous_page_section_name=1000
Big Bear Lake,Snow Summit Townhome with Hot Tub & Pool View #30,Casa adosada completa,"$2,104",Pete,65 evaluaciones,4.5,"['8 huéspedes', '2 recámaras', '6 camas', '1 baño completo y uno de tocador', '\U000f0004\n118 evaluaciones']",https://www.airbnb.mx/rooms/27132485?location=Big%20Bear%20Lake&previous_page_section_name=1000
Big Bear Lake,"-31, No Fees cabins 4 less rentals, for 2 to 4",Cabaña entera,"$1,139",Bear - No Fee Rentals,13 evaluaciones,4.5,"['4 huéspedes', 'estudio', '1 cama', '1 baño', '\U000f0004\n978 evaluaciones', '\U000f0019\nVerificado']",https://www.airbnb.mx/rooms/28151082?location=Big%20Bear%20Lake&previous_page_section_name=1000
Big Bear Lake,Mary's Lake Cabin: Walk to Lake! Spa! Game Room!,Casa entera,"$2,104",Destination Big Bear,15 evaluaciones,4.5,"['4 huéspedes', '2 recámaras', '3 camas', '2 baños completos y uno de tocador', '\U000f0004\n13128 evaluaciones', '\U000f0019\nVerificado']",https://www.airbnb.mx/rooms/30356963?location=Big%20Bear%20Lake&previous_page_section_name=1000
Big Bear Lake,3200 S.F. 4BR4BA 12K S.F. yard whole house,Villa completa,$946,Colin,128 evaluaciones,5,"['Más de 16 huéspedes', '4 recámaras', '13 camas', '4 baños', '\U000f0004\n278 evaluaciones', '\U000f0019\nVerificado']",https://www.airbnb.mx/rooms/19753234?location=Big%20Bear%20Lake&previous_page_section_name=1000
Big Bear Lake,Sherwood retreat,Cabaña entera,"$1,255",Jeffrey,30 evaluaciones,4.5,"['8 huéspedes', '3 recámaras', '4 camas', '2 baños', '\U000f0004\n30 evaluaciones', '\U000f0019\nVerificado']",https://www.airbnb.mx/rooms/30564692?location=Big%20Bear%20Lake&previous_page_section_name=1000
Big Bear Lake,Cathy Cottage 6 - King w/Spa & Fireplace,Casa entera,$541,Sleepy Forest Resort,7 evaluaciones,5,"['2 huéspedes', 'estudio', '1 cama', '1 baño', '\U000f0004\n305 evaluaciones', '\U000f0019\nVerificado']",https://www.airbnb.mx/rooms/18684079?location=Big%20Bear%20Lake&previous_page_section_name=1000
Big Bear Lake,Majestic Views: Amazing Lake Views! Foosball!,Cabaña entera,"$2,490",Destination Big Bear,37 evaluaciones,4.5,"['7 huéspedes', '3 recámaras', '4 camas', '3 baños', '\U000f0004\n13128 evaluaciones', '\U000f0019\nVerificado']",https://www.airbnb.mx/rooms/7111423?location=Big%20Bear%20Lake&previous_page_section_name=1000
Big Bear Lake,Hike the National Forest. Treetop Views.Close to Village and Lake.,Casa entera,"$2,413",Mario & Ivette,120 evaluaciones,5,"['8 huéspedes', '3 recámaras', '4 camas', '2 baños', '\U000f0004\n2577 evaluaciones', '\U000f0019\nVerificado']",https://www.airbnb.mx/rooms/1656868?location=Big%20Bear%20Lake&previous_page_section_name=1000
Big Bear Lake,The Cozy Cabin! Walking Distance to Snow Summit!,Cabaña entera,"$1,351",Stefanie,28 evaluaciones,4.5,"['6 huéspedes', '2 recámaras', '4 camas', '2 baños', '\U000f0004\n28 evaluaciones', '\U000f0019\nVerificado']",https://www.airbnb.mx/rooms/30019367?location=Big%20Bear%20Lake&previous_page_section_name=1000
Big Bear Lake,Felix The Ca-bin,Cabaña entera,"$1,525",Jorge & Rosemary,40 evaluaciones,5,"['8 huéspedes', '3 recámaras', '5 camas', '2 baños', '\U000f0004\n40 evaluaciones', '\U000f0019\nVerificado']",https://www.airbnb.mx/rooms/17753847?location=Big%20Bear%20Lake&previous_page_section_name=1000
Big Bear Lake,Cozy family-friendly private cabin mountain views,Casa entera,"$2,896",Kris And Kiersten,130 evaluaciones,5,"['8 huéspedes', '3 recámaras', '4 camas', '2 baños completos y uno de tocador', '\U000f0004\n146 evaluaciones', '\U000f0019\nVerificado']",https://www.airbnb.mx/rooms/11654882?location=Big%20Bear%20Lake&previous_page_section_name=1000
Big Bear Lake,Cathy Cottage 5 - King w/Spa & Fireplace,Habitación en hotel,$541,Sleepy Forest Resort,11 evaluaciones,5,"['2 huéspedes', '1 recámara', '1 cama', '1 baño privado', '\U000f0004\n305 evaluaciones', '\U000f0019\nVerificado']",https://www.airbnb.mx/rooms/18684078?location=Big%20Bear%20Lake&previous_page_section_name=1000
Big Bear Lake,Blue Moon:Luxury! Pool Table! Hot Tub! Mtn Views!,Cabaña entera,"$3,456",Destination Big Bear,36 evaluaciones,4.5,"['9 huéspedes', '3 recámaras', '5 camas', '3 baños', '\U000f0004\n13128 evaluaciones', '\U000f0019\nVerificado']",https://www.airbnb.mx/rooms/7112523?location=Big%20Bear%20Lake&previous_page_section_name=1000
Big Bear Lake,Sweet Mountain Escape: Near Village! Spa! Wifi!,Bungalow completo,"$1,931",Destination Big Bear,45 evaluaciones,5,"['6 huéspedes', '3 recámaras', '4 camas', '2 baños', '\U000f0004\n13128 evaluaciones', '\U000f0019\nVerificado']",https://www.airbnb.mx/rooms/21623109?location=Big%20Bear%20Lake&previous_page_section_name=1000
Big Bear Lake,,Traducir,,,,,[],https://www.airbnb.mx/rooms/plus/20523104?location=Big%20Bear%20Lake&previous_page_section_name=1000
Big Bear Lake,Tehama Hama: Spa! Close to Bear Mtn! Pool Table!,Cabaña entera,"$1,931",Destination Big Bear,40 evaluaciones,4.5,"['8 huéspedes', '4 recámaras', '7 camas', '2 baños', '\U000f0004\n13128 evaluaciones', '\U000f0019\nVerificado']",https://www.airbnb.mx/rooms/16498704?location=Big%20Bear%20Lake&previous_page_section_name=1000
Big Bear Lake,,Traducir,,,,,[],https://www.airbnb.mx/rooms/plus/29645820?location=Big%20Bear%20Lake&previous_page_section_name=1000
Big Bear Lake,360 Panorama: Pool Table! Views!,Cabaña entera,"$2,683",Destination Big Bear,44 evaluaciones,4,"['10 huéspedes', '4 recámaras', '7 camas', '3 baños', '\U000f0004\n13128 evaluaciones', '\U000f0019\nVerificado']",https://www.airbnb.mx/rooms/7109775?location=Big%20Bear%20Lake&previous_page_section_name=1000
Big Bear Lake,2 Cabins for the Price of 1,Cabaña entera,"$1,931",Kurtis,12 evaluaciones,5,"['8 huéspedes', '4 recámaras', '4 camas', '2 baños', '\U000f0004\n422 evaluaciones', '\U000f0019\nVerificado']",https://www.airbnb.mx/rooms/25296646?location=Big%20Bear%20Lake&previous_page_section_name=1000
Big Bear Lake,La Vie Boheme: Luxury! Walk to Snow Summit! Spa!,Cabaña entera,"$4,807",Destination Big Bear,16 evaluaciones,5,"['6 huéspedes', '3 recámaras', '4 camas', '2 baños', '\U000f0004\n13128 evaluaciones', '\U000f0019\nVerificado']",https://www.airbnb.mx/rooms/21439478?location=Big%20Bear%20Lake&previous_page_section_name=1000
Big Bear Lake,Maple Bear: Walk to Snow Summit! Spa! Pool Table!,Cabaña entera,"$3,842",Destination Big Bear,37 evaluaciones,4.5,"['9 huéspedes', '4 recámaras', '7 camas', '3 baños completos y uno de tocador', '\U000f0004\n13128 evaluaciones', '\U000f0019\nVerificado']",https://www.airbnb.mx/rooms/15630911?location=Big%20Bear%20Lake&previous_page_section_name=1000
Big Bear Lake,Bear Necessities: BearMtn! Hot Tub!,Casa entera,"$2,124",Destination Big Bear,60 evaluaciones,4.5,"['9 huéspedes', '4 recámaras', '6 camas', '2 baños', '\U000f0004\n13128 evaluaciones', '\U000f0019\nVerificado']",https://www.airbnb.mx/rooms/7112287?location=Big%20Bear%20Lake&previous_page_section_name=1000
Big Bear Lake,King Spa Suite #28,Habitación en hotel boutique,"$1,718",Rita,12 evaluaciones,5,"['2 huéspedes', 'estudio', '1 cama', '1 baño privado', '\U000f0004\n1269 evaluaciones', '\U000f0019\nVerificado']",https://www.airbnb.mx/rooms/33581906?location=Big%20Bear%20Lake&previous_page_section_name=1000
Big Bear Lake,Bear Beauty! Remodeled! Fireplace. Private. Close to Lake and Village. Smart LCD TV's.,Casa entera,"$1,834",Mario & Ivette,126 evaluaciones,5,"['7 huéspedes', '3 recámaras', '5 camas', '1 baño completo y uno de tocador', '\U000f0004\n2577 evaluaciones', '\U000f0019\nVerificado']",https://www.airbnb.mx/rooms/15958885?location=Big%20Bear%20Lake&previous_page_section_name=1000
Big Bear Lake,A Cabin With A View: Foosball! BBQ! WiFI! Cable!,Cabaña entera,"$2,201",Destination Big Bear,58 evaluaciones,4.5,"['5 huéspedes', '2 recámaras', '3 camas', '2 baños', '\U000f0004\n13128 evaluaciones', '\U000f0019\nVerificado']",https://www.airbnb.mx/rooms/9199135?location=Big%20Bear%20Lake&previous_page_section_name=1000
Big Bear Lake,Summit Woods: Walk to Snow Summit! Foosball! WiFi!,Casa entera,"$1,931",Destination Big Bear,16 evaluaciones,5,"['8 huéspedes', '3 recámaras', '7 camas', '2 baños', '\U000f0004\n13128 evaluaciones', '\U000f0019\nVerificado']",https://www.airbnb.mx/rooms/29152596?location=Big%20Bear%20Lake&previous_page_section_name=1000
Big Bear Lake,Falling Leaf Retreat: Lake Views! Spa!,Cabaña entera,"$2,124",Destination Big Bear,70 evaluaciones,5,"['9 huéspedes', '3 recámaras', '4 camas', '3 baños', '\U000f0004\n13128 evaluaciones', '\U000f0019\nVerificado']",https://www.airbnb.mx/rooms/6704191?location=Big%20Bear%20Lake&previous_page_section_name=1000
Big Bear Lake,Huge Estate in Big Bear! Views+Spa!,Casa entera,"$6,834",Kevin,52 evaluaciones,4.5,"['Más de 16 huéspedes', '8 recámaras', '10 camas', '6,5 baños', '\U000f0004\n977 evaluaciones', '\U000f0019\nVerificado']",https://www.airbnb.mx/rooms/2777783?location=Big%20Bear%20Lake&previous_page_section_name=1000
Big Bear Lake,"43-slps 2,warm spa, Cabins 4 Less No fee rentals",Cabaña entera,"$1,332",Bear - No Fee Rentals,23 evaluaciones,5,"['2 huéspedes', 'estudio', '1 cama', '1 baño', '\U000f0004\n978 evaluaciones', '\U000f0019\nVerificado']",https://www.airbnb.mx/rooms/28858208?location=Big%20Bear%20Lake&previous_page_section_name=1000
Big Bear Lake,Hike from front door & walk to the Village!,Casa de campo completa,"$1,911",Gloria,100 evaluaciones,5,"['6 huéspedes', '2 recámaras', '4 camas', '2 baños', '\U000f0004\n100 evaluaciones', '\U000f0019\nVerificado']",https://www.airbnb.mx/rooms/21191080?location=Big%20Bear%20Lake&previous_page_section_name=1000
Big Bear Lake,Edgar's Hideaway Big Bear,Casa de campo completa,"$2,413",Harold,107 evaluaciones,4.5,"['10 huéspedes', '3 recámaras', '8 camas', '2 baños completos y uno de tocador', '\U000f0004\n107 evaluaciones', '\U000f1101\n1 Recomendación', '\U000f0019\nVerificado']",https://www.airbnb.mx/rooms/8506725?location=Big%20Bear%20Lake&previous_page_section_name=1000
Big Bear Lake,Summit Escape: Walk to Snow Summit! Hot Tub! WiFi!,Casa entera,"$2,104",Destination Big Bear,6 evaluaciones,4.5,"['5 huéspedes', '2 recámaras', '6 camas', '2 baños', '\U000f0004\n13128 evaluaciones', '\U000f0019\nVerificado']",https://www.airbnb.mx/rooms/26082280?location=Big%20Bear%20Lake&previous_page_section_name=1000
Big Bear Lake,King Spa Suite #59,Habitación en hotel boutique,"$1,525",Rita,34 evaluaciones,4.5,"['2 huéspedes', '1 recámara', '1 cama', '1 baño', '\U000f0004\n1269 evaluaciones', '\U000f0019\nVerificado']",https://www.airbnb.mx/rooms/17812948?location=Big%20Bear%20Lake&previous_page_section_name=1000
Big Bear Lake,Silver Tip Inn: Near Bear Mtn!,Cabaña entera,"$1,911",Destination Big Bear,60 evaluaciones,4.5,"['6 huéspedes', '3 recámaras', '4 camas', '2 baños', '\U000f0004\n13128 evaluaciones', '\U000f0019\nVerificado']",https://www.airbnb.mx/rooms/6691895?location=Big%20Bear%20Lake&previous_page_section_name=1000
Big Bear Lake,Country Club Chalet in Big Bear,Cabaña entera,"$2,046",Kristina,80 evaluaciones,4.5,"['10 huéspedes', '3 recámaras', '6 camas', '2 baños', '\U000f0004\n191 evaluaciones', '\U000f1101\n2 Recomendaciones', '\U000f0019\nVerificado']",https://www.airbnb.mx/rooms/835126?location=Big%20Bear%20Lake&previous_page_section_name=1000
Big Bear Lake,"*18-b, Cabins4Less no fee cabins, sleeps 1 to 2",Suite de huéspedes completa,$753,Bear - No Fee Rentals,16 evaluaciones,4,"['2 huéspedes', 'estudio', '1 cama', '1 baño', '\U000f0004\n978 evaluaciones', '\U000f0019\nVerificado']",https://www.airbnb.mx/rooms/29509087?location=Big%20Bear%20Lake&previous_page_section_name=1000
Big Bear Lake,BASECAMP + BIG BEAR LAKE + CABIN,Cabaña entera,"$2,510",Jennifer,179 evaluaciones,5,"['4 huéspedes', '2 recámaras', '3 camas', '1 baño', '\U000f0004\n197 evaluaciones', '\U000f0019\nVerificado']",https://www.airbnb.mx/rooms/4710565?location=Big%20Bear%20Lake&previous_page_section_name=1000
Big Bear Lake,Forest VIEW Walk or Ski to Snow Summit Ski Resort,Casa adosada completa,"$1,911",Shirley,126 evaluaciones,5,"['8 huéspedes', '3 recámaras', '6 camas', '2 baños', '\U000f0004\n126 evaluaciones', '\U000f0019\nVerificado']",https://www.airbnb.mx/rooms/4693222?location=Big%20Bear%20Lake&previous_page_section_name=1000
Big Bear Lake,LOCATION❤️Remodeled❤️LOCATION!,Casa entera,"$2,896",Holly,88 evaluaciones,5,"['4 huéspedes', '1 recámara', '4 camas', '1 baño', '\U000f0004\n104 evaluaciones', '\U000f0019\nVerificado']",https://www.airbnb.mx/rooms/16187173?location=Big%20Bear%20Lake&previous_page_section_name=1000
Big Bear Lake,Cozy Bear Mtn Slopes View Spa Kitchen WiFi,Cabaña entera,"$1,081",Doug,88 evaluaciones,4.5,"['4 huéspedes', '1 recámara', '2 camas', '1 baño', '\U000f0004\n772 evaluaciones', '\U000f0019\nVerificado']",https://www.airbnb.mx/rooms/4998146?location=Big%20Bear%20Lake&previous_page_section_name=1000
Big Bear Lake,The Den at Bear Mtn: Spa! GameRoom!,Cabaña entera,"$2,490",Destination Big Bear,58 evaluaciones,4.5,"['11 huéspedes', '4 recámaras', '8 camas', '4 baños', '\U000f0004\n13128 evaluaciones', '\U000f0019\nVerificado']",https://www.airbnb.mx/rooms/12175604?location=Big%20Bear%20Lake&previous_page_section_name=1000
Big Bear Lake,"Pine-tree Cabin moments away from lake, ski slope",Cabaña entera,"$1,718",Marin,57 evaluaciones,5,"['6 huéspedes', '2 recámaras', '4 camas', '1 baño', '\U000f0004\n58 evaluaciones', '\U000f0019\nVerificado']",https://www.airbnb.mx/rooms/30020511?location=Big%20Bear%20Lake&previous_page_section_name=1000
Big Bear Lake,Cathy Cottage 4 - King w/Spa & Fireplace,Habitación en hotel,$541,Sleepy Forest Resort,4 evaluaciones,5,"['2 huéspedes', '1 recámara', '1 cama', '1 baño privado', '\U000f0004\n305 evaluaciones', '\U000f0019\nVerificado']",https://www.airbnb.mx/rooms/18684077?location=Big%20Bear%20Lake&previous_page_section_name=1000
Big Bear Lake,Cozy Two Bedroom Cabin Top Location,Casa entera,"$1,525",Christina,66 evaluaciones,5,"['6 huéspedes', '2 recámaras', '3 camas', '1 baño', '\U000f0004\n119 evaluaciones', '\U000f0019\nVerificado']",https://www.airbnb.mx/rooms/30349423?location=Big%20Bear%20Lake&previous_page_section_name=1000
Big Bear Lake,Little Bear: Sweet Cabin with Modern Flair! Wifi!,Cabaña entera,"$1,448",Destination Big Bear,28 evaluaciones,4.5,"['6 huéspedes', '3 recámaras', '5 camas', '2 baños', '\U000f0004\n13128 evaluaciones', '\U000f0019\nVerificado']",https://www.airbnb.mx/rooms/23454704?location=Big%20Bear%20Lake&previous_page_section_name=1000
Big Bear Lake,WALK TO SNOW SUMMIT!,Casa adosada completa,"$1,834",Nancy,39 evaluaciones,5,"['6 huéspedes', '2 recámaras', '5 camas', '2 baños', '\U000f0004\n162 evaluaciones', '\U000f0019\nVerificado']",https://www.airbnb.mx/rooms/23472754?location=Big%20Bear%20Lake&previous_page_section_name=1000
Big Bear Lake,"It's 5 O'clock Somewhere•spa,deck,BBQ,shuffleboard",Cabaña entera,"$1,911",Stu,86 evaluaciones,5,"['6 huéspedes', '3 recámaras', '4 camas', '2 baños', '\U000f0004\n124 evaluaciones', '\U000f0019\nVerificado']",https://www.airbnb.mx/rooms/19035499?location=Big%20Bear%20Lake&previous_page_section_name=1000
Big Bear Lake,Nocturnal Beauty // C7,Cabaña entera,"$1,660",Colorado Lodge,36 evaluaciones,5,"['4 huéspedes', '1 recámara', '1 cama', '1 baño', '\U000f0004\n233 evaluaciones', '\U000f0019\nVerificado']",https://www.airbnb.mx/rooms/30750558?location=Big%20Bear%20Lake&previous_page_section_name=1000
Big Bear Lake,Primrose Pines: Close to Bear Mountain & Zoo!,Cabaña entera,"$1,931",Destination Big Bear,58 evaluaciones,4.5,"['5 huéspedes', '2 recámaras', '2 camas', '1 baño', '\U000f0004\n13128 evaluaciones', '\U000f0019\nVerificado']",https://www.airbnb.mx/rooms/20817361?location=Big%20Bear%20Lake&previous_page_section_name=1000
Big Bear Lake,Steps onto Summit-Biking-free cleaning in July!!,Casa adosada completa,"$1,892",Coleen,18 evaluaciones,5,"['8 huéspedes', '2 recámaras', '5 camas', '2 baños', '\U000f0004\n929 evaluaciones', '\U000f1101\n2 Recomendaciones', '\U000f0019\nVerificado']",https://www.airbnb.mx/rooms/29825195?location=Big%20Bear%20Lake&previous_page_section_name=1000
