Whistler,˙Studio Condo Whistler Village 223,Departamento entero,"$1,097",Bill,400 evaluaciones,5,"['2 huéspedes', 'estudio', '1 cama', '1 baño', '\U000f0004\n5073 evaluaciones', '\U000f0019\nVerificado']",https://www.airbnb.mx/rooms/12071124?location=Whistler&previous_page_section_name=1000
Whistler,Studio Condo Upper Village Tranquility,Departamento entero,"$1,170",Bill,479 evaluaciones,5,"['4 huéspedes', 'estudio', '2 camas', '1 baño', '\U000f0004\n5073 evaluaciones', '\U000f0019\nVerificado']",https://www.airbnb.mx/rooms/7309668?location=Whistler&previous_page_section_name=1000
Whistler,1 BR Townhome with Private Hot Tub - FREE PARKING,Casa adosada completa,"$1,681",Ian,313 evaluaciones,4.5,"['4 huéspedes', '1 recámara', '2 camas', '1 baño', '\U000f0004\n773 evaluaciones', '\U000f0019\nVerificado']",https://www.airbnb.mx/rooms/2520507?location=Whistler&previous_page_section_name=1000
Whistler,Peak View Penthouse,Loft entero,"$1,886",Jane & James,161 evaluaciones,5,"['4 huéspedes', '1 recámara', '1 cama', '1 baño', '\U000f0004\n161 evaluaciones', '\U000f0019\nVerificado']",https://www.airbnb.mx/rooms/13348663?location=Whistler&previous_page_section_name=1000
Whistler,˙Studio Condo Whistler Village 207,Departamento entero,"$1,243",Bill,287 evaluaciones,5,"['4 huéspedes', 'estudio', '2 camas', '1 baño', '\U000f0004\n5073 evaluaciones', '\U000f0019\nVerificado']",https://www.airbnb.mx/rooms/16041781?location=Whistler&previous_page_section_name=1000
Whistler,1 BR Townhouse with Private Hot Tub - FREE PARKING,Casa adosada completa,"$1,857",Ian,321 evaluaciones,4.5,"['5 huéspedes', '1 recámara', '3 camas', '1 baño', '\U000f0004\n773 evaluaciones', '\U000f0019\nVerificado']",https://www.airbnb.mx/rooms/4828768?location=Whistler&previous_page_section_name=1000
Whistler,·Hotel Room Upper Village Tranquility,Alojamiento entero,"$1,389",Bill,517 evaluaciones,5,"['2 huéspedes', '1 cama', '1 baño', '\U000f0004\n5073 evaluaciones', '\U000f0019\nVerificado']",https://www.airbnb.mx/rooms/7310283?location=Whistler&previous_page_section_name=1000
Whistler,Whistler Creekside Villa - single nights now open!,Departamento entero,"$1,155",Beth,338 evaluaciones,4.5,"['2 huéspedes', '1 recámara', '1 cama', '1 baño', '\U000f0004\n340 evaluaciones', '\U000f0019\nVerificado']",https://www.airbnb.mx/rooms/1295382?location=Whistler&previous_page_section_name=1000
Whistler,⛰️ 1 Bdrm Modern Village Penthouse - view!,Departamento con servicios completo,"$2,471",Victoria And Christian,435 evaluaciones,5,"['4 huéspedes', '1 recámara', '2 camas', '1 baño', '\U000f0004\n1181 evaluaciones', '\U000f0019\nVerificado']",https://www.airbnb.mx/rooms/9670429?location=Whistler&previous_page_section_name=1000
Whistler,Modern Mountain Studio in the Village,Departamento con servicios completo,"$1,886",Anya,134 evaluaciones,5,"['2 huéspedes', '1 recámara', '1 cama', '1 baño', '\U000f0004\n249 evaluaciones', '\U000f0019\nVerificado']",https://www.airbnb.mx/rooms/14438965?location=Whistler&previous_page_section_name=1000
Whistler,˙Studio Condo Whistler Village 201,Condominio completo,"$1,170",Bill,144 evaluaciones,5,"['3 huéspedes', 'estudio', '2 camas', '1 baño', '\U000f0004\n5073 evaluaciones', '\U000f0019\nVerificado']",https://www.airbnb.mx/rooms/22196091?location=Whistler&previous_page_section_name=1000
Whistler,ˑEight People Upper Village Tranquility,Condominio completo,"$1,243",Bill,320 evaluaciones,5,"['8 huéspedes', '1 recámara', '4 camas', '2 baños', '\U000f0004\n5073 evaluaciones', '\U000f0019\nVerificado']",https://www.airbnb.mx/rooms/13335461?location=Whistler&previous_page_section_name=1000
Whistler,Newly updated condo at Blackcomb base,Condominio completo,"$1,462",Caroline,122 evaluaciones,4.5,"['4 huéspedes', '1 recámara', '1 cama', '1 baño', '\U000f0004\n247 evaluaciones', '\U000f0019\nVerificado']",https://www.airbnb.mx/rooms/13126268?location=Whistler&previous_page_section_name=1000
Whistler,,Traducir,,,,,[],https://www.airbnb.mx/rooms/plus/10273331?location=Whistler&previous_page_section_name=1000
Whistler,Well Located Whistler Home With A View,Casa entera,"$1,184",Graham,2 evaluaciones,,"['6 huéspedes', '3 recámaras', '4 camas', '2 baños', '\U000f0004\n2 evaluaciones', '\U000f0019\nVerificado']",https://www.airbnb.mx/rooms/25841820?location=Whistler&previous_page_section_name=1000
Whistler,Whistler Village Main St. Suite,Departamento entero,"$1,828",Dan,98 evaluaciones,5,"['3 huéspedes', 'estudio', '5 camas', '1 baño', '\U000f0004\n112 evaluaciones', '\U000f0019\nVerificado']",https://www.airbnb.mx/rooms/29690566?location=Whistler&previous_page_section_name=1000
Whistler,MAIN VILLAGE SQUARE = Super central location!,Departamento entero,"$1,740",Clare And Mike,307 evaluaciones,5,"['4 huéspedes', '1 recámara', '2 camas', '1 baño', '\U000f0004\n562 evaluaciones', '\U000f0019\nVerificado']",https://www.airbnb.mx/rooms/14900711?location=Whistler&previous_page_section_name=1000
Whistler,Cozy Whistler Village Studio,Condominio completo,"$1,447",Tim And Andrea,314 evaluaciones,5,"['4 huéspedes', 'estudio', '2 camas', '1 baño', '\U000f0004\n477 evaluaciones', '\U000f0019\nVerificado']",https://www.airbnb.mx/rooms/4269069?location=Whistler&previous_page_section_name=1000
Whistler,˙Studio Condo Whistler Village 224,Departamento entero,"$1,097",Bill,423 evaluaciones,5,"['2 huéspedes', 'estudio', '1 cama', '1 baño', '\U000f0004\n5073 evaluaciones', '\U000f0019\nVerificado']",https://www.airbnb.mx/rooms/12056053?location=Whistler&previous_page_section_name=1000
Whistler,Cozy studio on Main Street with hot tub and pool,Condominio completo,"$1,301",Jenny And Roman,213 evaluaciones,5,"['2 huéspedes', 'estudio', '1 cama', '1 baño', '\U000f0004\n549 evaluaciones', '\U000f1101\n1 Recomendación', '\U000f0019\nVerificado']",https://www.airbnb.mx/rooms/17942811?location=Whistler&previous_page_section_name=1000
Whistler,˰Free Parking Loft Studio Whistler Village,Departamento entero,"$1,681",Bill,519 evaluaciones,5,"['4 huéspedes', 'estudio', '2 camas', '1 baño', '\U000f0004\n5073 evaluaciones', '\U000f0019\nVerificado']",https://www.airbnb.mx/rooms/4751154?location=Whistler&previous_page_section_name=1000
Whistler,Ski in/out Stylish condo with pool/hot tub & views,Departamento entero,"$1,301",Annika,203 evaluaciones,5,"['4 huéspedes', '1 recámara', '2 camas', '1 baño', '\U000f0004\n342 evaluaciones', '\U000f0019\nVerificado']",https://www.airbnb.mx/rooms/4249398?location=Whistler&previous_page_section_name=1000
Whistler,ˑStudio Condo Murphy Bed Upper Village Tranquility,Departamento entero,"$1,243",Bill,75 evaluaciones,5,"['4 huéspedes', 'estudio', '2 camas', '1 baño', '\U000f0004\n5073 evaluaciones', '\U000f0019\nVerificado']",https://www.airbnb.mx/rooms/29397702?location=Whistler&previous_page_section_name=1000
Whistler,Symphony Studio in Whistler Village,Departamento entero,"$1,755",Musubi,199 evaluaciones,5,"['4 huéspedes', 'estudio', '2 camas', '1 baño', '\U000f0004\n199 evaluaciones', '\U000f0019\nVerificado']",https://www.airbnb.mx/rooms/18074253?location=Whistler&previous_page_section_name=1000
Whistler,˯Studio Condo Whistler Village 422,Departamento entero,"$1,535",Bill,328 evaluaciones,5,"['3 huéspedes', 'estudio', '2 camas', '1 baño', '\U000f0004\n5073 evaluaciones', '\U000f0019\nVerificado']",https://www.airbnb.mx/rooms/12310742?location=Whistler&previous_page_section_name=1000
Whistler,Townhouse with Private Hot Tub & Free Parking,Departamento entero,"$1,681",Colleen,152 evaluaciones,5,"['4 huéspedes', '1 recámara', '2 camas', '1 baño', '\U000f0004\n152 evaluaciones', '\U000f0019\nVerificado']",https://www.airbnb.mx/rooms/16351601?location=Whistler&previous_page_section_name=1000
Whistler,Bright Studio on Main Street w pool/hot tub,Condominio completo,"$1,301",Jenny And Roman,166 evaluaciones,5,"['4 huéspedes', 'estudio', '2 camas', '1 baño', '\U000f0004\n549 evaluaciones', '\U000f1101\n1 Recomendación', '\U000f0019\nVerificado']",https://www.airbnb.mx/rooms/19895993?location=Whistler&previous_page_section_name=1000
Whistler,Cozy 1 Bedroom Apartment in Whistler (Creekside).,Departamento entero,$877,Lizzy,89 evaluaciones,5,"['3 huéspedes', '1 recámara', '1 cama', '1 baño', '\U000f0004\n89 evaluaciones', '\U000f0019\nVerificado']",https://www.airbnb.mx/rooms/26424477?location=Whistler&previous_page_section_name=1000
Whistler,Minimalist Vibe with Amazing Mountain Views,Departamento con servicios completo,"$2,500",Victoria And Christian,338 evaluaciones,5,"['4 huéspedes', '1 recámara', '1 cama', '1 baño', '\U000f0004\n1181 evaluaciones', '\U000f0019\nVerificado']",https://www.airbnb.mx/rooms/13283018?location=Whistler&previous_page_section_name=1000
Whistler,"Ski-in, Ski-Out Condo, The Aspens",Departamento con servicios completo,"$1,755",Jayne,96 evaluaciones,5,"['4 huéspedes', '1 recámara', '2 camas', '1 baño', '\U000f0004\n143 evaluaciones', '\U000f0019\nVerificado']",https://www.airbnb.mx/rooms/3802963?location=Whistler&previous_page_section_name=1000
Whistler,Whistler Village-Great location-Free Parking,Condominio completo,"$1,447",Marco,127 evaluaciones,5,"['4 huéspedes', '1 recámara', '2 camas', '1 baño', '\U000f0004\n127 evaluaciones', '\U000f0019\nVerificado']",https://www.airbnb.mx/rooms/25107534?location=Whistler&previous_page_section_name=1000
Whistler,2 Bdrm Village Townhome /w Private Hot Tub,Casa adosada completa,"$2,047",Bryony,131 evaluaciones,4.5,"['6 huéspedes', '2 recámaras', '4 camas', '2 baños', '\U000f0004\n278 evaluaciones', '\U000f0019\nVerificado']",https://www.airbnb.mx/rooms/18274483?location=Whistler&previous_page_section_name=1000
Whistler,Cozy Mountain View Studio in Whistler Village,Departamento entero,"$1,901",Aran,136 evaluaciones,5,"['3 huéspedes', 'estudio', '0 camas', '1 baño', '\U000f0004\n375 evaluaciones', '\U000f0019\nVerificado']",https://www.airbnb.mx/rooms/22361449?location=Whistler&previous_page_section_name=1000
Whistler,"True Ski-in Ski-out, Studio, Greystone Lodge",Condominio completo,"$1,009",Lily,98 evaluaciones,4.5,"['2 huéspedes', 'estudio', '2 camas', '1 baño', '\U000f0004\n223 evaluaciones', '\U000f0019\nVerificado']",https://www.airbnb.mx/rooms/21255689?location=Whistler&previous_page_section_name=1000
Whistler,"Crisp, Clean, Chic and Cozy in the Village",Departamento entero,"$1,828",Michael,116 evaluaciones,5,"['4 huéspedes', '1 recámara', '2 camas', '1 baño', '\U000f0004\n116 evaluaciones', '\U000f0019\nVerificado']",https://www.airbnb.mx/rooms/19792074?location=Whistler&previous_page_section_name=1000
Whistler,"Prime Ski-in Ski-out Location! Pool, Hot tubs, BBQ, sleeps 4 (116)",Condominio completo,"$1,959",Blackcomb Peaks Accommodation,18 evaluaciones,5,"['4 huéspedes', '1 recámara', '2 camas', '1 baño', '\U000f0004\n743 evaluaciones']",https://www.airbnb.mx/rooms/21047397?location=Whistler&previous_page_section_name=1000
Whistler,Newly renovated 1 Bdr townhouse,Casa adosada completa,"$1,641",Karen And Gord,61 evaluaciones,5,"['4 huéspedes', '1 recámara', '2 camas', '1 baño', '\U000f0004\n61 evaluaciones', '\U000f0019\nVerificado']",https://www.airbnb.mx/rooms/25264112?location=Whistler&previous_page_section_name=1000
Whistler,Lovely Condo Right in the Village!!,Departamento entero,"$1,228",Jessica,313 evaluaciones,5,"['4 huéspedes', 'estudio', '2 camas', '1 baño', '\U000f0004\n517 evaluaciones', '\U000f0019\nVerificado']",https://www.airbnb.mx/rooms/1076367?location=Whistler&previous_page_section_name=1000
Whistler,Treetop Retreat- Private Deck w/ Incredible Views,Condominio completo,"$1,886",Gabriela,430 evaluaciones,5,"['4 huéspedes', '2 recámaras', '2 camas', '1 baño', '\U000f0004\n567 evaluaciones', '\U000f0019\nVerificado']",https://www.airbnb.mx/rooms/3113612?location=Whistler&previous_page_section_name=1000
Whistler,˙Studio Condo Whistler Village 209,Departamento entero,"$1,243",Bill,383 evaluaciones,5,"['2 huéspedes', 'estudio', '1 cama', '1 baño', '\U000f0004\n5073 evaluaciones', '\U000f0019\nVerificado']",https://www.airbnb.mx/rooms/12010549?location=Whistler&previous_page_section_name=1000
Whistler,Modern Whistler Townhome!,Casa adosada completa,"$1,462",Jenn,286 evaluaciones,5,"['2 huéspedes', 'estudio', '1 cama', '1 baño', '\U000f0004\n286 evaluaciones', '\U000f0019\nVerificado']",https://www.airbnb.mx/rooms/17027133?location=Whistler&previous_page_section_name=1000
Whistler,ˑHotel Room 2 Queen Beds Upper Village Tranquility,Departamento entero,"$1,170",Bill,39 evaluaciones,4.5,"['4 huéspedes', 'estudio', '2 camas', '1 baño', '\U000f0004\n5073 evaluaciones', '\U000f0019\nVerificado']",https://www.airbnb.mx/rooms/29685632?location=Whistler&previous_page_section_name=1000
Whistler,Village Townhome: Outdoor Hot Tub & Pool,Casa adosada completa,"$1,535",Mike + Fallon,149 evaluaciones,5,"['4 huéspedes', '1 recámara', '1 cama', '1 baño', '\U000f0004\n245 evaluaciones', '\U000f0019\nVerificado']",https://www.airbnb.mx/rooms/16757103?location=Whistler&previous_page_section_name=1000
Whistler,˙Studio Condo Whistler Village 401,Departamento entero,"$1,535",Bill,273 evaluaciones,5,"['3 huéspedes', 'estudio', '2 camas', '1 baño', '\U000f0004\n5073 evaluaciones', '\U000f0019\nVerificado']",https://www.airbnb.mx/rooms/14014139?location=Whistler&previous_page_section_name=1000
Whistler,"Large, bright main street studio with pool/hot tub",Condominio completo,"$1,301",Jenny And Roman,170 evaluaciones,5,"['4 huéspedes', 'estudio', '2 camas', '1 baño', '\U000f0004\n549 evaluaciones', '\U000f1101\n1 Recomendación', '\U000f0019\nVerificado']",https://www.airbnb.mx/rooms/19054186?location=Whistler&previous_page_section_name=1000
Whistler,"Market Pavilion 303 - Great village location, free parking and wifi",Condominio completo,"$1,360",Whistler Superior,1 evaluación,,"['4 huéspedes', 'estudio', '2 camas', '1 baño', '\U000f0004\n121 evaluaciones']",https://www.airbnb.mx/rooms/30015257?location=Whistler&previous_page_section_name=1000
Whistler,North Village studio w/kitchen & Hot-tub,Casa adosada completa,"$1,331",Michele,137 evaluaciones,5,"['3 huéspedes', 'estudio', '1 cama', '1 baño', '\U000f0004\n137 evaluaciones', '\U000f0019\nVerificado']",https://www.airbnb.mx/rooms/11281764?location=Whistler&previous_page_section_name=1000
Whistler,Spacious 1 bedroom with Free parking and Cable TV,Condominio completo,"$1,447",Alison,170 evaluaciones,5,"['4 huéspedes', '1 recámara', '2 camas', '1 baño', '\U000f0004\n954 evaluaciones', '\U000f0019\nVerificado']",https://www.airbnb.mx/rooms/19874956?location=Whistler&previous_page_section_name=1000
Whistler,"BEAUTIFUL modern Whistler studio, 5 min from lifts",Departamento entero,"$1,974",Eva,213 evaluaciones,5,"['4 huéspedes', 'estudio', '2 camas', '1 baño']",https://www.airbnb.mx/rooms/18711873?location=Whistler&previous_page_section_name=1000
Whistler,1 BR apt by Olympic plaza in villag,Departamento con servicios completo,"$1,696",Marc,309 evaluaciones,5,"['6 huéspedes', '1 recámara', '1 cama', '1 baño', '\U000f0004\n546 evaluaciones', '\U000f0019\nVerificado']",https://www.airbnb.mx/rooms/11238822?location=Whistler&previous_page_section_name=1000
Whistler,COUPLES Creekside Mountain Getaway: Great Location,Condominio completo,"$1,228",Kerry,202 evaluaciones,5,"['2 huéspedes', 'estudio', '1 cama', '1 baño', '\U000f0004\n202 evaluaciones']",https://www.airbnb.mx/rooms/9811302?location=Whistler&previous_page_section_name=1000
Whistler,The Main Street Loft: Hot Tub + Parking,Loft entero,"$2,032",Clare And Mike,255 evaluaciones,5,"['4 huéspedes', 'estudio', '2 camas', '1 baño', '\U000f0004\n562 evaluaciones', '\U000f0019\nVerificado']",https://www.airbnb.mx/rooms/19177746?location=Whistler&previous_page_section_name=1000
Whistler,˯One Bedroom Condo Whistler Village 409,Condominio completo,"$1,755",Bill,293 evaluaciones,5,"['4 huéspedes', '1 recámara', '2 camas', '1 baño', '\U000f0004\n5073 evaluaciones', '\U000f0019\nVerificado']",https://www.airbnb.mx/rooms/15330329?location=Whistler&previous_page_section_name=1000
Whistler,STUNNING 1BR Apt at the Heart of Whistler Village,Condominio completo,"$1,009",Rosario,76 evaluaciones,5,"['4 huéspedes', '1 recámara', '2 camas', '1 baño', '\U000f0004\n76 evaluaciones', '\U000f0019\nVerificado']",https://www.airbnb.mx/rooms/24603783?location=Whistler&previous_page_section_name=1000
Whistler,"Think Whistler, Village Flat, 5 min walk to lifts!",Departamento con servicios completo,"$1,447",Alex,120 evaluaciones,5,"['4 huéspedes', '1 recámara', '2 camas', '1 baño', '\U000f0004\n775 evaluaciones', '\U000f0019\nVerificado']",https://www.airbnb.mx/rooms/16088422?location=Whistler&previous_page_section_name=1000
Whistler,Central Studio with Hot Tub/Pool,Departamento entero,"$1,594",Mila,144 evaluaciones,5,"['3 huéspedes', 'estudio', '2 camas', '1 baño', '\U000f0004\n506 evaluaciones', '\U000f0019\nVerificado']",https://www.airbnb.mx/rooms/4136516?location=Whistler&previous_page_section_name=1000
Whistler,"Cozy 1 BR Condo sleeps 4, FREE Parking, ski in/out",Condominio completo,"$1,535",Hayley & Micah,165 evaluaciones,5,"['4 huéspedes', '1 recámara', '2 camas', '1 baño', '\U000f0004\n165 evaluaciones', '\U000f0019\nVerificado']",https://www.airbnb.mx/rooms/11225635?location=Whistler&previous_page_section_name=1000
Whistler,Top-Floor 1BR Condo in Whistler Village w/ Parking,Departamento entero,"$1,608",Pranjal,192 evaluaciones,5,"['4 huéspedes', '1 recámara', '2 camas', '1 baño', '\U000f0004\n341 evaluaciones', '\U000f0019\nVerificado']",https://www.airbnb.mx/rooms/11397876?location=Whistler&previous_page_section_name=1000
Whistler,"Painted Cliff Ski-in, Ski-out Luxury with serene mountain views, sleeps 6 (43)",Casa adosada completa,"$2,763",Blackcomb Peaks Accommodation,28 evaluaciones,5,"['8 huéspedes', '2 recámaras', '3 camas', '2 baños', '\U000f0004\n743 evaluaciones']",https://www.airbnb.mx/rooms/21896276?location=Whistler&previous_page_section_name=1000
Whistler,Whistler ski studio,Condominio completo,"$1,155",Ruby,118 evaluaciones,5,"['3 huéspedes', 'estudio', '2 camas', '1 baño', '\U000f0004\n166 evaluaciones', '\U000f0019\nVerificado']",https://www.airbnb.mx/rooms/21913642?location=Whistler&previous_page_section_name=1000
Whistler,Bright Open Studio in the Heart of Whistler,Departamento entero,"$1,740",Tim And Andrea,163 evaluaciones,5,"['4 huéspedes', 'estudio', '2 camas', '1 baño', '\U000f0004\n477 evaluaciones', '\U000f0019\nVerificado']",https://www.airbnb.mx/rooms/16797924?location=Whistler&previous_page_section_name=1000
Whistler,Cozy Whistler Village Studio - Free Parking!!!,Condominio completo,"$2,047",Kristen,282 evaluaciones,5,"['4 huéspedes', 'estudio', '2 camas', '1 baño', '\U000f0004\n282 evaluaciones', '\U000f1101\n3 Recomendaciones', '\U000f0019\nVerificado']",https://www.airbnb.mx/rooms/12714668?location=Whistler&previous_page_section_name=1000
Whistler,Quiet Mountainside Escape: Ski/Bike In-Out,Condominio completo,"$1,243",John & Hilary,122 evaluaciones,5,"['4 huéspedes', '1 recámara', '2 camas', '1 baño', '\U000f0004\n122 evaluaciones', '\U000f1101\n1 Recomendación', '\U000f0019\nVerificado']",https://www.airbnb.mx/rooms/16110651?location=Whistler&previous_page_section_name=1000
Whistler,"Great Space, Great Location to Experience Whistler",Habitación privada en dormitorio para invitados,$702,Jay,45 evaluaciones,4.5,"['2 huéspedes', '1 recámara', '1 cama', '1 baño privado', '\U000f0004\n45 evaluaciones']",https://www.airbnb.mx/rooms/32728693?location=Whistler&previous_page_section_name=1000
Whistler,1 BR Modern Townhome with Outdoor Hot Tub and Pool,Casa adosada completa,"$1,360",Ian,139 evaluaciones,5,"['4 huéspedes', '1 recámara', '2 camas', '1 baño', '\U000f0004\n773 evaluaciones', '\U000f0019\nVerificado']",https://www.airbnb.mx/rooms/19035923?location=Whistler&previous_page_section_name=1000
Whistler,Quiet Whistler Village Townhouse -FREE PARKING,Casa adosada completa,"$1,316",Dean,132 evaluaciones,5,"['3 huéspedes', '1 recámara', '2 camas', '1 baño', '\U000f0004\n235 evaluaciones', '\U000f0019\nVerificado']",https://www.airbnb.mx/rooms/6416084?location=Whistler&previous_page_section_name=1000
Whistler,Newly Renovated Whistler Studio next to Nita Lake,Departamento entero,"$1,506",Georgia,213 evaluaciones,5,"['4 huéspedes', '1 recámara', '2 camas', '1 baño', '\U000f0004\n580 evaluaciones', '\U000f0019\nVerificado']",https://www.airbnb.mx/rooms/15955626?location=Whistler&previous_page_section_name=1000
Whistler,Whistler Cozy Cabin High up,Departamento entero,"$1,447",Meghan,95 evaluaciones,5,"['4 huéspedes', '1 recámara', '3 camas', '1 baño', '\U000f0004\n111 evaluaciones', '\U000f0019\nVerificado']",https://www.airbnb.mx/rooms/8869025?location=Whistler&previous_page_section_name=1000
Whistler,"Whistler Village Studio, Pool & Hot Tub",Departamento con servicios completo,"$1,170",Christian,88 evaluaciones,5,"['4 huéspedes', 'estudio', '2 camas', '1 baño', '\U000f0004\n88 evaluaciones', '\U000f0019\nVerificado']",https://www.airbnb.mx/rooms/17964355?location=Whistler&previous_page_section_name=1000
Whistler,Gorgeous Whistler Studio next Nita Lake,Departamento entero,"$1,345",Georgia,192 evaluaciones,5,"['4 huéspedes', 'estudio', '2 camas', '1 baño', '\U000f0004\n580 evaluaciones', '\U000f0019\nVerificado']",https://www.airbnb.mx/rooms/16321603?location=Whistler&previous_page_section_name=1000
Whistler,"Ski in Ski out 1 bedoom+sofa bed, pool & hot tub",Condominio completo,"$1,828",Angela & Jennie,183 evaluaciones,5,"['4 huéspedes', '1 recámara', '2 camas', '1 baño', '\U000f0004\n625 evaluaciones', '\U000f0019\nVerificado']",https://www.airbnb.mx/rooms/18361439?location=Whistler&previous_page_section_name=1000
Whistler,"1BR Condo at Glacier Lodge,Ski in/out,Pool/Hot tub",Condominio completo,"$1,170",Maria,138 evaluaciones,5,"['4 huéspedes', '1 recámara', '2 camas', '1 baño', '\U000f0004\n138 evaluaciones', '\U000f1101\n1 Recomendación', '\U000f0019\nVerificado']",https://www.airbnb.mx/rooms/18416130?location=Whistler&previous_page_section_name=1000
Whistler,"Heart of village, full condo, modern, hot tub",Condominio completo,"$1,462",Sara,164 evaluaciones,5,"['4 huéspedes', 'estudio', '1 cama', '1 baño completo y uno de tocador', '\U000f0004\n176 evaluaciones', '\U000f0019\nVerificado']",https://www.airbnb.mx/rooms/16605113?location=Whistler&previous_page_section_name=1000
Whistler,Central Studio with Pool/Hot Tub,Departamento entero,"$1,740",Mila,149 evaluaciones,5,"['3 huéspedes', 'estudio', '2 camas', '1 baño', '\U000f0004\n506 evaluaciones', '\U000f0019\nVerificado']",https://www.airbnb.mx/rooms/2919176?location=Whistler&previous_page_section_name=1000
Whistler,"Whistler Modern, Ski In/Out, Hot Tub & Heated Pool",Departamento entero,"$2,486",Aran,214 evaluaciones,5,"['4 huéspedes', '1 recámara', '0 camas', '1 baño', '\U000f0004\n375 evaluaciones', '\U000f0019\nVerificado']",https://www.airbnb.mx/rooms/13979632?location=Whistler&previous_page_section_name=1000
Whistler,1 BR Condo in The Aspens w/ Heated Pool & Hot Tubs,Departamento entero,"$1,535",Pranjal,149 evaluaciones,5,"['4 huéspedes', '1 recámara', '2 camas', '1 baño', '\U000f0004\n341 evaluaciones', '\U000f0019\nVerificado']",https://www.airbnb.mx/rooms/14452657?location=Whistler&previous_page_section_name=1000
Whistler,☀️Couples' Paradise - Hot Tub |Free Parking |Views,Condominio completo,"$1,608",Christine,31 evaluaciones,5,"['4 huéspedes', '1 recámara', '2 camas', '1 baño', '\U000f0004\n335 evaluaciones', '\U000f0019\nVerificado']",https://www.airbnb.mx/rooms/32895971?location=Whistler&previous_page_section_name=1000
Whistler,"Whistler Village(Parking,WiFi,Outdoor Hot Tub)",Casa adosada completa,"$1,535",Mike + Fallon,96 evaluaciones,5,"['4 huéspedes', '1 recámara', '2 camas', '1 baño', '\U000f0004\n245 evaluaciones', '\U000f0019\nVerificado']",https://www.airbnb.mx/rooms/22570546?location=Whistler&previous_page_section_name=1000
Whistler,"The Mini Chalet - Steps to Gondola, Lakes & Trails",Casa adosada completa,"$1,447",Jodie & Ulla,109 evaluaciones,5,"['4 huéspedes', '1 recámara', '2 camas', '1 baño', '\U000f0004\n166 evaluaciones', '\U000f0019\nVerificado']",https://www.airbnb.mx/rooms/21164117?location=Whistler&previous_page_section_name=1000
Whistler,"Prime Ski-in Ski-out Location! Top Floor Unit, Pool, Hot tubs, BBQ (548)",Condominio completo,"$2,822",Blackcomb Peaks Accommodation,15 evaluaciones,5,"['8 huéspedes', '2 recámaras', '4 camas', '2 baños', '\U000f0004\n743 evaluaciones']",https://www.airbnb.mx/rooms/21899896?location=Whistler&previous_page_section_name=1000
Whistler,Cozy Whistler Village Studio Condo,Condominio completo,"$1,331",Dean,103 evaluaciones,5,"['3 huéspedes', 'estudio', '2 camas', '1 baño', '\U000f0004\n235 evaluaciones', '\U000f0019\nVerificado']",https://www.airbnb.mx/rooms/6228870?location=Whistler&previous_page_section_name=1000
Whistler,"1BR Penthouse in Village w/ Pool, Hot Tub & Sauna",Condominio completo,"$1,740",Tam,117 evaluaciones,5,"['4 huéspedes', '1 recámara', '2 camas', '1 baño', '\U000f0004\n139 evaluaciones', '\U000f0019\nVerificado']",https://www.airbnb.mx/rooms/21623570?location=Whistler&previous_page_section_name=1000
Whistler,Village Studio - Great Location!!,Departamento entero,"$1,301",Keiran,129 evaluaciones,4.5,"['4 huéspedes', 'estudio', '2 camas', '1 baño', '\U000f0004\n204 evaluaciones', '\U000f0019\nVerificado']",https://www.airbnb.mx/rooms/4387886?location=Whistler&previous_page_section_name=1000
Whistler,Cozy Creekside Studio - Walk to Lifts!,Departamento entero,"$1,170",Allira,124 evaluaciones,4.5,"['4 huéspedes', 'estudio', '2 camas', '1 baño', '\U000f0004\n154 evaluaciones', '\U000f0019\nVerificado']",https://www.airbnb.mx/rooms/21901365?location=Whistler&previous_page_section_name=1000
Whistler,"Cozy, 1BD Whistler Village Condo - FREE PARKING",Condominio completo,"$1,082",Blackcomb Peaks Accommodation,56 evaluaciones,5,"['4 huéspedes', '1 recámara', '0 camas', '1 baño', '\U000f0004\n743 evaluaciones']",https://www.airbnb.mx/rooms/28867835?location=Whistler&previous_page_section_name=1000
Whistler,Executive condo in the Village with unreal view!,Departamento entero,,Brock,86 evaluaciones,5,"['5 huéspedes', '2 recámaras', '4 camas', '2 baños', '\U000f0004\n87 evaluaciones', '\U000f0019\nVerificado']",https://www.airbnb.mx/rooms/16793278?location=Whistler&previous_page_section_name=1000
Whistler,,,,,,,[],https://www.airbnb.mx/rooms/20015616?location=Whistler&previous_page_section_name=1000
Whistler,,,,,,,[],https://www.airbnb.mx/rooms/15785301?location=Whistler&previous_page_section_name=1000
Whistler,,,,,,,[],https://www.airbnb.mx/rooms/21912859?location=Whistler&previous_page_section_name=1000
Whistler,,,,,,,[],https://www.airbnb.mx/rooms/8569385?location=Whistler&previous_page_section_name=1000
Whistler,,,,,,,[],https://www.airbnb.mx/rooms/18241924?location=Whistler&previous_page_section_name=1000
Whistler,,,,,,,[],https://www.airbnb.mx/rooms/21262021?location=Whistler&previous_page_section_name=1000
Whistler,Village North: Cozy studio with HT + Pool!,Departamento entero,,Clare And Mike,82 evaluaciones,4.5,"['2 huéspedes', '1 recámara', '1 cama', '1 baño', '\U000f0004\n562 evaluaciones', '\U000f0019\nVerificado']",https://www.airbnb.mx/rooms/24732646?location=Whistler&previous_page_section_name=1000
Whistler,"Best Location! 2B/2B, Pool, Private Hot Tub!",Casa adosada completa,,Angela & Jennie,66 evaluaciones,5,"['6 huéspedes', '2 recámaras', '3 camas', '2 baños', '\U000f0004\n625 evaluaciones', '\U000f0019\nVerificado']",https://www.airbnb.mx/rooms/29533510?location=Whistler&previous_page_section_name=1000
Whistler,Think Whistler- Village Penthouse- 1 free parking!,Departamento con servicios completo,"$1,535",Alex,112 evaluaciones,5,"['5 huéspedes', '1 recámara', '3 camas', '1 baño', '\U000f0004\n775 evaluaciones', '\U000f0019\nVerificado']",https://www.airbnb.mx/rooms/16588970?location=Whistler&previous_page_section_name=1000
Whistler,"One Bedroom Condo, heart of Whistler Village.",Condominio completo,"$1,477",Janet,118 evaluaciones,5,"['4 huéspedes', '1 recámara', '1 cama', '1 baño', '\U000f0004\n118 evaluaciones', '\U000f0019\nVerificado']",https://www.airbnb.mx/rooms/15604192?location=Whistler&previous_page_section_name=1000
Whistler,"Modern, just renovated Studio with Whistler flair",Condominio completo,"$1,447",Eleni & Demetre,144 evaluaciones,5,"['2 huéspedes', 'estudio', '1 cama', '1 baño', '\U000f0004\n248 evaluaciones', '\U000f0019\nVerificado']",https://www.airbnb.mx/rooms/22232333?location=Whistler&previous_page_section_name=1000
Whistler,,,,,,,[],https://www.airbnb.mx/rooms/23598237?location=Whistler&previous_page_section_name=1000
Whistler,Ironwood 101 - Deluxe Blueberry Condo with Private Hot Tub and Mountain Views,Condominio completo,"$2,617",Whistler Superior,4 evaluaciones,5,"['4 huéspedes', '2 recámaras', '3 camas', '2 baños', '\U000f0004\n121 evaluaciones']",https://www.airbnb.mx/rooms/30015391?location=Whistler&previous_page_section_name=1000
Whistler,HEART of Whistler Village suite,Departamento con servicios completo,"$1,869",May,167 evaluaciones,4.5,"['5 huéspedes', '1 recámara', '3 camas', '1 baño completo y uno de tocador', '\U000f0004\n167 evaluaciones', '\U000f0019\nVerificado']",https://www.airbnb.mx/rooms/16742691?location=Whistler&previous_page_section_name=1000
Whistler,Whistler Village North: 3 Level Modern Condo!,Casa adosada completa,"$2,032",Clare And Mike,113 evaluaciones,5,"['4 huéspedes', '1 recámara', '2 camas', '1 baño', '\U000f0004\n562 evaluaciones', '\U000f0019\nVerificado']",https://www.airbnb.mx/rooms/20758511?location=Whistler&previous_page_section_name=1000
Whistler,1 bed Penthouse in Heart of Whistler!,Condominio completo,"$1,564",Tasha,131 evaluaciones,5,"['4 huéspedes', '1 recámara', '0 camas', '1 baño', '\U000f0004\n220 evaluaciones', '\U000f0019\nVerificado']",https://www.airbnb.mx/rooms/15024449?location=Whistler&previous_page_section_name=1000
Whistler,"Prime Ski-in Ski-out Location! Pool, Hot tubs, sleeps 8 (351)",Condominio completo,"$2,456",Blackcomb Peaks Accommodation,10 evaluaciones,4.5,"['8 huéspedes', '2 recámaras', '4 camas', '2 baños', '\U000f0004\n743 evaluaciones']",https://www.airbnb.mx/rooms/21913638?location=Whistler&previous_page_section_name=1000
Whistler,Updated cozy studio suite w/ kitchenette (2B),Condominio completo,$936,Helen,89 evaluaciones,5,"['2 huéspedes', 'estudio', '1 cama', '1 baño', '\U000f0004\n382 evaluaciones', '\U000f0019\nVerificado']",https://www.airbnb.mx/rooms/14389053?location=Whistler&previous_page_section_name=1000
Whistler,Private and Comfortable,Habitación privada en hostal,"$1,447",Alison,419 evaluaciones,5,"['2 huéspedes', '1 recámara', '1 cama', '1 baño compartido', '\U000f0004\n954 evaluaciones', '\U000f0019\nVerificado']",https://www.airbnb.mx/rooms/7957907?location=Whistler&previous_page_section_name=1000
Whistler,Cozy Apartment in Creekside - walk to the lifts,Loft entero,"$1,447",Christina,148 evaluaciones,5,"['4 huéspedes', '1 recámara', '2 camas', '1 baño', '\U000f0004\n301 evaluaciones', '\U000f1101\n1 Recomendación', '\U000f0019\nVerificado']",https://www.airbnb.mx/rooms/21313101?location=Whistler&previous_page_section_name=1000
Whistler,Fully Renovated ! Ski-in Ski-out,Condominio completo,"$1,828",Ruben,187 evaluaciones,5,"['4 huéspedes', '1 recámara', '1 cama', '1 baño', '\U000f0004\n567 evaluaciones', '\U000f0019\nVerificado']",https://www.airbnb.mx/rooms/10089644?location=Whistler&previous_page_section_name=1000
Whistler,"2 bedroom, quiet, well located, well furnished",Condominio completo,"$3,056",Andrew,176 evaluaciones,5,"['7 huéspedes', '2 recámaras', '7 camas', '2 baños', '\U000f0004\n294 evaluaciones', '\U000f0019\nVerificado']",https://www.airbnb.mx/rooms/1292771?location=Whistler&previous_page_section_name=1000
Whistler,Whistler Wanderlust Vacation. True Ski in Ski out!,Condominio completo,"$2,617",Jason And Melissa,71 evaluaciones,5,"['4 huéspedes', '1 recámara', '2 camas', '1 baño', '\U000f0004\n71 evaluaciones', '\U000f0019\nVerificado']",https://www.airbnb.mx/rooms/17556606?location=Whistler&previous_page_section_name=1000
Whistler,Newly renovated 3rd story suite w/ great views (A),Condominio completo,"$1,228",Helen,81 evaluaciones,5,"['4 huéspedes', 'estudio', '2 camas', '1 baño', '\U000f0004\n382 evaluaciones', '\U000f0019\nVerificado']",https://www.airbnb.mx/rooms/15709179?location=Whistler&previous_page_section_name=1000
Whistler,Comfortable and Private 2,Habitación privada en hostal,"$1,447",Alison,265 evaluaciones,5,"['2 huéspedes', '1 recámara', '1 cama', '1 baño compartido', '\U000f0004\n954 evaluaciones', '\U000f0019\nVerificado']",https://www.airbnb.mx/rooms/7955152?location=Whistler&previous_page_section_name=1000
Whistler,"Whistler Village, free parking & wifi.",Departamento entero,"$1,389",Robbie,65 evaluaciones,5,"['4 huéspedes', '1 recámara', '2 camas', '1 baño', '\U000f0004\n65 evaluaciones', '\U000f0019\nVerificado']",https://www.airbnb.mx/rooms/17252284?location=Whistler&previous_page_section_name=1000
Whistler,Updated Ground Floor Condo at The Marquise on Blackcomb,Condominio completo,"$1,667",Whistler Superior,1 evaluación,,"['4 huéspedes', '1 recámara', '2 camas', '1 baño', '\U000f0004\n121 evaluaciones']",https://www.airbnb.mx/rooms/30015380?location=Whistler&previous_page_section_name=1000
Whistler,Cozy Whistler Village Reindeer Retreat,Departamento entero,"$1,447",Penman Properties,149 evaluaciones,4.5,"['4 huéspedes', '1 recámara', '1 cama', '1 baño', '\U000f0004\n1203 evaluaciones', '\U000f0019\nVerificado']",https://www.airbnb.mx/rooms/16283297?location=Whistler&previous_page_section_name=1000
Whistler,"Heart of Whistler village, 5min walk to lift!",Departamento con servicios completo,"$1,594",Alex,96 evaluaciones,5,"['4 huéspedes', '1 recámara', '2 camas', '1 baño', '\U000f0004\n775 evaluaciones', '\U000f0019\nVerificado']",https://www.airbnb.mx/rooms/21505934?location=Whistler&previous_page_section_name=1000
Whistler,"Prime Ski-in Ski-out Location! Pool, Hot tubs, AC, sleeps 4 (467)",Condominio completo,"$1,959",Blackcomb Peaks Accommodation,16 evaluaciones,5,"['4 huéspedes', '1 recámara', '2 camas', '1 baño', '\U000f0004\n743 evaluaciones']",https://www.airbnb.mx/rooms/28867834?location=Whistler&previous_page_section_name=1000
Whistler,1 BR apartment in heart of Whistler,Departamento entero,"$1,842",Marc,237 evaluaciones,5,"['4 huéspedes', '1 recámara', '2 camas', '1 baño', '\U000f0004\n546 evaluaciones', '\U000f0019\nVerificado']",https://www.airbnb.mx/rooms/6948842?location=Whistler&previous_page_section_name=1000
Whistler,"1br Whister Village Condo w/Pool, HotTub & Sauna",Condominio completo,"$1,097",Dave,69 evaluaciones,5,"['5 huéspedes', '1 recámara', '1 cama', '1 baño', '\U000f0004\n69 evaluaciones', '\U000f0019\nVerificado']",https://www.airbnb.mx/rooms/25552793?location=Whistler&previous_page_section_name=1000
Whistler,"Prime Ski-in Ski-out Location! Pool, Hot tubs, BBQ, sleeps 6 (125)",Condominio completo,"$2,588",Blackcomb Peaks Accommodation,10 evaluaciones,5,"['6 huéspedes', '2 recámaras', '4 camas', '2 baños', '\U000f0004\n743 evaluaciones']",https://www.airbnb.mx/rooms/21047398?location=Whistler&previous_page_section_name=1000
Whistler,Blackcomb Slope Side 2 bedroom,Condominio completo,"$1,550",James,78 evaluaciones,5,"['6 huéspedes', '2 recámaras', '3 camas', '2 baños', '\U000f0004\n78 evaluaciones', '\U000f0019\nVerificado']",https://www.airbnb.mx/rooms/16043197?location=Whistler&previous_page_section_name=1000
Whistler,"Prime Ski-in Ski-out Location! Pool, Hot tubs, BBQ, sleeps 8 (458)",Condominio completo,"$2,822",Blackcomb Peaks Accommodation,13 evaluaciones,4.5,"['8 huéspedes', '2 recámaras', '4 camas', '2 baños', '\U000f0004\n743 evaluaciones']",https://www.airbnb.mx/rooms/21900415?location=Whistler&previous_page_section_name=1000
Whistler,Captivating Townhouse in Whistler Village w/Deck,Casa adosada completa,"$1,681",Dany,,,"['6 huéspedes', '2 recámaras', '2 camas', '2 baños', '\U000f0004\n197 evaluaciones']",https://www.airbnb.mx/rooms/35936116?location=Whistler&previous_page_section_name=1000
Whistler,"Studio Suite, Whistler Village",Departamento entero,"$1,550",Sandy,132 evaluaciones,5,"['4 huéspedes', 'estudio', '2 camas', '1 baño', '\U000f0004\n132 evaluaciones', '\U000f0019\nVerificado']",https://www.airbnb.mx/rooms/18682799?location=Whistler&previous_page_section_name=1000
Whistler,The Stash - Boutique Mountain Enclave at Creekside,Condominio completo,"$1,477",Jessica,109 evaluaciones,5,"['4 huéspedes', 'estudio', '2 camas', '1 baño', '\U000f0004\n517 evaluaciones', '\U000f0019\nVerificado']",https://www.airbnb.mx/rooms/22582679?location=Whistler&previous_page_section_name=1000
Whistler,"Wolf's Den Creekside, steps from the gondola",Condominio completo,$863,Jane,41 evaluaciones,4.5,"['3 huéspedes', '1 recámara', '2 camas', '1 baño', '\U000f0004\n111 evaluaciones', '\U000f0019\nVerificado']",https://www.airbnb.mx/rooms/27552663?location=Whistler&previous_page_section_name=1000
Whistler,☀︎Central Village 1 Bdrm☀︎Hot tub/Free Parking/AC,Departamento con servicios completo,"$1,594",Christine,30 evaluaciones,5,"['4 huéspedes', '1 recámara', '2 camas', '1 baño', '\U000f0004\n335 evaluaciones', '\U000f0019\nVerificado']",https://www.airbnb.mx/rooms/33277190?location=Whistler&previous_page_section_name=1000
Whistler,Stoney Creek Sunpath 8 - Quiet ground floor condo,Condominio completo,"$1,974",Whistler Superior,7 evaluaciones,5,"['4 huéspedes', '1 recámara', '2 camas', '1 baño', '\U000f0004\n121 evaluaciones']",https://www.airbnb.mx/rooms/30015323?location=Whistler&previous_page_section_name=1000
Whistler,"Valhalla 1 bedroom, sleeps 4, Quiet setting just steps from the action!",Casa adosada completa,"$1,959",Blackcomb Peaks Accommodation,12 evaluaciones,5,"['4 huéspedes', '1 recámara', '2 camas', '1 baño completo y uno de tocador', '\U000f0004\n743 evaluaciones']",https://www.airbnb.mx/rooms/21894967?location=Whistler&previous_page_section_name=1000
Whistler,"Amazing Village Location! 2Bedroom 2Bath, KingBed!",Departamento con servicios completo,$778,Dave,85 evaluaciones,5,"['6 huéspedes', '2 recámaras', '5 camas', '2 baños', '\U000f0004\n168 evaluaciones', '\U000f0019\nVerificado']",https://www.airbnb.mx/rooms/17560831?location=Whistler&previous_page_section_name=1000
Whistler,,Traducir,,,,,[],https://www.airbnb.mx/rooms/plus/15501585?location=Whistler&previous_page_section_name=1000
Whistler,"Ski in Ski Out Totally Renovated , 2 BR, 2BA, 8ppl",Departamento entero,"$2,924",Sergio,43 evaluaciones,5,"['8 huéspedes', '2 recámaras', '5 camas', '2 baños', '\U000f0004\n115 evaluaciones', '\U000f0019\nVerificado']",https://www.airbnb.mx/rooms/18377431?location=Whistler&previous_page_section_name=1000
Whistler,Cat's Ski Paradise,Casa adosada completa,"$1,535",Catherine,91 evaluaciones,5,"['4 huéspedes', '1 recámara', '2 camas', '1 baño', '\U000f0004\n95 evaluaciones', '\U000f0019\nVerificado']",https://www.airbnb.mx/rooms/21716964?location=Whistler&previous_page_section_name=1000
Whistler,"Prime Ski-in Ski-out Location! Pool, Hot tubs, BBQ, sleeps 4 (321)",Condominio completo,"$1,959",Blackcomb Peaks Accommodation,9 evaluaciones,5,"['4 huéspedes', '1 recámara', '2 camas', '1 baño', '\U000f0004\n743 evaluaciones']",https://www.airbnb.mx/rooms/21913628?location=Whistler&previous_page_section_name=1000
Whistler,Muk Muk Den | Hotel Room 224 | Whistler BC,Condominio completo,"$1,305",Mike + Doris,168 evaluaciones,4.5,"['3 huéspedes', 'estudio', '1 cama', '1 baño', '\U000f0004\n735 evaluaciones', '\U000f1101\n4 Recomendaciones', '\U000f0019\nVerificado']",https://www.airbnb.mx/rooms/3959702?location=Whistler&previous_page_section_name=1000
Whistler,"Best Price , Great Location Cosy Village Studio",Condominio completo,"$1,755",Angela & Jennie,137 evaluaciones,5,"['4 huéspedes', 'estudio', '2 camas', '1 baño', '\U000f0004\n625 evaluaciones', '\U000f0019\nVerificado']",https://www.airbnb.mx/rooms/23438866?location=Whistler&previous_page_section_name=1000
Whistler,"Prime Ski-in Ski-out Location! Pool, Hot tubs, BBQ, sleeps 4 (115)",Condominio completo,"$1,959",Blackcomb Peaks Accommodation,7 evaluaciones,5,"['4 huéspedes', '1 recámara', '2 camas', '1 baño', '\U000f0004\n743 evaluaciones']",https://www.airbnb.mx/rooms/21047396?location=Whistler&previous_page_section_name=1000
Whistler,Cute studio in the Village GREAT LOCATION!!!,Departamento entero,"$1,740",Christina,127 evaluaciones,5,"['4 huéspedes', 'estudio', '2 camas', '1 baño', '\U000f0004\n301 evaluaciones', '\U000f1101\n1 Recomendación', '\U000f0019\nVerificado']",https://www.airbnb.mx/rooms/23835878?location=Whistler&previous_page_section_name=1000
Whistler,"Prime Ski-in Ski-out Location! Pool, Hot tubs, BBQ, sleeps 6 (234)",Condominio completo,"$2,047",Blackcomb Peaks Accommodation,16 evaluaciones,5,"['6 huéspedes', '1 recámara', '2 camas', '1 baño', '\U000f0004\n743 evaluaciones']",https://www.airbnb.mx/rooms/21829187?location=Whistler&previous_page_section_name=1000
Whistler,New with a View & Steps to Ski Lifts,Casa adosada completa,"$1,243",Luke,21 evaluaciones,5,"['4 huéspedes', '1 recámara', '3 camas', '1 baño', '\U000f0004\n21 evaluaciones', '\U000f0019\nVerificado']",https://www.airbnb.mx/rooms/35427386?location=Whistler&previous_page_section_name=1000
Whistler,The Gables 1 Br Premium Location,Casa adosada completa,"$2,325",Kerry,43 evaluaciones,5,"['4 huéspedes', '1 recámara', '2 camas', '1 baño', '\U000f0004\n206 evaluaciones', '\U000f0019\nVerificado']",https://www.airbnb.mx/rooms/7956525?location=Whistler&previous_page_section_name=1000
Whistler,"NEW Marketplace Lodge 1 bedroom, free parking",Condominio completo,"$1,901",Angela & Jennie,55 evaluaciones,5,"['4 huéspedes', '1 recámara', '2 camas', '1 baño', '\U000f0004\n625 evaluaciones', '\U000f0019\nVerificado']",https://www.airbnb.mx/rooms/29547267?location=Whistler&previous_page_section_name=1000
Whistler,Walking distance to everything!,Condominio completo,"$1,755",Chris,157 evaluaciones,5,"['4 huéspedes', '1 recámara', '2 camas', '1 baño', '\U000f0004\n157 evaluaciones', '\U000f0019\nVerificado']",https://www.airbnb.mx/rooms/15206034?location=Whistler&previous_page_section_name=1000
Whistler,Cozy studio steps from Blackcomb base,Condominio completo,"$2,047",Caroline,125 evaluaciones,5,"['2 huéspedes', 'estudio', '1 cama', '1 baño', '\U000f0004\n247 evaluaciones', '\U000f0019\nVerificado']",https://www.airbnb.mx/rooms/15551772?location=Whistler&previous_page_section_name=1000
Whistler,"PRIME Whistler Village, Luxury 1 BR Retreat + AC",Departamento con servicios completo,"$1,447",Sam,32 evaluaciones,4.5,"['4 huéspedes', '1 recámara', '2 camas', '1 baño', '\U000f0004\n32 evaluaciones', '\U000f0019\nVerificado']",https://www.airbnb.mx/rooms/29993680?location=Whistler&previous_page_section_name=1000
Whistler,"Prime Ski-in Ski-out Location! Pool, Hot tubs, BBQ, sleeps 4 (229)",Condominio completo,"$1,959",Blackcomb Peaks Accommodation,5 evaluaciones,4.5,"['4 huéspedes', '1 recámara', '2 camas', '1 baño', '\U000f0004\n743 evaluaciones']",https://www.airbnb.mx/rooms/21829166?location=Whistler&previous_page_section_name=1000
Whistler,Heart Beat of Whistler Village - 202 WindWhistle,Condominio completo,"$1,535",Jody And Judy,49 evaluaciones,5,"['4 huéspedes', '1 recámara', '2 camas', '1 baño', '\U000f0004\n122 evaluaciones', '\U000f0019\nVerificado']",https://www.airbnb.mx/rooms/26258082?location=Whistler&previous_page_section_name=1000
Whistler,"Updated 1BR Townhouse with big, open deck",Casa adosada completa,"$1,755",Joanna,149 evaluaciones,5,"['4 huéspedes', '1 recámara', '2 camas', '1 baño', '\U000f0004\n162 evaluaciones', '\U000f0019\nVerificado']",https://www.airbnb.mx/rooms/13249613?location=Whistler&previous_page_section_name=1000
Whistler,Alpenglow Whistler Village Studio,Condominio completo,"$1,301",Terrence & Yvonne,40 evaluaciones,4.5,"['4 huéspedes', 'estudio', '2 camas', '1 baño', '\U000f0004\n356 evaluaciones', '\U000f0019\nVerificado']",https://www.airbnb.mx/rooms/28054696?location=Whistler&previous_page_section_name=1000
Whistler,"Prime location, 2Br/2Ba, with private HotTub & BBQ",Condominio completo,"$1,535",Karel,70 evaluaciones,5,"['5 huéspedes', '2 recámaras', '3 camas', '2 baños', '\U000f0004\n70 evaluaciones', '\U000f0019\nVerificado']",https://www.airbnb.mx/rooms/27611843?location=Whistler&previous_page_section_name=1000
Whistler,Sunpath 1Br Central Village,Casa adosada completa,"$2,179",Kerry,31 evaluaciones,5,"['4 huéspedes', '1 recámara', '2 camas', '1 baño', '\U000f0004\n206 evaluaciones', '\U000f0019\nVerificado']",https://www.airbnb.mx/rooms/9886218?location=Whistler&previous_page_section_name=1000
Whistler,"Private Mezzanine POD (single occupancy) in the centre of Whistler Village – 200m from the Whistler Village gondolas, with a lounge, cafe and rooftop bar.",Habitación compartida en hostal,$950,Pangea,7 evaluaciones,5,"['1 huésped', '1 recámara', '1 cama', '\U000f0004\n22 evaluaciones']",https://www.airbnb.mx/rooms/35681864?location=Whistler&previous_page_section_name=1000
Whistler,Central Studio with Pool/Hot Tub/Sauna,Alojamiento entero,"$1,184",Efosa,47 evaluaciones,5,"['4 huéspedes', '2 camas', '1 baño', '\U000f0004\n120 evaluaciones', '\U000f0019\nVerificado']",https://www.airbnb.mx/rooms/20456695?location=Whistler&previous_page_section_name=1000
Whistler,"Prime Ski-in Ski-out Location! Pool, Hot tubs, BBQ, sleeps 6 (412)",Condominio completo,"$2,646",Blackcomb Peaks Accommodation,8 evaluaciones,5,"['6 huéspedes', '2 recámaras', '4 camas', '2 baños', '\U000f0004\n743 evaluaciones']",https://www.airbnb.mx/rooms/21916243?location=Whistler&previous_page_section_name=1000
Whistler,Whistler Studio,Departamento entero,"$1,886",Glenn,18 evaluaciones,5,"['2 huéspedes', 'estudio', '1 cama', '1 baño', '\U000f0004\n18 evaluaciones']",https://www.airbnb.mx/rooms/30038294?location=Whistler&previous_page_section_name=1000
Whistler,Whistler Escape Ski In/Out 1 Bedroom Hot Tub Pool,Departamento entero,"$2,339",Ashley,128 evaluaciones,5,"['4 huéspedes', '1 recámara', '1 cama', '1 baño', '\U000f0004\n650 evaluaciones', '\U000f0019\nVerificado']",https://www.airbnb.mx/rooms/19247462?location=Whistler&previous_page_section_name=1000
Whistler,Whistler Village North Studio - Dream location!,Departamento entero,"$1,535",Stevie,65 evaluaciones,5,"['4 huéspedes', 'estudio', '2 camas', '1 baño', '\U000f0004\n65 evaluaciones', '\U000f0019\nVerificado']",https://www.airbnb.mx/rooms/18506319?location=Whistler&previous_page_section_name=1000
Whistler,The Marquise #407 - Renovated Suite with Amazing Mountain Views,Condominio completo,"$1,667",Whistler Superior,,,"['4 huéspedes', '1 recámara', '2 camas', '1 baño', '\U000f0004\n121 evaluaciones']",https://www.airbnb.mx/rooms/30015359?location=Whistler&previous_page_section_name=1000
Whistler,,Traducir,,,,,[],https://www.airbnb.mx/rooms/plus/23667233?location=Whistler&previous_page_section_name=1000
Whistler,Modern Lagoons Studio in the heart of Whistler Village,Condominio completo,"$1,828",Whistler Superior,2 evaluaciones,,"['2 huéspedes', 'estudio', '1 cama', '1 baño', '\U000f0004\n121 evaluaciones']",https://www.airbnb.mx/rooms/30015386?location=Whistler&previous_page_section_name=1000
Whistler,Renovated Condo with Pool & Hot Tub,Condominio completo,"$1,243",Robbin,86 evaluaciones,5,"['4 huéspedes', '1 recámara', '2 camas', '1 baño', '\U000f0004\n142 evaluaciones', '\U000f0019\nVerificado']",https://www.airbnb.mx/rooms/15521765?location=Whistler&previous_page_section_name=1000
Whistler,"☀️Incredible Location, Free Parking, Hot Tub, View",Condominio completo,"$1,798",Christine,169 evaluaciones,5,"['6 huéspedes', '2 recámaras', '4 camas', '2 baños', '\U000f0004\n335 evaluaciones', '\U000f0019\nVerificado']",https://www.airbnb.mx/rooms/18372517?location=Whistler&previous_page_section_name=1000
Whistler,PEO Whistler: 1 Bedroom in village w/ mtn view,Departamento entero,"$1,594",Peter & Leo,101 evaluaciones,5,"['4 huéspedes', '1 recámara', '2 camas', '1 baño', '\U000f0004\n101 evaluaciones', '\U000f0019\nVerificado']",https://www.airbnb.mx/rooms/15932603?location=Whistler&previous_page_section_name=1000
Whistler,"Prime Ski-in Ski-out Location! Pool, Hot tubs, BBQ, sleeps 4 (228)",Condominio completo,"$1,959",Blackcomb Peaks Accommodation,,,"['4 huéspedes', '1 recámara', '2 camas', '1 baño', '\U000f0004\n743 evaluaciones']",https://www.airbnb.mx/rooms/21829151?location=Whistler&previous_page_section_name=1000
Whistler,MODERN+BRIGHT+SLOPE-SIDE+2 Bdrm+HOT TUB,Condominio completo,"$1,535",Jill,58 evaluaciones,5,"['5 huéspedes', '2 recámaras', '3 camas', '2 baños', '\U000f0004\n167 evaluaciones', '\U000f0019\nVerificado']",https://www.airbnb.mx/rooms/19927302?location=Whistler&previous_page_section_name=1000
Whistler,1Bd Beautifully Just Renovated,Condominio completo,"$1,828",Ruben,196 evaluaciones,5,"['4 huéspedes', '1 recámara', '1 cama', '1 baño', '\U000f0004\n567 evaluaciones', '\U000f0019\nVerificado']",https://www.airbnb.mx/rooms/8327513?location=Whistler&previous_page_section_name=1000
Whistler,Central 2 BD with Private Hot Tub,Casa adosada completa,"$2,705",Mila,171 evaluaciones,5,"['6 huéspedes', '2 recámaras', '3 camas', '2 baños', '\U000f0004\n506 evaluaciones', '\U000f0019\nVerificado']",https://www.airbnb.mx/rooms/3157333?location=Whistler&previous_page_section_name=1000
Whistler,"Steps to Nita lake, beautiful renovated studio",Departamento entero,"$1,287",Annie,59 evaluaciones,5,"['3 huéspedes', 'estudio', '2 camas', '1 baño', '\U000f0004\n138 evaluaciones', '\U000f0019\nVerificado']",https://www.airbnb.mx/rooms/16416371?location=Whistler&previous_page_section_name=1000
Whistler,Mountain Views-Village North 1 Bdrm-Free Parking,Casa adosada completa,"$1,594",Anita & Brent,107 evaluaciones,5,"['4 huéspedes', '1 recámara', '2 camas', '1 baño', '\U000f0004\n107 evaluaciones', '\U000f0019\nVerificado']",https://www.airbnb.mx/rooms/15692002?location=Whistler&previous_page_section_name=1000
Whistler,"Market Pavilion 313 - Village North studio, close to everything, full kitchen",Condominio completo,"$1,521",Whistler Superior,7 evaluaciones,4.5,"['4 huéspedes', 'estudio', '2 camas', '1 baño', '\U000f0004\n121 evaluaciones']",https://www.airbnb.mx/rooms/30015260?location=Whistler&previous_page_section_name=1000
Whistler,STAIRWAY TO SNOW HEAVEN,Condominio completo,"$1,301",Scott,251 evaluaciones,5,"['5 huéspedes', '1 recámara', '3 camas', '1 baño', '\U000f0004\n261 evaluaciones', '\U000f0019\nVerificado']",https://www.airbnb.mx/rooms/6925332?location=Whistler&previous_page_section_name=1000
Whistler,"Prime Ski-in Ski-out Location! Top Floor Unit, Pool, Hot tubs, BBQ (415)",Condominio completo,"$1,959",Blackcomb Peaks Accommodation,6 evaluaciones,5,"['4 huéspedes', '1 recámara', '2 camas', '1 baño', '\U000f0004\n743 evaluaciones']",https://www.airbnb.mx/rooms/21901174?location=Whistler&previous_page_section_name=1000
Whistler,"Prime Ski-in Ski-out Location! Pool, Hot tubs, BBQ, sleeps 4 (335)",Condominio completo,"$1,959",Blackcomb Peaks Accommodation,6 evaluaciones,5,"['4 huéspedes', '1 recámara', '2 camas', '1 baño', '\U000f0004\n743 evaluaciones']",https://www.airbnb.mx/rooms/21913571?location=Whistler&previous_page_section_name=1000
Whistler,"Prime Ski-in Ski-out Location! Top Floor Unit, Pool, Hot tubs, BBQ (414)",Condominio completo,"$1,959",Blackcomb Peaks Accommodation,5 evaluaciones,5,"['4 huéspedes', '1 recámara', '2 camas', '1 baño', '\U000f0004\n743 evaluaciones']",https://www.airbnb.mx/rooms/21901201?location=Whistler&previous_page_section_name=1000
Whistler,Whistler Slumber,Casa adosada completa,"$1,447",Lucien,123 evaluaciones,5,"['4 huéspedes', '1 recámara', '1 cama', '1 baño', '\U000f0004\n123 evaluaciones', '\U000f0019\nVerificado']",https://www.airbnb.mx/rooms/2314636?location=Whistler&previous_page_section_name=1000
Whistler,The Heart of Village w/ Hot Tub & Mountains Views,Departamento entero,"$2,179",Leo,101 evaluaciones,4.5,"['4 huéspedes', '1 recámara', '2 camas', '1 baño', '\U000f0004\n973 evaluaciones', '\U000f0019\nVerificado']",https://www.airbnb.mx/rooms/9033619?location=Whistler&previous_page_section_name=1000
Whistler,Charming unit in Whistler Village Marketplace,Departamento entero,"$1,404",Leo,9 evaluaciones,5,"['4 huéspedes', '1 recámara', '2 camas', '1 baño', '\U000f0004\n973 evaluaciones', '\U000f0019\nVerificado']",https://www.airbnb.mx/rooms/34690570?location=Whistler&previous_page_section_name=1000
Whistler,The Marquise 104 - Steps from the slopes includes free wifi,Condominio completo,"$1,667",Whistler Superior,3 evaluaciones,4,"['4 huéspedes', '1 recámara', '2 camas', '1 baño', '\U000f0004\n121 evaluaciones']",https://www.airbnb.mx/rooms/30015265?location=Whistler&previous_page_section_name=1000
Whistler,,Traducir,,,,,[],https://www.airbnb.mx/rooms/plus/31739998?location=Whistler&previous_page_section_name=1000
Whistler,The Treetop Cabin,Casa adosada completa,"$1,755",Rory,122 evaluaciones,4.5,"['2 huéspedes', '1 recámara', '1 cama', '1 baño', '\U000f0004\n122 evaluaciones', '\U000f0019\nVerificado']",https://www.airbnb.mx/rooms/6482566?location=Whistler&previous_page_section_name=1000
Whistler,Heart of the Village - 1 Bedroom + loft,Loft entero,"$2,412",Renee,139 evaluaciones,5,"['6 huéspedes', '1 recámara', '4 camas', '1 baño', '\U000f0004\n139 evaluaciones', '\U000f0019\nVerificado']",https://www.airbnb.mx/rooms/18170187?location=Whistler&previous_page_section_name=1000
Whistler,"Prime Ski-in Ski-out Location! Pool, Hot tubs, BBQ, sleeps 8 (248)",Condominio completo,"$2,456",Blackcomb Peaks Accommodation,18 evaluaciones,5,"['8 huéspedes', '2 recámaras', '4 camas', '2 baños', '\U000f0004\n743 evaluaciones']",https://www.airbnb.mx/rooms/21910713?location=Whistler&previous_page_section_name=1000
Whistler,"Luxury Studio, Centrally Located, Free Parking",Condominio completo,"$1,798",Louise,57 evaluaciones,5,"['2 huéspedes', 'estudio', '1 cama', '1 baño', '\U000f0004\n57 evaluaciones', '\U000f0019\nVerificado']",https://www.airbnb.mx/rooms/2920396?location=Whistler&previous_page_section_name=1000
Whistler,"3 bedroom, quiet, spacious, tasteful, convenient.",Casa adosada completa,"$6,126",Andrew,64 evaluaciones,5,"['8 huéspedes', '3 recámaras', '8 camas', '2 baños', '\U000f0004\n294 evaluaciones', '\U000f0019\nVerificado']",https://www.airbnb.mx/rooms/16125136?location=Whistler&previous_page_section_name=1000
Whistler,"Prime Ski-in Ski-out Location! Pool, Hot tubs, BBQ, sleeps 4 (443)",Condominio completo,"$1,959",Blackcomb Peaks Accommodation,8 evaluaciones,5,"['4 huéspedes', '1 recámara', '2 camas', '1 baño', '\U000f0004\n743 evaluaciones']",https://www.airbnb.mx/rooms/21900876?location=Whistler&previous_page_section_name=1000
Whistler,"The Woods 1 bedroom, sleeps 4, close to village, slope and lake",Condominio completo,"$2,047",Blackcomb Peaks Accommodation,12 evaluaciones,5,"['4 huéspedes', '1 recámara', '2 camas', '1 baño', '\U000f0004\n743 evaluaciones']",https://www.airbnb.mx/rooms/22848021?location=Whistler&previous_page_section_name=1000
Whistler,"Small, bright room in the Village",Habitación privada en departamento,"$1,462",Alison And Cedric,133 evaluaciones,5,"['2 huéspedes', '1 recámara', '1 cama', '1 baño compartido', '\U000f0004\n135 evaluaciones', '\U000f0019\nVerificado']",https://www.airbnb.mx/rooms/6813096?location=Whistler&previous_page_section_name=1000
Whistler,Chic unit in Whistler Village Bear Lodge,Departamento entero,"$1,447",Leo,11 evaluaciones,5,"['4 huéspedes', '1 recámara', '2 camas', '1 baño', '\U000f0004\n973 evaluaciones', '\U000f0019\nVerificado']",https://www.airbnb.mx/rooms/34690995?location=Whistler&previous_page_section_name=1000
Whistler,"Prime Ski-in Ski-out Location! Pool, Hot tubs, BBQ, sleeps 4 (215)",Condominio completo,"$1,959",Blackcomb Peaks Accommodation,10 evaluaciones,4.5,"['4 huéspedes', '1 recámara', '2 camas', '1 baño', '\U000f0004\n743 evaluaciones']",https://www.airbnb.mx/rooms/21097948?location=Whistler&previous_page_section_name=1000
Whistler,The Nest-Great Studio WhistlerVillage-free parking,Departamento entero,"$2,032",Beau (That'S Our Rescue Boxer:),168 evaluaciones,5,"['4 huéspedes', 'estudio', '3 camas', '1 baño', '\U000f0004\n210 evaluaciones', '\U000f0019\nVerificado']",https://www.airbnb.mx/rooms/3226098?location=Whistler&previous_page_section_name=1000
Whistler,Village-1 Bedroom+2 Sofa beds,Departamento con servicios completo,"$1,097",Dave,83 evaluaciones,5,"['4 huéspedes', '1 recámara', '3 camas', '1 baño', '\U000f0004\n168 evaluaciones', '\U000f0019\nVerificado']",https://www.airbnb.mx/rooms/8915733?location=Whistler&previous_page_section_name=1000
Whistler,"Beautifully updated, open concept studio (2A)",Condominio completo,"$1,447",Helen,120 evaluaciones,5,"['4 huéspedes', 'estudio', '2 camas', '1 baño', '\U000f0004\n382 evaluaciones', '\U000f0019\nVerificado']",https://www.airbnb.mx/rooms/8049659?location=Whistler&previous_page_section_name=1000
Whistler,Beautiful Condo Steps From Creekside Gondola,Departamento entero,"$1,462",Whistler Life Properties,8 evaluaciones,5,"['6 huéspedes', '1 recámara', '3 camas', '1 baño', '\U000f0004\n18 evaluaciones']",https://www.airbnb.mx/rooms/35426822?location=Whistler&previous_page_section_name=1000
Whistler,BnB & eBike or Guided Mtn Adventure,Habitación privada en bed and breakfast,"$1,911",EBike Ash,115 evaluaciones,5,"['2 huéspedes', '2 recámaras', '3 camas', '2 baños', '\U000f0004\n180 evaluaciones', '\U000f1101\n1 Recomendación', '\U000f0019\nVerificado']",https://www.airbnb.mx/rooms/489996?location=Whistler&previous_page_section_name=1000
Whistler,"Beautiful Hotel Room Whistler - pool, hot tub, gym",Habitación en apartotel,"$1,155",El,49 evaluaciones,5,"['3 huéspedes', 'estudio', '2 camas', '1 baño', '\U000f0004\n89 evaluaciones', '\U000f0019\nVerificado']",https://www.airbnb.mx/rooms/27787079?location=Whistler&previous_page_section_name=1000
Whistler,Village North: Hot Tub+Pool+Free Parking!,Departamento entero,"$2,032",Clare And Mike,70 evaluaciones,5,"['4 huéspedes', '1 recámara', '2 camas', '1 baño', '\U000f0004\n562 evaluaciones', '\U000f0019\nVerificado']",https://www.airbnb.mx/rooms/24713214?location=Whistler&previous_page_section_name=1000
Whistler,Stunning Whistler Village Studio Sanctuary,Condominio completo,"$1,828",Anne,61 evaluaciones,5,"['4 huéspedes', 'estudio', '2 camas', '1 baño', '\U000f0004\n877 evaluaciones', '\U000f0019\nVerificado']",https://www.airbnb.mx/rooms/26556929?location=Whistler&previous_page_section_name=1000
Whistler,Village 1BR - Best Location & Newly Renovated!,Condominio completo,"$1,988",Whistler,77 evaluaciones,5,"['4 huéspedes', '1 recámara', '2 camas', '1 baño', '\U000f0004\n77 evaluaciones', '\U000f0019\nVerificado']",https://www.airbnb.mx/rooms/21788584?location=Whistler&previous_page_section_name=1000
Whistler,"Prime Ski-in Ski-out Location! Pool, Hot tubs, BBQ, sleeps 4 (110)",Condominio completo,"$32,751",Blackcomb Peaks Accommodation,9 evaluaciones,4.5,"['4 huéspedes', '1 recámara', '2 camas', '1 baño', '\U000f0004\n743 evaluaciones']",https://www.airbnb.mx/rooms/20846144?location=Whistler&previous_page_section_name=1000
Whistler,Miga Retreat | Studio 225 | Whistler BC,Condominio completo,"$1,367",Mike + Doris,173 evaluaciones,4.5,"['3 huéspedes', 'estudio', '2 camas', '1 baño', '\U000f0004\n735 evaluaciones', '\U000f1101\n4 Recomendaciones', '\U000f0019\nVerificado']",https://www.airbnb.mx/rooms/3960082?location=Whistler&previous_page_section_name=1000
Whistler,"Prime Ski-in Ski-out Location! Pool, Hot tubs, BBQ, sleeps 4 (110)",Condominio completo,"$32,751",Blackcomb Peaks Accommodation,9 evaluaciones,4.5,"['4 huéspedes', '1 recámara', '2 camas', '1 baño', '\U000f0004\n743 evaluaciones']",https://www.airbnb.mx/rooms/20846144?location=Whistler&previous_page_section_name=1000
Whistler,Elegant and Cozy 1 BR in Whistler Village,Condominio completo,"$1,608",Keith And Ilona,56 evaluaciones,5,"['4 huéspedes', '1 recámara', '2 camas', '1 baño', '\U000f0004\n56 evaluaciones', '\U000f0019\nVerificado']",https://www.airbnb.mx/rooms/26302895?location=Whistler&previous_page_section_name=1000
Whistler,Cozy Creekside one bedroom with free parking,Condominio completo,"$1,521",Alison,94 evaluaciones,5,"['4 huéspedes', '1 recámara', '2 camas', '1 baño', '\U000f0004\n954 evaluaciones', '\U000f0019\nVerificado']",https://www.airbnb.mx/rooms/21914065?location=Whistler&previous_page_section_name=1000
Whistler,"Prime Ski-in Ski-out Location! Pool, Hot tubs, BBQ, sleeps 8 (207)",Condominio completo,"$2,763",Blackcomb Peaks Accommodation,11 evaluaciones,5,"['8 huéspedes', '2 recámaras', '4 camas', '2 baños', '\U000f0004\n743 evaluaciones']",https://www.airbnb.mx/rooms/21097950?location=Whistler&previous_page_section_name=1000
Whistler,COZY Whistler Village Getaway - in BEST Location!,Departamento entero,"$1,345",Ronel & Mark,52 evaluaciones,5,"['4 huéspedes', 'estudio', '2 camas', '1 baño', '\U000f0004\n52 evaluaciones', '\U000f0019\nVerificado']",https://www.airbnb.mx/rooms/24559682?location=Whistler&previous_page_section_name=1000
Whistler,Bluebird Corner @ Whistler Creekside ~ Studio Apt.,Departamento entero,"$1,608",Evangeline,106 evaluaciones,5,"['3 huéspedes', 'estudio', '1 cama', '1 baño', '\U000f0004\n106 evaluaciones', '\U000f0019\nVerificado']",https://www.airbnb.mx/rooms/16228731?location=Whistler&previous_page_section_name=1000
Whistler,Ideally located 1BR suite with private BBQ balcony,Condominio completo,"$2,032",Marlene And Mike,6 evaluaciones,5,"['2 huéspedes', '1 recámara', '1 cama', '1 baño', '\U000f0004\n6 evaluaciones']",https://www.airbnb.mx/rooms/33860451?location=Whistler&previous_page_section_name=1000
Whistler,Cozy Creekside Retreat (close to gondola; 1 bdrm),Departamento entero,"$1,257",Brandy And Jean-Luc,68 evaluaciones,5,"['4 huéspedes', '1 recámara', '2 camas', '1 baño', '\U000f0004\n68 evaluaciones', '\U000f0019\nVerificado']",https://www.airbnb.mx/rooms/21218742?location=Whistler&previous_page_section_name=1000
Whistler,creekside location ski in ski out,Habitación privada en casa adosada,$921,Jeanette,141 evaluaciones,5,"['2 huéspedes', '1 recámara', '1 cama', '2 baños', '\U000f0004\n141 evaluaciones', '\U000f0019\nVerificado']",https://www.airbnb.mx/rooms/8906349?location=Whistler&previous_page_section_name=1000
Whistler,Convenient Village Location by Harmony,Casa adosada completa,"$1,623",Harmony,41 evaluaciones,5,"['4 huéspedes', '1 recámara', '2 camas', '1 baño', '\U000f0004\n1467 evaluaciones', '\U000f0019\nVerificado']",https://www.airbnb.mx/rooms/20189934?location=Whistler&previous_page_section_name=1000
Whistler,gorgeous studio condo in whistler village,Condominio completo,"$1,301",Terrence & Yvonne,45 evaluaciones,4.5,"['4 huéspedes', 'estudio', '3 camas', '1 baño', '\U000f0004\n356 evaluaciones', '\U000f0019\nVerificado']",https://www.airbnb.mx/rooms/28053251?location=Whistler&previous_page_section_name=1000
Whistler,"Stoney Creek Northstar 2 - Great location, pool & hot tub access, free wifi",Condominio completo,"$1,974",Whistler Superior,,,"['4 huéspedes', '1 recámara', '2 camas', '1 baño', '\U000f0004\n121 evaluaciones']",https://www.airbnb.mx/rooms/30015286?location=Whistler&previous_page_section_name=1000
Whistler,"Glacier's Reach, 2 bedroom, sleeps 6, quiet setting, just steps from the action",Casa adosada completa,"$2,266",Blackcomb Peaks Accommodation,1 evaluación,,"['6 huéspedes', '2 recámaras', '2 camas', '2 baños', '\U000f0004\n743 evaluaciones']",https://www.airbnb.mx/rooms/36149643?location=Whistler&previous_page_section_name=1000
Whistler,Stoney Creek Northstar 74 - One bedroom condo with pool and hot tub access,Condominio completo,"$1,974",Whistler Superior,2 evaluaciones,,"['4 huéspedes', '1 recámara', '2 camas', '1 baño', '\U000f0004\n121 evaluaciones']",https://www.airbnb.mx/rooms/30015316?location=Whistler&previous_page_section_name=1000
Whistler,Large Studio in Whistler Village,Condominio completo,"$1,331",Jennie,31 evaluaciones,5,"['2 huéspedes', 'estudio', '1 cama', '1 baño', '\U000f0004\n31 evaluaciones', '\U000f0019\nVerificado']",https://www.airbnb.mx/rooms/22021685?location=Whistler&previous_page_section_name=1000
Whistler,Market Pavilion 325 - Mountain views in a convenient central location,Condominio completo,"$2,135",Whistler Superior,10 evaluaciones,5,"['6 huéspedes', '1 recámara', '3 camas', '1 baño', '\U000f0004\n121 evaluaciones']",https://www.airbnb.mx/rooms/30015262?location=Whistler&previous_page_section_name=1000
Whistler,"Prime Mountain View! Walk-to-Ski, sleeps 6 (509)",Condominio completo,"$2,310",Blackcomb Peaks Accommodation,3 evaluaciones,3.5,"['6 huéspedes', '2 recámaras', '3 camas', '2 baños', '\U000f0004\n743 evaluaciones']",https://www.airbnb.mx/rooms/27466110?location=Whistler&previous_page_section_name=1000
Whistler,Top Floor Whistler Ski-in/Ski-out/Blackcomb Aspens,Condominio completo,"$1,740",Herman,97 evaluaciones,5,"['4 huéspedes', '1 recámara', '2 camas', '1 baño', '\U000f0004\n115 evaluaciones', '\U000f0019\nVerificado']",https://www.airbnb.mx/rooms/20407932?location=Whistler&previous_page_section_name=1000
Whistler,Modern and Cozy Condo by Gondola w/ Free Parking,Condominio completo,"$1,158",Jo,61 evaluaciones,4.5,"['2 huéspedes', 'estudio', '1 cama', '1 baño', '\U000f0004\n446 evaluaciones', '\U000f0019\nVerificado']",https://www.airbnb.mx/rooms/22971178?location=Whistler&previous_page_section_name=1000
Whistler,Luxury Blackcomb Retreat - Gondola~Pool~Hot tub,Condominio completo,"$1,681",Jennie,,,"['3 huéspedes', '1 recámara', '1 cama', '2 baños']",https://www.airbnb.mx/rooms/36880700?location=Whistler&previous_page_section_name=1000
Whistler,Lakefront Condo in Whistler,Condominio completo,"$1,608",Denise,60 evaluaciones,5,"['4 huéspedes', '1 recámara', '2 camas', '1 baño', '\U000f0004\n60 evaluaciones', '\U000f0019\nVerificado']",https://www.airbnb.mx/rooms/8173539?location=Whistler&previous_page_section_name=1000
Whistler,"Prime Ski-in Ski-out Location! Pool, Hot tubs, BBQ, sleeps 8 (112)",Condominio completo,"$2,456",Blackcomb Peaks Accommodation,11 evaluaciones,4.5,"['8 huéspedes', '2 recámaras', '4 camas', '2 baños', '\U000f0004\n743 evaluaciones']",https://www.airbnb.mx/rooms/23877257?location=Whistler&previous_page_section_name=1000
Whistler,Whistler first class ski in ski out,Departamento entero,"$3,655",Gertraut,73 evaluaciones,5,"['8 huéspedes', '2 recámaras', '5 camas', '2 baños', '\U000f0004\n88 evaluaciones', '\U000f0019\nVerificado']",https://www.airbnb.mx/rooms/3860531?location=Whistler&previous_page_section_name=1000
Whistler,Blueberry comfy 3BR/2BA Condo opening to outside,Condominio completo,"$3,070",Jim,47 evaluaciones,5,"['8 huéspedes', '3 recámaras', '5 camas', '2 baños', '\U000f0004\n47 evaluaciones', '\U000f0019\nVerificado']",https://www.airbnb.mx/rooms/4277978?location=Whistler&previous_page_section_name=1000
Whistler,Cozy 1 bedroom Creekside Condo,Condominio completo,"$1,462",Mark,63 evaluaciones,5,"['4 huéspedes', '1 recámara', '1 cama', '1 baño', '\U000f0004\n63 evaluaciones', '\U000f0019\nVerificado']",https://www.airbnb.mx/rooms/22367540?location=Whistler&previous_page_section_name=1000
Whistler,"Prime Ski-in Ski-out Location! Pool, Hot tubs, BBQ, sleeps 8 (319)",Condominio completo,"$2,822",Blackcomb Peaks Accommodation,10 evaluaciones,5,"['8 huéspedes', '2 recámaras', '4 camas', '2 baños', '\U000f0004\n743 evaluaciones']",https://www.airbnb.mx/rooms/21913496?location=Whistler&previous_page_section_name=1000
Whistler,Revamped One Bedroom Unit With Mountain Views!,Departamento entero,"$2,032",Whistler Reception,31 evaluaciones,5,"['4 huéspedes', '1 recámara', '2 camas', '1 baño', '\U000f0004\n345 evaluaciones', '\U000f0019\nVerificado']",https://www.airbnb.mx/rooms/18395194?location=Whistler&previous_page_section_name=1000
Whistler,SB0202 (4 Bedroom) Snowbird By ERM,Condominio completo,"$1,623",Elevate,29 evaluaciones,5,"['10 huéspedes', '4 recámaras', '8 camas', '2 baños', '\U000f0004\n445 evaluaciones']",https://www.airbnb.mx/rooms/22000003?location=Whistler&previous_page_section_name=1000
Whistler,Central 1BD with Hot Tub/Sauna/Pool,Departamento entero,"$1,257",Efosa,40 evaluaciones,5,"['4 huéspedes', '1 recámara', '2 camas', '1 baño', '\U000f0004\n120 evaluaciones', '\U000f0019\nVerificado']",https://www.airbnb.mx/rooms/18409526?location=Whistler&previous_page_section_name=1000
Whistler,M & M's Studio Getaway,Departamento entero,"$1,111",Melanie,20 evaluaciones,5,"['4 huéspedes', 'estudio', '2 camas', '1 baño', '\U000f0004\n20 evaluaciones']",https://www.airbnb.mx/rooms/32448738?location=Whistler&previous_page_section_name=1000
Whistler,The Marquise 220 - Updated suite just steps from the slopes,Condominio completo,"$1,667",Whistler Superior,,,"['4 huéspedes', '1 recámara', '2 camas', '1 baño', '\U000f0004\n121 evaluaciones']",https://www.airbnb.mx/rooms/30015269?location=Whistler&previous_page_section_name=1000
Whistler,Impeccable Glacier Lodge Hotel Room Pool+Hot tub,Departamento con servicios completo,"$1,447",James,38 evaluaciones,4.5,"['4 huéspedes', '1 recámara', '2 camas', '1 baño', '\U000f0004\n232 evaluaciones', '\U000f0019\nVerificado']",https://www.airbnb.mx/rooms/23378477?location=Whistler&previous_page_section_name=1000
Whistler,Prime Location 1 bedroom Condo,Condominio completo,"$1,301",Chris,31 evaluaciones,5,"['4 huéspedes', '1 recámara', '2 camas', '1 baño', '\U000f0004\n31 evaluaciones', '\U000f0019\nVerificado']",https://www.airbnb.mx/rooms/25872882?location=Whistler&previous_page_section_name=1000
Whistler,Blackcomb Beauty !,Departamento entero,"$2,339",Eliot,95 evaluaciones,5,"['4 huéspedes', '2 recámaras', '3 camas', '1 baño', '\U000f0004\n95 evaluaciones', '\U000f0019\nVerificado']",https://www.airbnb.mx/rooms/3372779?location=Whistler&previous_page_section_name=1000
Whistler,Whistler Village- Fantastic Views - Free Parking,Departamento con servicios completo,"$1,594",Alex,52 evaluaciones,5,"['5 huéspedes', '1 recámara', '3 camas', '1 baño', '\U000f0004\n775 evaluaciones', '\U000f0019\nVerificado']",https://www.airbnb.mx/rooms/25941696?location=Whistler&previous_page_section_name=1000
Whistler,"whistler apt. . Pool,BBQ, hot tub,near everthing",Departamento entero,"$2,179",Sarah,230 evaluaciones,4.5,"['4 huéspedes', '1 recámara', '2 camas', '1 baño', '\U000f0004\n230 evaluaciones', '\U000f0019\nVerificado']",https://www.airbnb.mx/rooms/964727?location=Whistler&previous_page_section_name=1000
Whistler,1.5BR Condo Heart of Whistler Village Facing Slope,Departamento entero,"$2,632",Juned,91 evaluaciones,4.5,"['6 huéspedes', '2 recámaras', '4 camas', '1 baño', '\U000f0004\n91 evaluaciones', '\U000f0019\nVerificado']",https://www.airbnb.mx/rooms/17671622?location=Whistler&previous_page_section_name=1000
Whistler,"Prime Ski-in Ski-out Location! Pool, Hot tubs, BBQ, AC, sleeps 4 (367)",Condominio completo,"$1,959",Blackcomb Peaks Accommodation,3 evaluaciones,5,"['4 huéspedes', '1 recámara', '2 camas', '1 baño', '\U000f0004\n743 evaluaciones']",https://www.airbnb.mx/rooms/21916278?location=Whistler&previous_page_section_name=1000
Whistler,Quiet yet steps to village & slopes,Condominio completo,"$2,515",Farnaz,79 evaluaciones,5,"['4 huéspedes', '1 recámara', '1 cama', '1 baño', '\U000f0004\n80 evaluaciones']",https://www.airbnb.mx/rooms/259993?location=Whistler&previous_page_section_name=1000
Whistler,"Prime Ski-in Ski-out Location! Pool, Hot tubs, BBQ, sleeps 4 (113)",Condominio completo,"$1,959",Blackcomb Peaks Accommodation,2 evaluaciones,,"['4 huéspedes', '1 recámara', '2 camas', '1 baño', '\U000f0004\n743 evaluaciones']",https://www.airbnb.mx/rooms/21047405?location=Whistler&previous_page_section_name=1000
Whistler,"Prime Ski-in Ski-out Location! Top Floor Unit, Pool, Hot tubs, BBQ (549)",Condominio completo,"$2,749",Blackcomb Peaks Accommodation,14 evaluaciones,5,"['8 huéspedes', '2 recámaras', '4 camas', '2 baños', '\U000f0004\n743 evaluaciones']",https://www.airbnb.mx/rooms/21899615?location=Whistler&previous_page_section_name=1000
Whistler,"Ski In-Ski Out, 2BR, Pool/HT",Condominio completo,"$2,910",Sandy,48 evaluaciones,5,"['6 huéspedes', '2 recámaras', '3 camas', '1 baño', '\U000f0004\n48 evaluaciones', '\U000f0019\nVerificado']",https://www.airbnb.mx/rooms/11301760?location=Whistler&previous_page_section_name=1000
Whistler,Market Pavilion Studio on Main St: Hot Tub+Parking,Departamento entero,"$1,886",Clare And Mike,57 evaluaciones,5,"['2 huéspedes', 'estudio', '1 cama', '1 baño', '\U000f0004\n562 evaluaciones', '\U000f0019\nVerificado']",https://www.airbnb.mx/rooms/24372543?location=Whistler&previous_page_section_name=1000
Whistler,PENTHOUSE Condo - Whistler Village!,Condominio completo,"$1,886",Matt,32 evaluaciones,5,"['4 huéspedes', '1 recámara', '1 cama', '1 baño', '\U000f0004\n117 evaluaciones', '\U000f0019\nVerificado']",https://www.airbnb.mx/rooms/5445617?location=Whistler&previous_page_section_name=1000
Whistler,Whistler Village 1 Bedroom + Hot Tub Access,Condominio completo,"$1,828",Sara,99 evaluaciones,5,"['6 huéspedes', '1 recámara', '1 cama', '1 baño', '\U000f0004\n199 evaluaciones', '\U000f0019\nVerificado']",https://www.airbnb.mx/rooms/19161726?location=Whistler&previous_page_section_name=1000
Whistler,Think Whistler - Quiet Village - Park Free! Xbox!,Departamento con servicios completo,"$2,325",Alex,117 evaluaciones,5,"['8 huéspedes', '2 recámaras', '4 camas', '2 baños', '\U000f0004\n775 evaluaciones', '\U000f0019\nVerificado']",https://www.airbnb.mx/rooms/18009804?location=Whistler&previous_page_section_name=1000
Whistler,Prime Whistler Village Location / Pool/ Hot Tub!,Condominio completo,"$1,418",Marek,36 evaluaciones,4.5,"['4 huéspedes', 'estudio', '2 camas', '1 baño', '\U000f0004\n36 evaluaciones']",https://www.airbnb.mx/rooms/22249549?location=Whistler&previous_page_section_name=1000
Whistler,Whistler Village Lagoon's Studio - Free parking!,Condominio completo,"$1,886",Clare And Mike,52 evaluaciones,5,"['2 huéspedes', 'estudio', '1 cama', '1 baño', '\U000f0004\n562 evaluaciones', '\U000f0019\nVerificado']",https://www.airbnb.mx/rooms/27090141?location=Whistler&previous_page_section_name=1000
Whistler,"Greystone, Renovated Ski in Ski out, sleeps 5, Free Wifi (217)",Condominio completo,"$2,164",Blackcomb Peaks Accommodation,13 evaluaciones,5,"['5 huéspedes', '1 recámara', '3 camas', '1 baño', '\U000f0004\n743 evaluaciones']",https://www.airbnb.mx/rooms/21895571?location=Whistler&previous_page_section_name=1000
Whistler,Heart Whistler Village-3bd/2.5bath,Casa adosada completa,"$2,297",Sherry,138 evaluaciones,5,"['6 huéspedes', '3 recámaras', '4 camas', '2 baños completos y uno de tocador', '\U000f0004\n138 evaluaciones', '\U000f0019\nVerificado']",https://www.airbnb.mx/rooms/9088173?location=Whistler&previous_page_section_name=1000
Whistler,"Prime Ski-in Ski-out Location! Top Floor Unit, Pool, Hot tubs, BBQ (439)",Condominio completo,"$2,456",Blackcomb Peaks Accommodation,7 evaluaciones,5,"['6 huéspedes', '2 recámaras', '4 camas', '2 baños', '\U000f0004\n743 evaluaciones']",https://www.airbnb.mx/rooms/21900609?location=Whistler&previous_page_section_name=1000
Whistler,"True Ski-in Ski-out, 1 BR Greystone Lodge Condo",Condominio completo,"$1,447",Lily,62 evaluaciones,5,"['4 huéspedes', '1 recámara', '2 camas', '1 baño', '\U000f0004\n223 evaluaciones', '\U000f0019\nVerificado']",https://www.airbnb.mx/rooms/21233731?location=Whistler&previous_page_section_name=1000
Whistler,Tyndall Stone Lodge one bed room condo,Condominio completo,"$1,594",Terrence & Yvonne,37 evaluaciones,5,"['4 huéspedes', '1 recámara', '2 camas', '1 baño', '\U000f0004\n356 evaluaciones', '\U000f0019\nVerificado']",https://www.airbnb.mx/rooms/28058250?location=Whistler&previous_page_section_name=1000
Whistler,Tranquil 2bdrm Getaway!,Condominio completo,"$2,763",Stephanie,157 evaluaciones,5,"['6 huéspedes', '2 recámaras', '3 camas', '2 baños', '\U000f0004\n404 evaluaciones', '\U000f0019\nVerificado']",https://www.airbnb.mx/rooms/14056635?location=Whistler&previous_page_section_name=1000
Whistler,John’s Mountain Escape Amazing View Walk To Lifts!,Condominio completo,"$1,740",Jonathan,48 evaluaciones,5,"['4 huéspedes', '1 recámara', '3 camas', '1 baño', '\U000f0004\n48 evaluaciones', '\U000f0019\nVerificado']",https://www.airbnb.mx/rooms/30189761?location=Whistler&previous_page_section_name=1000
Whistler,★Spacious Village Getaway★ Patio | Pool | Hot Tub,Condominio completo,"$1,828",Karlie,19 evaluaciones,5,"['4 huéspedes', '1 recámara', '2 camas', '1 baño', '\U000f0004\n19 evaluaciones', '\U000f0019\nVerificado']",https://www.airbnb.mx/rooms/34232409?location=Whistler&previous_page_section_name=1000
Whistler,Centre of Whistler Village with Free Parking!,Departamento entero,"$1,462",Hiromi,113 evaluaciones,5,"['3 huéspedes', '1 recámara', '2 camas', '1 baño', '\U000f0004\n176 evaluaciones', '\U000f0019\nVerificado']",https://www.airbnb.mx/rooms/13725486?location=Whistler&previous_page_section_name=1000
Whistler,"Prime Ski-in Ski-out Location! Pool, Hot tubs, sleeps 4 (353)",Condominio completo,"$1,959",Blackcomb Peaks Accommodation,3 evaluaciones,4.5,"['4 huéspedes', '1 recámara', '2 camas', '1 baño', '\U000f0004\n743 evaluaciones']",https://www.airbnb.mx/rooms/21915934?location=Whistler&previous_page_section_name=1000
Whistler,Tyndall Stone Lodge #311,Condominio completo,"$2,588",Whistler Superior,7 evaluaciones,5,"['6 huéspedes', '1 recámara', '3 camas', '1 baño', '\U000f0004\n121 evaluaciones']",https://www.airbnb.mx/rooms/30015396?location=Whistler&previous_page_section_name=1000
Whistler,The Cache - Boutique Mountain Enclave at Creekside,Departamento entero,"$1,447",Jessica,95 evaluaciones,5,"['2 huéspedes', 'estudio', '1 cama', '1 baño', '\U000f0004\n517 evaluaciones', '\U000f0019\nVerificado']",https://www.airbnb.mx/rooms/22618312?location=Whistler&previous_page_section_name=1000
Whistler,2 BR/2 BA Townhouse with Own Hot Tub,Casa adosada completa,"$2,456",John,46 evaluaciones,5,"['6 huéspedes', '2 recámaras', '2 camas', '2 baños', '\U000f0004\n47 evaluaciones', '\U000f0019\nVerificado']",https://www.airbnb.mx/rooms/12069101?location=Whistler&previous_page_section_name=1000
Whistler,"Prime Ski-in Ski-out Location! Pool, Hot tubs, BBQ, sleeps 4 (314)",Condominio completo,"$1,959",Blackcomb Peaks Accommodation,6 evaluaciones,5,"['4 huéspedes', '1 recámara', '2 camas', '1 baño', '\U000f0004\n743 evaluaciones']",https://www.airbnb.mx/rooms/21913231?location=Whistler&previous_page_section_name=1000
Whistler,*Perfect Location* Glacier Reach w/private hot tub,Condominio completo,"$1,871",Judy,31 evaluaciones,5,"['8 huéspedes', '2 recámaras', '4 camas', '2 baños', '\U000f0004\n31 evaluaciones', '\U000f0019\nVerificado']",https://www.airbnb.mx/rooms/30109906?location=Whistler&previous_page_section_name=1000
Whistler,"Stoney Creek Northstar 32 - Renovated, ground floor condo in Whistler Village",Condominio completo,"$1,974",Whistler Superior,3 evaluaciones,5,"['4 huéspedes', '1 recámara', '2 camas', '1 baño', '\U000f0004\n121 evaluaciones']",https://www.airbnb.mx/rooms/30420434?location=Whistler&previous_page_section_name=1000
Whistler,Cozy Creekside Condo: Steps to Gondola & Lakes!,Departamento entero,"$1,331",Kerry,96 evaluaciones,5,"['4 huéspedes', '1 recámara', '2 camas', '1 baño', '\U000f0004\n202 evaluaciones']",https://www.airbnb.mx/rooms/20507030?location=Whistler&previous_page_section_name=1000
Whistler,"Prime Ski-in Ski-out Location! Top Floor Unit, Pool, Hot tubs, BBQ (563)",Condominio completo,"$2,544",Blackcomb Peaks Accommodation,6 evaluaciones,5,"['6 huéspedes', '2 recámaras', '3 camas', '2 baños', '\U000f0004\n743 evaluaciones']",https://www.airbnb.mx/rooms/21899380?location=Whistler&previous_page_section_name=1000
Whistler,1BR w/ Private Rooftop Deck in Whistler Village,Casa adosada completa,"$1,316",Dany,45 evaluaciones,4.5,"['4 huéspedes', '1 recámara', '1 cama', '1 baño', '\U000f0004\n197 evaluaciones']",https://www.airbnb.mx/rooms/28661489?location=Whistler&previous_page_section_name=1000
Whistler,Simon & Marcella's Deluxe Mountain Serenity Suite,Departamento entero,"$1,696",Marcella And Simon,88 evaluaciones,5,"['4 huéspedes', 'estudio', '1 cama', '1 baño', '\U000f0004\n88 evaluaciones', '\U000f0019\nVerificado']",https://www.airbnb.mx/rooms/15630386?location=Whistler&previous_page_section_name=1000
Whistler,Didi's MAIN ST studio with shared HOT TUB,Condominio completo,"$1,740",Didi,66 evaluaciones,5,"['4 huéspedes', 'estudio', '2 camas', '1 baño', '\U000f0004\n113 evaluaciones', '\U000f0019\nVerificado']",https://www.airbnb.mx/rooms/26303976?location=Whistler&previous_page_section_name=1000
Whistler,Updated 2 bedroom Getaway w hot tub- near village!,Departamento entero,"$2,910",Stephanie,148 evaluaciones,5,"['6 huéspedes', '2 recámaras', '3 camas', '2 baños', '\U000f0004\n404 evaluaciones', '\U000f0019\nVerificado']",https://www.airbnb.mx/rooms/16068259?location=Whistler&previous_page_section_name=1000
Whistler,Prime Village Location Ski In Ski Out by Harmony Whistler,Condominio completo,"$1,608",Harmony,58 evaluaciones,5,"['4 huéspedes', '1 recámara', '2 camas', '1 baño', '\U000f0004\n1467 evaluaciones', '\U000f0019\nVerificado']",https://www.airbnb.mx/rooms/9918741?location=Whistler&previous_page_section_name=1000
Whistler,SKI IN SKI OUT..BLISS! ONE BEDROOM SUITE,Condominio completo,"$1,243",Janice,88 evaluaciones,5,"['4 huéspedes', '1 recámara', '2 camas', '1 baño', '\U000f0004\n101 evaluaciones', '\U000f0019\nVerificado']",https://www.airbnb.mx/rooms/9494370?location=Whistler&previous_page_section_name=1000
Whistler,Prime Village Location Ski In Ski Out by Harmony Whistler,Condominio completo,"$1,608",Harmony,58 evaluaciones,5,"['4 huéspedes', '1 recámara', '2 camas', '1 baño', '\U000f0004\n1467 evaluaciones', '\U000f0019\nVerificado']",https://www.airbnb.mx/rooms/9918741?location=Whistler&previous_page_section_name=1000
Whistler,Brand new renovated 1bd unit at the Marquise.,Departamento entero,"$1,023",Laila,33 evaluaciones,5,"['4 huéspedes', '1 recámara', '1 cama', '1 baño', '\U000f0004\n33 evaluaciones', '\U000f0019\nVerificado']",https://www.airbnb.mx/rooms/30065254?location=Whistler&previous_page_section_name=1000
Whistler,"Prime Ski-in Ski-out Location! Top Floor Unit, Pool, Hot tubs, BBQ (543)",Condominio completo,"$1,959",Blackcomb Peaks Accommodation,6 evaluaciones,4.5,"['4 huéspedes', '1 recámara', '2 camas', '1 baño', '\U000f0004\n743 evaluaciones']",https://www.airbnb.mx/rooms/21900396?location=Whistler&previous_page_section_name=1000
Whistler,"Prime Ski-in Ski-out Location! Pool, Hot tubs, BBQ, sleeps 4 (217)",Condominio completo,"$1,959",Blackcomb Peaks Accommodation,5 evaluaciones,5,"['4 huéspedes', '1 recámara', '2 camas', '1 baño', '\U000f0004\n743 evaluaciones']",https://www.airbnb.mx/rooms/21097951?location=Whistler&previous_page_section_name=1000
Whistler,Cozy Creekside Getaway,Departamento entero,"$1,301",Alexandre,69 evaluaciones,4.5,"['4 huéspedes', '1 recámara', '2 camas', '1 baño', '\U000f0004\n69 evaluaciones', '\U000f0019\nVerificado']",https://www.airbnb.mx/rooms/10042617?location=Whistler&previous_page_section_name=1000
Whistler,The Gables 19 - Newly renovated in perfect village location,Condominio completo,"$2,135",Whistler Superior,2 evaluaciones,,"['4 huéspedes', '1 recámara', '2 camas', '1 baño', '\U000f0004\n121 evaluaciones']",https://www.airbnb.mx/rooms/30015232?location=Whistler&previous_page_section_name=1000
Whistler,Comfy & Cozy Studio with Free Parking,Condominio completo,"$1,023",Marina,27 evaluaciones,5,"['2 huéspedes', 'estudio', '2 camas', '1 baño', '\U000f0004\n27 evaluaciones', '\U000f0019\nVerificado']",https://www.airbnb.mx/rooms/29922329?location=Whistler&previous_page_section_name=1000
Whistler,Ski in/Ski out - sleeps 8 - 3 bedrooms - renovated,Condominio completo,"$1,351",Galib,23 evaluaciones,4.5,"['8 huéspedes', '3 recámaras', '4 camas', '2 baños', '\U000f0004\n498 evaluaciones', '\U000f1101\n2 Recomendaciones', '\U000f0019\nVerificado']",https://www.airbnb.mx/rooms/19461737?location=Whistler&previous_page_section_name=1000
Whistler,"Prime Ski-in Ski-out Location! Top Floor Unit, Pool, Hot tubs, BBQ (438)",Condominio completo,"$1,959",Blackcomb Peaks Accommodation,5 evaluaciones,5,"['4 huéspedes', '1 recámara', '2 camas', '1 baño', '\U000f0004\n743 evaluaciones']",https://www.airbnb.mx/rooms/21900831?location=Whistler&previous_page_section_name=1000
Whistler,Homelike 1 bedroom + den Whistler condo,Departamento entero,"$2,486",Katerina,164 evaluaciones,5,"['6 huéspedes', '2 recámaras', '3 camas', '1 baño', '\U000f0004\n167 evaluaciones', '\U000f0019\nVerificado']",https://www.airbnb.mx/rooms/15011018?location=Whistler&previous_page_section_name=1000
Whistler,"Whistler Modern, Ski In/Out, Hot Tub & Heated Pool",Condominio completo,"$1,447",Perrin,,,"['4 huéspedes', '1 recámara', '2 camas', '1 baño']",https://www.airbnb.mx/rooms/36754256?location=Whistler&previous_page_section_name=1000
Whistler,Cedar Hollow 6 - Quiet mountainside location with free parking,Condominio completo,"$1,828",Whistler Superior,,,"['4 huéspedes', '1 recámara', '2 camas', '1 baño', '\U000f0004\n121 evaluaciones']",https://www.airbnb.mx/rooms/30015219?location=Whistler&previous_page_section_name=1000
Whistler,One-Bedroom Condo at Beautiful Cascade Lodge,Departamento con servicios completo,"$1,255",Fred,15 evaluaciones,5,"['4 huéspedes', '1 recámara', '2 camas', '1 baño', '\U000f0004\n2706 evaluaciones', '\U000f0019\nVerificado']",https://www.airbnb.mx/rooms/17396773?location=Whistler&previous_page_section_name=1000
Whistler,Newly updated bright 3rd floor suite w/ views (B),Condominio completo,"$1,462",Helen,92 evaluaciones,5,"['2 huéspedes', 'estudio', '1 cama', '1 baño', '\U000f0004\n382 evaluaciones', '\U000f0019\nVerificado']",https://www.airbnb.mx/rooms/16221086?location=Whistler&previous_page_section_name=1000
Whistler,"Stoney Creek Lagoons 5 - Conveniently located, free parking & wifi",Condominio completo,"$1,828",Whistler Superior,1 evaluación,,"['4 huéspedes', '1 recámara', '2 camas', '1 baño', '\U000f0004\n121 evaluaciones']",https://www.airbnb.mx/rooms/30015282?location=Whistler&previous_page_section_name=1000
Whistler,"Village Townhouse, Quiet 1 bedroom",Casa adosada completa,"$1,828",Sara,97 evaluaciones,5,"['4 huéspedes', '1 recámara', '2 camas', '1 baño', '\U000f0004\n199 evaluaciones', '\U000f0019\nVerificado']",https://www.airbnb.mx/rooms/19451316?location=Whistler&previous_page_section_name=1000
Whistler,Family Friendly w/ Pool & Hot Tub Walk to Village,Departamento entero,"$2,325",Leo,194 evaluaciones,4.5,"['6 huéspedes', '2 recámaras', '3 camas', '2 baños', '\U000f0004\n973 evaluaciones', '\U000f0019\nVerificado']",https://www.airbnb.mx/rooms/3177692?location=Whistler&previous_page_section_name=1000
Whistler,STUNNING NEW RENO. 2BR: Steps to ski lifts.,Departamento entero,"$1,608",Vinnie,62 evaluaciones,5,"['6 huéspedes', '2 recámaras', '2 camas', '2 baños', '\U000f0004\n62 evaluaciones', '\U000f0019\nVerificado']",https://www.airbnb.mx/rooms/29163635?location=Whistler&previous_page_section_name=1000
Whistler,"Prime Ski-in Ski-out Location! Pool, Hot tubs, BBQ, sleeps 6 (252)",Condominio completo,"$2,734",Blackcomb Peaks Accommodation,11 evaluaciones,5,"['6 huéspedes', '2 recámaras', '4 camas', '2 baños', '\U000f0004\n743 evaluaciones']",https://www.airbnb.mx/rooms/21911566?location=Whistler&previous_page_section_name=1000
Whistler,"Prime Ski-in Ski-out Location! Pool, Hot tubs, BBQ, sleeps 4 (328)",Condominio completo,"$1,959",Blackcomb Peaks Accommodation,4 evaluaciones,5,"['4 huéspedes', '1 recámara', '2 camas', '1 baño', '\U000f0004\n743 evaluaciones']",https://www.airbnb.mx/rooms/21913558?location=Whistler&previous_page_section_name=1000
Whistler,"5 Minute Walk to Creekside Gondola, Shops & Trails",Loft entero,"$2,778",Richard,28 evaluaciones,5,"['6 huéspedes', '3 recámaras', '7 camas', '2 baños', '\U000f0004\n28 evaluaciones', '\U000f0019\nVerificado']",https://www.airbnb.mx/rooms/23529398?location=Whistler&previous_page_section_name=1000
Whistler,"Prime Ski-in Ski-out Location! Pool, Hot tubs, sleeps 8 (349)",Condominio completo,"$2,822",Blackcomb Peaks Accommodation,7 evaluaciones,4.5,"['8 huéspedes', '2 recámaras', '4 camas', '2 baños', '\U000f0004\n743 evaluaciones']",https://www.airbnb.mx/rooms/21913664?location=Whistler&previous_page_section_name=1000
Whistler,Alpenglow cute studio condo in Whistler Village,Condominio completo,"$1,447",Terrence & Yvonne,22 evaluaciones,4.5,"['4 huéspedes', 'estudio', '1 cama', '1 baño', '\U000f0004\n356 evaluaciones', '\U000f0019\nVerificado']",https://www.airbnb.mx/rooms/30298465?location=Whistler&previous_page_section_name=1000
Whistler,Sumi Sanctuary | Hotel Room 114 | Whistler BC,Condominio completo,"$1,429",Mike + Doris,94 evaluaciones,4.5,"['3 huéspedes', 'estudio', '2 camas', '1 baño', '\U000f0004\n735 evaluaciones', '\U000f1101\n4 Recomendaciones', '\U000f0019\nVerificado']",https://www.airbnb.mx/rooms/18667882?location=Whistler&previous_page_section_name=1000
Whistler,Romantic Getaway w/ Pool - Walk to Lifts & Village,Habitación privada en condominio,"$1,155",Leo,65 evaluaciones,4.5,"['2 huéspedes', '1 recámara', '1 cama', '1 baño privado', '\U000f0004\n973 evaluaciones', '\U000f0019\nVerificado']",https://www.airbnb.mx/rooms/24525273?location=Whistler&previous_page_section_name=1000
Whistler,"Prime Ski-in Ski-out Location! Pool, Hot tubs, BBQ, sleeps 4 (222)",Condominio completo,"$2,003",Blackcomb Peaks Accommodation,4 evaluaciones,5,"['4 huéspedes', '1 recámara', '2 camas', '1 baño', '\U000f0004\n743 evaluaciones']",https://www.airbnb.mx/rooms/21829202?location=Whistler&previous_page_section_name=1000
Whistler,Glacier Lodge 247 - Deluxe Ski in Ski out condo with pool and hot tub,Condominio completo,"$1,974",Whistler Superior,4 evaluaciones,5,"['4 huéspedes', '1 recámara', '2 camas', '1 baño', '\U000f0004\n121 evaluaciones']",https://www.airbnb.mx/rooms/30015237?location=Whistler&previous_page_section_name=1000
Whistler,"Prime Ski-in Ski-out Location! Pool, Hot tubs, sleeps 4 (302)",Condominio completo,"$2,135",Blackcomb Peaks Accommodation,7 evaluaciones,4.5,"['4 huéspedes', '1 recámara', '2 camas', '1 baño', '\U000f0004\n743 evaluaciones']",https://www.airbnb.mx/rooms/21912987?location=Whistler&previous_page_section_name=1000
Whistler,"Modern Mountain Getaway, Whistler- PRIME LOCATION",Casa adosada completa,"$2,529",Jessica,129 evaluaciones,4.5,"['2 huéspedes', '1 recámara', '1 cama', '1 baño', '\U000f0004\n129 evaluaciones', '\U000f0019\nVerificado']",https://www.airbnb.mx/rooms/4671070?location=Whistler&previous_page_section_name=1000
Whistler,Large 1 bed room in Whistler Village North,Condominio completo,"$1,389",Terrence & Yvonne,23 evaluaciones,4.5,"['4 huéspedes', '1 recámara', '1 cama', '1 baño completo y uno de tocador', '\U000f0004\n356 evaluaciones', '\U000f0019\nVerificado']",https://www.airbnb.mx/rooms/30298849?location=Whistler&previous_page_section_name=1000
Whistler,Private Hot tub & FREE parking in Whistler Village,Departamento entero,"$3,217",Marek,54 evaluaciones,5,"['5 huéspedes', '1 recámara', '3 camas', '1 baño', '\U000f0004\n247 evaluaciones', '\U000f0019\nVerificado']",https://www.airbnb.mx/rooms/29856617?location=Whistler&previous_page_section_name=1000
Whistler,Luxury 1BD In The Heart of Everything!,Condominio completo,"$2,632",Sandy,3 evaluaciones,4.5,"['4 huéspedes', '1 recámara', '2 camas', '1 baño', '\U000f0004\n14 evaluaciones', '\U000f0019\nVerificado']",https://www.airbnb.mx/rooms/35494690?location=Whistler&previous_page_section_name=1000
Whistler,Newly Renovated Stylish One Bedroom Condo,Condominio completo,"$1,828",Deborah,14 evaluaciones,5,"['3 huéspedes', '1 recámara', '2 camas', '1 baño', '\U000f0004\n14 evaluaciones']",https://www.airbnb.mx/rooms/35841758?location=Whistler&previous_page_section_name=1000
Whistler,Creekside studio - walk to gondola,Condominio completo,"$1,023",Georgia,14 evaluaciones,5,"['4 huéspedes', 'estudio', '3 camas', '1 baño', '\U000f0004\n14 evaluaciones', '\U000f0019\nVerificado']",https://www.airbnb.mx/rooms/31600755?location=Whistler&previous_page_section_name=1000
Whistler,"Bear Lodge 207 - Village stroll location, walking distance to lifts",Condominio completo,"$1,828",Whistler Superior,5 evaluaciones,4.5,"['4 huéspedes', '1 recámara', '2 camas', '1 baño', '\U000f0004\n121 evaluaciones']",https://www.airbnb.mx/rooms/30015218?location=Whistler&previous_page_section_name=1000
